,#,Name,Team,G,AB,PA,H,1B,2B,3B,HR,R,RBI,BB,IBB,SO,HBP,SF,SH,GDP,SB,CS,AVG,Year
0,"
				
					
				
					12
				
					
				
					Page size:
						select1020501000
					
				
					  1363 items in 2 pages
				
			",,,,,,,,,,,,,,,,,,,,,,,2023
1,"
				
					
				
					12
				
					
				
					Page size:
						select1020501000
					
				
					  1363 items in 2 pages
				
			",,,,,,,,,,,,,,,,,,,,,,,2023
2,1,Charlie Culberson,ATL,1,1,1,1,1,0,0,0,0,0,0,0,0,0,0,0,0,0,0,1.000,2023
3,2,Zack Collins,CLE,1,1,3,1,1,0,0,0,0,0,2,0,0,0,0,0,0,0,0,1.000,2023
4,3,Michael Perez,NYM,2,7,7,4,3,1,0,0,1,0,0,0,1,0,0,0,0,0,0,.571,2023
5,4,Ernie Clement,TOR,13,8,10,4,3,1,0,0,3,2,1,0,1,0,1,0,0,1,0,.500,2023
6,5,Abraham Toro,MIL,9,18,21,8,6,0,0,2,4,9,2,0,5,1,0,0,0,0,0,.444,2023
7,6,Cole Tucker,COL,3,7,8,3,3,0,0,0,2,2,1,0,2,0,0,0,0,0,0,.429,2023
8,7,Jeter Downs,WSN,6,5,9,2,2,0,0,0,4,1,4,0,1,0,0,0,0,2,0,.400,2023
9,8,Xavier Edwards,MIA,9,21,22,8,7,1,0,0,4,2,0,0,4,0,0,1,1,1,0,.381,2023
10,9,Davis Schneider,TOR,9,30,36,11,7,1,0,3,5,6,5,0,13,1,0,0,1,0,0,.367,2023
11,10,Luis Arraez,MIA,119,465,505,166,131,27,3,5,52,58,32,8,29,4,3,1,15,1,2,.357,2023
12,11,Ivan Herrera,STL,8,23,26,8,7,1,0,0,3,2,2,0,9,1,0,0,0,0,0,.348,2023
13,12,Corey Seager,TEX,80,320,362,110,55,33,0,22,62,73,37,4,62,1,4,0,5,1,1,.344,2023
14,13,Drew Maggi,PIT,3,6,6,2,1,1,0,0,1,1,0,0,1,0,0,0,0,0,0,.333,2023
15,14,Ronald Acuna Jr.,ATL,122,489,564,163,104,29,2,28,111,74,66,2,70,7,2,0,11,55,10,.333,2023
16,15,Weston Wilson,PHI,4,6,11,2,1,0,0,1,3,1,5,0,1,0,0,0,0,1,1,.333,2023
17,16,J.P. Martinez,TEX,8,24,28,8,7,1,0,0,5,3,2,0,7,0,2,0,0,0,0,.333,2023
18,17,Freddie Freeman,LAD,123,487,560,162,92,45,2,23,102,83,57,9,94,11,5,0,8,16,1,.333,2023
19,18,Royce Lewis,MIN,30,110,117,36,28,4,0,4,13,17,5,0,33,2,0,0,1,2,0,.327,2023
20,19,Cristian Pache,PHI,32,49,53,16,7,7,0,2,8,8,3,0,12,0,0,1,1,1,0,.327,2023
21,20,Cody Bellinger,CHC,91,344,384,112,71,20,1,20,71,63,29,2,59,3,8,0,3,17,3,.326,2023
22,21,Jose Altuve,HOU,53,203,238,66,43,13,1,9,44,29,32,0,39,2,1,0,4,12,2,.325,2023
23,22,Yandy Diaz,TBR,107,416,473,135,93,26,0,16,75,60,49,0,78,6,2,0,12,0,1,.325,2023
24,23,Pablo Reyes,BOS,44,118,128,38,28,8,0,2,20,16,8,0,15,0,1,1,2,3,2,.322,2023
25,24,Bo Bichette,TOR,107,454,476,145,102,25,1,17,50,60,20,0,87,2,0,0,12,3,3,.319,2023
26,25,Riley Adams,WSN,32,114,126,36,18,12,2,4,8,19,10,0,32,1,0,1,5,0,0,.316,2023
27,26,Kole Calhoun,CLE,12,45,50,14,11,2,0,1,6,6,4,0,9,1,0,0,0,0,1,.311,2023
28,27,Harold Ramirez,TBR,93,307,334,95,71,13,2,9,44,48,19,0,59,4,4,0,5,4,3,.309,2023
29,28,Luis Campusano,SDP,26,85,90,26,18,4,0,4,13,13,3,0,12,1,1,0,4,0,0,.306,2023
30,29,Shohei Ohtani,LAA,123,458,546,140,69,21,7,43,95,89,77,16,133,3,3,0,8,17,5,.306,2023
31,30,Josh Naylor,CLE,96,360,390,110,70,25,0,15,41,79,24,7,57,1,5,0,7,6,2,.306,2023
32,31,Riley Greene,DET,87,336,369,102,69,18,4,11,49,33,31,0,102,1,1,0,5,6,0,.304,2023
33,32,Zack Gelof,OAK,30,116,129,35,15,11,1,8,21,16,11,1,34,2,0,0,2,7,1,.302,2023
34,33,Dominic Fletcher,ARI,28,93,102,28,20,5,1,2,10,14,7,1,22,0,0,2,0,0,2,.301,2023
35,34,Masataka Yoshida,BOS,108,419,458,126,84,26,3,13,60,60,30,0,56,7,2,0,15,8,0,.301,2023
36,35,Johan Camargo,SFG,5,10,11,3,3,0,0,0,0,1,1,0,2,0,0,0,1,0,0,.300,2023
37,36,Ryan O'Hearn,BAL,77,230,248,69,42,16,1,10,31,40,13,1,57,2,3,0,1,4,1,.300,2023
38,37,Whit Merrifield,TOR,115,434,469,130,98,21,0,11,57,57,28,0,80,3,4,0,10,23,8,.300,2023
39,38,Gio Urshela,LAA,62,214,228,64,53,8,1,2,22,24,10,0,36,1,3,0,9,3,2,.299,2023
40,39,Victor Robles,WSN,36,107,126,32,26,5,1,0,15,8,11,0,18,4,0,4,3,8,1,.299,2023
41,40,Wilmer Flores,SFG,91,288,318,86,51,19,0,16,39,41,24,1,46,3,3,0,7,0,0,.299,2023
42,41,Matt McLain,CIN,81,332,366,99,59,23,4,13,57,44,27,0,102,7,0,0,4,11,5,.298,2023
43,42,Freddy Fermin,KCR,57,178,191,53,34,9,1,9,22,29,10,0,38,0,2,1,6,0,0,.298,2023
44,43,Mookie Betts,LAD,117,457,538,136,69,32,1,34,101,86,70,3,86,6,5,0,5,8,3,.298,2023
45,44,Kyle Tucker,HOU,120,441,513,131,78,29,0,24,69,92,59,6,67,2,7,0,10,24,3,.297,2023
46,45,Bryson Stott,PHI,115,450,492,133,94,25,2,12,61,50,31,1,75,4,7,0,10,23,2,.296,2023
47,46,Jarren Duran,BOS,101,329,358,97,53,34,2,8,46,40,23,1,89,3,2,0,3,23,2,.295,2023
48,47,Bryce Harper,PHI,89,333,388,98,66,23,0,9,56,40,49,4,91,3,3,0,8,7,2,.294,2023
49,48,Oscar Mercado,STL,20,31,32,9,6,3,0,0,3,5,1,0,4,0,0,0,0,2,1,.290,2023
50,49,Tom Murphy,SEA,47,145,159,42,22,12,0,8,19,17,10,0,44,1,2,0,4,0,0,.290,2023
51,50,Edouard Julien,MIN,73,228,268,66,44,11,1,10,38,20,35,0,78,2,2,1,4,3,0,.289,2023
52,51,Dane Myers,MIA,16,59,61,17,14,2,0,1,7,9,1,0,16,0,1,0,1,0,1,.288,2023
53,52,Michael Harris II,ATL,100,348,379,100,67,19,3,11,53,37,24,1,71,3,3,1,7,17,2,.287,2023
54,53,Lane Thomas,WSN,123,488,530,140,88,30,2,20,84,69,30,0,138,7,5,0,4,15,3,.287,2023
55,54,Mitch Garver,TEX,51,171,195,49,30,10,0,9,24,32,23,0,53,0,0,0,3,0,0,.287,2023
56,55,Travis Jankowski,TEX,80,206,242,59,45,12,1,1,33,27,31,0,33,2,2,1,3,16,1,.286,2023
57,56,Justin Turner,BOS,111,426,478,122,78,25,0,19,71,75,40,0,79,7,5,0,10,4,0,.286,2023
58,57,Christian Yelich,MIL,120,462,526,132,87,28,1,16,86,66,61,6,106,3,0,0,11,25,2,.286,2023
59,58,Osleivis Basabe,TBR,7,28,31,8,5,3,0,0,6,4,3,0,9,0,0,0,0,0,0,.286,2023
60,59,Johan Rojas,PHI,27,77,86,22,16,5,0,1,11,14,4,0,23,2,0,3,0,6,1,.286,2023
61,60,Brendan Donovan,STL,95,327,371,93,71,10,1,11,48,34,33,2,53,9,1,1,4,5,1,.284,2023
62,61,Ezequiel Duran,TEX,99,338,366,96,61,19,2,14,48,44,19,1,101,6,2,1,6,7,4,.284,2023
63,62,Maikel Garcia,KCR,89,335,370,95,73,16,2,4,43,40,25,0,78,1,8,1,8,18,4,.284,2023
64,63,Jon Berti,MIA,102,314,337,89,70,14,2,3,44,25,17,2,62,1,3,2,10,13,4,.283,2023
65,64,Nico Hoerner,CHC,113,473,520,134,99,22,4,9,72,60,36,0,70,9,2,0,9,32,5,.283,2023
66,65,Nolan Jones,COL,67,226,256,64,38,14,0,12,32,36,28,1,85,1,1,0,1,8,1,.283,2023
67,66,Alec Bohm,PHI,109,417,455,118,85,21,0,12,55,76,31,0,73,3,4,0,17,4,1,.283,2023
68,67,Lars Nootbaar,STL,90,329,388,93,62,18,1,12,60,39,54,2,76,1,3,1,5,8,1,.283,2023
69,68,Nolan Arenado,STL,118,460,502,130,80,22,2,26,58,85,32,4,87,3,7,0,18,2,3,.283,2023
70,69,Jose Ramirez,CLE,118,460,520,130,78,30,4,18,70,66,53,15,52,1,6,0,8,18,4,.283,2023
71,70,Kerry Carpenter,DET,80,270,297,76,47,11,1,17,38,46,22,1,66,4,1,0,3,0,0,.281,2023
72,71,Joey Meneses,WSN,116,469,504,132,91,29,1,11,57,69,32,0,96,1,2,0,13,0,0,.281,2023
73,72,Donovan Solano,MIN,105,288,332,81,55,22,0,4,30,26,34,1,74,9,1,0,6,0,0,.281,2023
74,73,Brandon Marsh,PHI,101,313,361,88,54,20,6,8,41,43,41,2,109,3,3,1,4,6,2,.281,2023
75,74,Bobby Witt Jr.,KCR,122,498,534,140,85,24,7,24,70,79,27,0,100,4,4,1,7,36,9,.281,2023
76,75,Chas McCormick,HOU,81,278,320,78,46,13,2,17,44,50,32,0,88,8,1,1,2,13,2,.281,2023
77,76,Wander Franco,TBR,112,442,491,124,78,23,6,17,65,58,42,3,69,3,4,0,18,30,10,.281,2023
78,77,Austin Hays,BAL,109,403,434,113,70,29,2,12,57,48,26,1,104,1,4,0,9,3,1,.280,2023
79,78,Aaron Judge,NYY,69,239,297,67,32,11,0,24,52,48,55,4,80,0,3,0,4,3,1,.280,2023
80,79,Yainer Diaz,HOU,78,264,279,74,40,17,0,17,34,42,6,0,52,3,6,0,10,0,0,.280,2023
81,80,Ryan Jeffers,MIN,71,200,237,56,35,11,1,9,30,25,25,0,68,8,0,4,6,3,1,.280,2023
82,81,Austin Riley,ATL,122,487,543,136,82,24,1,29,89,77,43,3,129,5,8,0,15,2,0,.279,2023
83,82,Josh Lowe,TBR,102,351,377,98,57,23,2,16,52,66,23,1,97,1,2,0,3,24,2,.279,2023
84,83,Stone Garrett,WSN,86,226,261,63,37,17,0,9,40,40,25,0,78,3,5,0,6,3,1,.279,2023
85,84,Julio Rodriguez,SEA,120,510,555,142,91,29,1,21,75,79,38,3,139,7,0,0,12,33,9,.278,2023
86,85,Orlando Arcia,ATL,101,356,387,99,69,17,0,13,50,45,28,0,72,2,1,0,13,1,0,.278,2023
87,86,Ha-seong Kim,SDP,120,410,477,114,80,18,0,16,69,45,58,0,94,3,3,3,5,27,7,.278,2023
88,87,Matt Beaty,- - -,18,36,40,10,7,3,0,0,4,4,3,0,6,1,0,0,1,0,0,.278,2023
89,88,Jason Delay,PIT,57,126,142,35,23,10,1,1,15,15,11,0,33,2,1,2,4,0,0,.278,2023
90,89,Sean Murphy,ATL,87,299,354,83,45,18,0,20,55,64,39,0,82,15,1,0,15,0,0,.278,2023
91,90,Marcus Semien,TEX,123,508,573,141,88,30,4,19,96,79,57,1,77,2,5,0,4,12,2,.278,2023
92,91,Charlie Blackmon,COL,61,227,262,63,40,14,3,6,40,30,25,0,33,7,3,0,4,0,1,.278,2023
93,92,Nick Castellanos,PHI,120,483,515,134,83,29,1,21,65,78,26,0,141,2,4,0,11,7,2,.277,2023
94,93,Eloy Jimenez,CHW,84,321,344,89,61,14,0,14,36,50,21,1,71,0,2,0,11,0,0,.277,2023
95,94,Randal Grichuk,- - -,83,307,333,85,52,20,2,11,44,34,20,2,69,4,2,0,9,2,2,.277,2023
96,95,Nathaniel Lowe,TEX,122,477,549,132,82,33,2,15,76,65,66,2,121,3,3,0,12,0,0,.277,2023
97,96,Jonah Heim,TEX,95,340,373,94,57,23,0,14,50,70,30,2,67,1,2,0,8,2,0,.276,2023
98,97,Rene Pinto,TBR,12,29,30,8,7,0,0,1,2,4,1,0,9,0,0,0,1,0,0,.276,2023
99,98,Gabriel Moreno,ARI,80,243,265,67,50,12,0,5,19,35,16,0,54,1,5,0,10,4,1,.276,2023
100,99,Garrett Hampson,MIA,68,138,156,38,26,10,1,1,23,12,12,0,41,3,0,3,1,3,0,.275,2023
101,100,Yordan Alvarez,HOU,78,280,332,77,40,15,1,21,55,64,43,2,70,7,2,0,6,0,0,.275,2023
102,101,David Peralta,LAD,102,302,323,83,59,16,1,7,35,45,15,1,54,1,5,0,5,3,1,.275,2023
103,102,Will Benson,CIN,73,193,225,53,29,11,6,7,34,20,32,0,69,0,0,0,2,12,2,.275,2023
104,103,Christian Walker,ARI,121,452,514,124,62,34,0,28,67,84,52,3,100,4,5,0,9,8,0,.274,2023
105,104,T.J. Friedl,CIN,101,361,404,99,66,18,4,11,51,47,30,1,68,6,1,6,0,23,4,.274,2023
106,105,Mickey Moniak,LAA,70,259,270,71,40,18,1,12,30,39,8,1,95,3,0,0,3,6,2,.274,2023
107,106,Will Smith,LAD,98,354,422,97,63,18,1,15,62,61,52,1,69,8,8,0,6,2,0,.274,2023
108,107,Josh Jung,TEX,109,427,461,117,70,24,1,22,70,67,28,0,135,4,2,0,6,1,3,.274,2023
109,108,William Contreras,MIL,104,398,442,109,67,29,1,12,56,57,38,1,90,5,1,0,17,1,1,.274,2023
110,109,Jeimer Candelario,- - -,114,420,479,115,60,35,3,17,67,57,44,1,100,12,2,0,10,8,1,.274,2023
111,110,Paul Goldschmidt,STL,120,472,541,129,85,25,0,19,68,62,65,3,120,2,2,0,11,10,2,.273,2023
112,111,Corbin Carroll,ARI,120,432,493,118,67,24,6,21,87,60,46,1,98,9,2,4,5,37,5,.273,2023
113,112,Ben Gamel,SDP,4,11,11,3,2,1,0,0,1,2,0,0,2,0,0,0,0,0,0,.273,2023
114,113,Reese McGuire,BOS,51,132,145,36,24,11,0,1,13,14,7,0,39,0,1,2,1,1,1,.273,2023
115,114,Jordan Luplow,- - -,15,33,40,9,7,1,0,1,3,3,6,1,13,1,0,0,0,2,0,.273,2023
116,115,Nelson Velazquez,- - -,21,55,58,15,6,2,0,7,14,11,3,0,14,0,0,0,2,0,0,.273,2023
117,116,Marco Luciano,SFG,4,11,12,3,2,1,0,0,2,0,1,0,5,0,0,0,0,0,0,.273,2023
118,117,Jared Triolo,PIT,36,121,137,33,30,2,0,1,16,16,12,0,42,3,1,0,0,3,1,.273,2023
119,118,Vaughn Grissom,ATL,20,66,71,18,16,2,0,0,5,7,2,0,13,2,1,0,1,0,1,.273,2023
120,119,Luis Robert,CHW,117,444,486,121,57,30,1,33,76,67,25,5,137,11,1,0,8,16,2,.273,2023
121,120,Alex Verdugo,BOS,110,422,472,115,71,31,4,9,67,46,40,1,71,6,4,0,8,4,3,.273,2023
122,121,Mike Tauchman,CHC,71,232,274,63,43,13,0,7,45,42,36,0,54,2,3,1,2,5,1,.272,2023
123,122,Steven Kwan,CLE,122,490,549,133,95,27,6,5,75,42,51,2,59,3,4,1,8,16,2,.271,2023
124,123,Brayan Rocchio,CLE,17,59,63,16,12,4,0,0,7,5,3,0,17,0,1,0,4,0,0,.271,2023
125,124,Matt Olson,ATL,122,461,547,125,59,21,2,43,97,108,80,7,135,3,3,0,10,1,0,.271,2023
126,125,Thairo Estrada,SFG,83,343,370,93,61,21,1,10,48,38,17,1,92,9,1,0,8,18,4,.271,2023
127,126,Ketel Marte,ARI,117,450,510,122,77,19,7,19,77,62,52,1,83,5,3,0,13,6,2,.271,2023
128,127,Mike Moustakas,- - -,89,273,303,74,48,15,0,11,41,42,22,1,71,3,5,0,6,0,0,.271,2023
129,128,Kevin Kiermaier,TOR,97,273,302,74,51,13,5,5,41,27,22,0,65,4,2,1,7,11,0,.271,2023
130,129,Ryan Mountcastle,BAL,92,344,378,93,57,19,1,16,53,57,25,0,89,2,7,0,10,3,0,.270,2023
131,130,Yonathan Daza,COL,24,74,80,20,14,6,0,0,8,7,3,0,13,1,1,1,5,1,0,.270,2023
132,131,Alex Kirilloff,MIN,69,226,258,61,39,13,1,8,24,32,25,1,69,6,1,0,1,0,0,.270,2023
133,132,Adley Rutschman,BAL,118,452,526,122,84,21,1,16,62,58,70,5,78,1,3,0,10,0,1,.270,2023
134,133,Rafael Devers,BOS,116,441,494,119,65,26,0,28,66,84,43,5,94,7,3,0,9,2,1,.270,2023
135,134,Yan Gomes,CHC,84,278,304,75,50,14,2,9,35,44,15,1,63,5,6,0,7,1,0,.270,2023
136,135,Nick Madrigal,CHC,67,193,214,52,39,10,1,2,28,20,9,0,18,8,0,4,3,8,2,.269,2023
137,136,Brandon Drury,LAA,90,342,367,92,53,20,2,17,43,54,16,0,96,5,4,0,10,0,2,.269,2023
138,137,Cade Marlowe,SEA,24,67,77,18,11,3,2,2,12,8,10,0,20,0,0,0,1,3,2,.269,2023
139,138,Andrew Benintendi,CHW,115,432,480,116,86,27,1,2,57,33,41,5,70,3,3,1,8,12,1,.269,2023
140,139,Brandon Nimmo,NYM,118,452,529,121,79,20,4,18,69,51,62,0,112,10,4,1,3,3,3,.268,2023
141,140,Jesus Sanchez,MIA,90,262,287,70,40,19,1,10,31,39,23,1,73,1,0,1,9,3,1,.267,2023
142,141,Emmanuel Rivera,ARI,66,221,238,59,43,12,0,4,32,24,15,0,51,0,2,0,6,1,0,.267,2023
143,142,Ozzie Albies,ATL,117,457,510,122,69,21,4,28,75,90,36,2,83,8,7,0,6,11,0,.267,2023
144,143,Mauricio Dubon,HOU,99,379,400,101,74,19,2,6,60,31,15,0,53,3,3,0,9,6,1,.266,2023
145,144,Bryan Reynolds,PIT,109,428,476,114,69,23,4,18,62,60,39,0,98,4,5,0,11,9,0,.266,2023
146,145,Matt Vierling,DET,99,353,382,94,71,13,3,7,38,29,26,0,73,3,0,0,8,5,6,.266,2023
147,146,Andruw Monasterio,MIL,57,173,195,46,33,10,0,3,27,15,21,0,38,1,0,0,5,5,1,.266,2023
148,147,J.P. Crawford,SEA,107,384,460,102,66,26,0,10,63,38,68,1,86,3,2,3,6,1,0,.266,2023
149,148,Tommy Pham,- - -,94,290,328,77,43,19,2,13,39,48,33,1,73,1,4,0,4,14,2,.266,2023
150,149,Andrew Knizner,STL,51,162,173,43,26,8,0,9,25,27,9,0,41,1,0,1,2,1,0,.265,2023
151,150,Spencer Steer,CIN,119,441,503,117,70,27,2,18,56,66,50,0,100,8,4,0,7,11,2,.265,2023
152,151,Gleyber Torres,NYY,122,460,515,122,84,18,2,18,65,49,47,0,71,2,6,0,18,12,5,.265,2023
153,152,Xander Bogaerts,SDP,119,453,508,120,87,20,0,13,56,42,48,0,86,4,3,0,16,13,1,.265,2023
154,153,Geraldo Perdomo,ARI,107,321,386,85,58,18,3,6,52,39,48,1,64,4,3,10,2,13,3,.265,2023
155,154,Owen Miller,MIL,86,288,310,76,54,17,0,5,29,27,16,1,60,2,4,0,6,13,2,.264,2023
156,155,Patrick Bailey,SFG,70,235,255,62,40,15,1,6,22,39,14,0,65,3,1,2,5,1,0,.264,2023
157,156,Fernando Tatis Jr.,SDP,105,436,479,115,67,27,1,20,70,65,37,0,99,3,2,1,12,22,3,.264,2023
158,157,Vladimir Guerrero Jr.,TOR,120,463,524,122,80,24,0,18,55,72,49,3,81,8,4,0,17,4,3,.263,2023
159,158,Mike Trout,LAA,81,304,358,80,47,14,1,18,54,44,45,2,103,7,2,0,3,2,0,.263,2023
160,159,Elias Diaz,COL,109,380,415,100,68,19,1,12,35,55,29,0,89,2,4,0,9,1,0,.263,2023
161,160,Dominic Smith,WSN,120,418,464,110,88,16,1,5,43,31,35,0,73,10,1,0,10,1,0,.263,2023
162,161,Brendan Rodgers,COL,14,57,60,15,10,4,1,0,7,9,2,0,17,1,0,0,0,0,0,.263,2023
163,162,Jake Fraley,CIN,92,289,327,76,47,14,0,15,40,63,33,2,59,4,1,0,5,20,5,.263,2023
164,163,Jeff McNeil,NYM,123,453,508,119,92,19,2,6,57,46,34,0,53,16,3,2,5,6,0,.263,2023
165,164,Christian Encarnacion-Strand,CIN,29,99,108,26,20,2,0,4,12,15,6,0,32,3,0,0,1,1,0,.263,2023
166,165,Matt Duffy,KCR,66,160,175,42,34,7,0,1,15,12,11,0,32,3,1,0,2,0,0,.263,2023
167,166,Ezequiel Tovar,COL,116,431,460,113,69,27,3,14,62,56,21,0,124,4,3,1,7,7,5,.262,2023
168,167,Harold Castro,COL,85,229,238,60,47,12,0,1,23,27,6,0,58,0,2,1,4,0,0,.262,2023
169,168,Jonny Deluca,LAD,24,42,45,11,8,1,0,2,5,6,3,0,8,0,0,0,0,1,0,.262,2023
170,169,Juan Soto,SDP,125,436,547,114,63,26,1,24,68,75,106,8,106,1,4,0,12,6,4,.261,2023
171,170,Amed Rosario,- - -,113,444,472,116,81,23,6,6,59,52,23,0,83,2,3,0,13,10,1,.261,2023
172,171,Leody Taveras,TEX,106,387,415,101,65,22,3,11,51,55,22,0,91,1,3,2,2,11,3,.261,2023
173,172,Matthew Batten,SDP,13,23,25,6,5,0,0,1,3,3,2,0,3,0,0,0,0,0,1,.261,2023
174,173,Tyler Freeman,CLE,40,92,103,24,18,6,0,0,13,6,7,0,16,1,1,2,3,3,0,.261,2023
175,174,Elly De La Cruz,CIN,62,253,274,66,40,11,5,10,45,27,19,3,94,1,1,0,4,19,5,.261,2023
176,175,Conner Capel,OAK,32,73,86,19,14,5,0,0,6,3,12,0,25,1,0,0,1,5,3,.260,2023
177,176,Willson Contreras,STL,103,350,406,91,54,24,0,13,42,49,42,0,92,12,2,0,11,6,2,.260,2023
178,177,Ke'Bryan Hayes,PIT,90,350,372,91,58,19,6,8,39,45,20,0,74,0,2,0,9,9,5,.260,2023
179,178,Ryan McKenna,BAL,75,104,117,27,19,6,0,2,18,14,6,0,33,3,2,2,4,2,0,.260,2023
180,179,Eddie Rosario,ATL,109,366,393,95,54,20,2,19,52,61,26,1,97,0,1,0,9,2,3,.260,2023
181,180,Luis Garcia,WSN,100,378,407,98,75,13,4,6,46,42,21,1,51,0,7,1,10,8,4,.259,2023
182,181,LaMonte Wade Jr.,SFG,107,336,411,87,60,14,1,12,50,34,66,2,81,4,2,3,3,2,0,.259,2023
183,182,Zach Remillard,CHW,38,116,128,30,24,5,0,1,15,15,8,1,37,1,0,3,3,4,2,.259,2023
184,183,Garrett Mitchell,MIL,16,58,62,15,10,1,1,3,9,6,4,0,24,0,0,0,0,1,0,.259,2023
185,184,Randy Arozarena,TBR,120,437,516,113,79,13,2,19,75,70,61,0,123,14,4,0,7,15,9,.259,2023
186,185,Yuli Gurriel,MIA,79,256,283,66,46,14,3,3,27,20,22,2,36,1,4,0,11,4,0,.258,2023
187,186,Keibert Ruiz,WSN,103,392,428,101,68,18,0,15,40,49,28,1,39,6,2,0,11,1,1,.258,2023
188,187,Lourdes Gurriel Jr.,ARI,110,420,450,108,61,26,2,19,49,65,24,0,76,5,1,0,16,4,0,.257,2023
189,188,George Springer,TOR,117,463,513,119,86,18,1,14,63,48,42,0,92,5,2,0,17,16,4,.257,2023
190,189,Jordan Walker,STL,81,288,317,74,51,11,1,11,31,34,24,0,71,5,0,0,7,6,4,.257,2023
191,190,Bryan De La Cruz,MIA,119,456,494,117,73,28,0,16,48,63,33,0,121,0,5,0,13,3,1,.257,2023
192,191,Salvador Perez,KCR,111,425,458,109,71,19,0,19,49,55,16,4,105,12,5,0,10,0,0,.256,2023
193,192,J.D. Martinez,LAD,92,351,390,90,40,23,2,25,49,78,28,1,122,2,7,0,9,1,0,.256,2023
194,193,Cedric Mullins II,BAL,77,281,321,72,41,18,3,10,35,52,35,0,66,0,2,3,4,15,3,.256,2023
195,194,Seiya Suzuki,CHC,99,367,416,94,63,17,3,11,47,42,41,1,102,2,6,0,7,5,6,.256,2023
196,195,Teoscar Hernandez,SEA,122,473,511,121,76,25,2,18,51,66,27,2,156,6,5,0,5,5,2,.256,2023
197,196,Jordan Westburg,BAL,39,129,139,33,21,8,2,2,17,15,7,0,30,1,2,0,3,3,1,.256,2023
198,197,Ty France,SEA,120,454,511,116,78,28,0,10,66,50,33,0,89,23,1,0,21,1,0,.256,2023
199,198,Travis d'Arnaud,ATL,53,192,210,49,29,11,0,9,25,30,16,0,47,1,1,0,5,0,0,.255,2023
200,199,Tyler Wade,OAK,26,51,55,13,11,1,1,0,8,2,4,0,13,0,0,0,0,4,0,.255,2023
201,200,Ramon Urias,BAL,86,283,311,72,45,21,2,4,34,35,21,0,78,6,1,0,9,3,1,.254,2023
202,201,Kevin Newman,CIN,74,225,253,57,38,16,0,3,28,28,17,0,34,4,5,2,7,8,1,.253,2023
203,202,Adolis Garcia,TEX,120,454,518,115,61,24,0,30,89,92,53,0,137,5,6,0,8,8,0,.253,2023
204,203,Endy Rodriguez,PIT,27,79,87,20,12,4,2,2,11,7,8,0,24,0,0,0,0,0,0,.253,2023
205,204,Dairon Blanco,KCR,44,83,91,21,11,6,4,0,12,13,5,0,23,2,0,1,1,15,4,.253,2023
206,205,Rob Refsnyder,BOS,73,170,206,43,35,6,1,1,24,26,28,0,43,5,1,1,5,7,2,.253,2023
207,206,Andrew McCutchen,PIT,98,344,419,87,62,14,0,11,49,36,68,1,91,3,4,0,5,10,3,.253,2023
208,207,Triston Casas,BOS,109,348,405,88,50,16,2,20,54,48,55,2,103,0,2,0,7,0,0,.253,2023
209,208,Taylor Ward,LAA,97,356,409,90,58,18,0,14,60,47,39,0,80,8,6,0,9,4,2,.253,2023
210,209,Isiah Kiner-Falefa,NYY,99,273,305,69,52,10,1,6,37,35,26,0,53,2,3,1,11,10,5,.253,2023
211,210,Brandon Belt,TOR,87,285,342,72,39,22,0,11,42,31,54,1,119,1,2,0,5,0,0,.253,2023
212,211,Christopher Morel,CHC,79,289,322,73,40,13,1,19,50,60,28,0,108,2,2,1,6,4,2,.253,2023
213,212,Luke Raley,TBR,97,297,337,75,36,20,2,17,50,44,24,0,106,14,1,1,2,12,2,.253,2023
214,213,Ryan McMahon,COL,118,436,495,110,61,25,3,21,68,65,56,2,150,1,2,0,16,5,4,.252,2023
215,214,Garrett Cooper,- - -,93,329,352,83,54,14,1,14,31,48,20,0,105,2,1,0,11,0,0,.252,2023
216,215,Francisco Lindor,NYM,122,460,525,116,64,28,2,22,79,75,51,0,110,9,5,0,7,21,2,.252,2023
217,216,James Outman,LAD,115,361,422,91,59,14,3,15,63,52,50,1,135,9,2,0,1,14,2,.252,2023
218,217,Jake Cave,PHI,41,123,135,31,19,8,0,4,11,17,8,0,32,1,2,1,3,3,0,.252,2023
219,218,Isaac Paredes,TBR,111,369,429,93,51,18,0,24,56,76,43,0,77,16,1,0,7,1,0,.252,2023
220,219,C.J. Cron,- - -,70,254,274,64,40,12,0,12,38,37,17,0,64,1,2,0,13,0,0,.252,2023
221,220,Harrison Bader,NYY,74,258,277,65,46,10,2,7,37,37,11,0,48,3,4,1,6,14,2,.252,2023
222,221,Jarred Kelenic,SEA,90,326,362,82,45,24,2,11,43,45,33,3,118,1,2,0,6,12,4,.252,2023
223,222,Will Brennan,CLE,107,334,351,84,59,20,0,5,30,33,11,1,46,5,1,0,3,8,4,.251,2023
224,223,J.T. Realmuto,PHI,105,378,420,95,50,25,5,15,53,50,29,3,108,7,4,0,9,12,4,.251,2023
225,224,Marcell Ozuna,ATL,106,382,427,96,56,16,0,24,56,60,42,1,100,1,2,0,8,0,0,.251,2023
226,225,Jonathan India,CIN,103,394,453,99,65,20,0,14,68,52,39,0,91,14,6,0,12,12,2,.251,2023
227,226,Dansby Swanson,CHC,108,414,468,104,65,19,2,18,57,60,50,0,117,3,1,0,6,4,1,.251,2023
228,227,Miguel Cabrera,DET,73,239,267,60,43,15,0,2,15,21,25,0,52,1,2,0,9,0,0,.251,2023
229,228,Kris Bryant,COL,65,243,275,61,46,7,0,8,27,23,26,0,48,6,0,0,4,0,0,.251,2023
230,229,Matt Chapman,TOR,118,431,494,108,57,35,1,15,60,49,56,1,138,5,2,0,4,3,2,.251,2023
231,230,Manny Pina,OAK,4,12,12,3,2,0,0,1,1,1,0,0,3,0,0,0,1,0,0,.250,2023
232,231,Jason Heyward,LAD,93,232,272,58,31,16,0,11,44,29,31,1,50,3,3,0,5,2,2,.250,2023
233,232,Rafael Ortega,NYM,18,56,62,14,12,2,0,0,8,3,6,0,11,0,0,0,0,3,0,.250,2023
234,233,Corey Dickerson,WSN,50,144,152,36,26,7,1,2,12,17,7,0,28,0,1,0,3,0,1,.250,2023
235,234,Luis Torrens,CHC,13,20,22,5,4,1,0,0,1,3,1,0,8,1,0,0,0,0,0,.250,2023
236,235,Trea Turner,PHI,121,500,538,125,80,27,4,14,69,46,36,2,125,2,0,0,6,22,0,.250,2023
237,236,Michael Conforto,SFG,107,360,415,90,63,12,0,15,54,55,46,4,94,6,3,0,10,4,0,.250,2023
238,237,Forrest Wall,ATL,4,4,4,1,0,1,0,0,1,0,0,0,2,0,0,0,0,2,1,.250,2023
239,238,Oneil Cruz,PIT,9,32,40,8,6,1,0,1,7,4,7,0,8,0,1,0,0,3,0,.250,2023
240,239,Lawrence Butler,OAK,8,28,28,7,4,2,0,1,2,2,0,0,7,0,0,0,1,0,0,.250,2023
241,240,Jose Tena,CLE,3,8,9,2,1,1,0,0,2,1,1,0,3,0,0,0,0,0,0,.250,2023
242,241,David Fry,CLE,42,84,91,21,14,3,0,4,10,13,6,0,26,1,0,0,3,2,0,.250,2023
243,242,CJ Abrams,WSN,115,416,452,104,66,22,4,12,59,47,20,0,90,12,1,3,6,33,3,.250,2023
244,243,Spencer Horwitz,TOR,3,8,10,2,2,0,0,0,1,1,2,0,3,0,0,0,0,0,0,.250,2023
245,244,Sal Frelick,MIL,26,76,98,19,12,4,0,3,16,16,18,0,14,1,3,0,2,5,0,.250,2023
246,245,Nolan Schanuel,LAA,3,12,14,3,3,0,0,0,4,0,2,0,1,0,0,0,0,0,0,.250,2023
247,246,Alex Bregman,HOU,123,473,546,118,79,17,2,20,72,80,69,1,71,3,1,0,14,3,0,.249,2023
248,247,Andrew Vaughn,CHW,114,425,468,106,65,24,2,15,50,62,31,0,97,10,2,0,12,0,0,.249,2023
249,248,Manuel Margot,TBR,85,257,280,64,44,16,1,3,33,30,17,0,51,3,3,0,6,8,3,.249,2023
250,249,Jorge Polanco,MIN,50,189,212,47,27,12,0,8,20,29,19,0,52,2,2,0,1,3,0,.249,2023
251,250,Esteury Ruiz,OAK,97,370,411,92,68,21,1,2,37,37,15,1,82,15,1,4,4,48,9,.249,2023
252,251,Alan Trejo,COL,65,161,174,40,27,11,0,2,16,20,11,0,41,0,1,1,3,4,0,.248,2023
253,252,Manny Machado,SDP,109,423,472,105,64,18,0,23,61,72,42,0,83,2,5,0,17,3,2,.248,2023
254,253,Austin Slater,SFG,61,129,143,32,24,3,0,5,15,17,13,0,39,1,0,0,2,2,2,.248,2023
255,254,Alek Thomas,ARI,89,258,275,64,38,15,4,7,39,23,12,0,63,3,2,0,4,7,1,.248,2023
256,255,Anthony Santander,BAL,117,444,499,110,59,29,1,21,60,65,47,1,115,4,4,0,6,3,1,.248,2023
257,256,Starling Marte,NYM,86,315,341,78,65,7,1,5,38,28,16,1,69,8,0,2,8,24,4,.248,2023
258,257,Edmundo Sosa,PHI,82,210,225,52,34,10,1,7,27,21,5,0,53,7,1,1,7,2,2,.248,2023
259,258,Adam Duvall,BOS,60,202,226,50,22,16,1,11,30,35,16,1,68,5,3,0,0,4,0,.248,2023
260,259,Corey Julks,HOU,87,287,312,71,51,14,0,6,35,32,22,0,73,1,2,0,6,15,3,.247,2023
261,260,Vinnie Pasquantino,KCR,61,231,260,57,31,17,0,9,24,26,25,2,31,2,1,0,7,0,0,.247,2023
262,261,J.D. Davis,SFG,113,381,436,94,62,16,1,15,47,57,41,0,128,6,6,0,13,1,0,.247,2023
263,262,Victor Caratini,MIL,47,150,172,37,29,2,0,6,19,19,18,0,36,3,1,0,6,1,1,.247,2023
264,263,Jazz Chisholm Jr.,MIA,62,223,243,55,35,6,2,12,31,28,16,0,75,2,1,1,2,17,3,.247,2023
265,264,Edward Olivares,KCR,85,284,308,70,42,18,4,6,37,20,16,1,52,6,2,0,5,9,3,.246,2023
266,265,Jake Alu,WSN,18,57,61,14,12,1,0,1,4,9,2,0,20,1,1,0,0,3,0,.246,2023
267,266,Tommy Edman,STL,101,338,375,83,50,18,4,11,54,38,26,1,58,5,3,3,7,15,2,.246,2023
268,267,Alejandro Kirk,TOR,92,281,317,69,56,7,0,6,23,30,29,1,34,6,1,0,16,0,0,.246,2023
269,268,Hunter Renfroe,LAA,117,432,472,106,59,29,0,18,53,52,34,0,107,3,3,0,13,0,0,.245,2023
270,269,Jake McCarthy,ARI,86,257,291,63,50,6,5,2,33,14,26,0,56,5,1,2,4,26,3,.245,2023
271,270,Terrin Vavra,BAL,27,49,56,12,12,0,0,0,9,5,5,0,12,0,0,2,5,1,0,.245,2023
272,271,Brent Rooker,OAK,102,339,388,83,48,15,1,19,42,50,37,1,120,8,4,0,11,2,0,.245,2023
273,272,Nelson Cruz,SDP,49,143,152,35,24,5,1,5,9,23,6,1,46,2,1,0,2,1,0,.245,2023
274,273,Miguel Amaya,CHC,36,94,115,23,16,4,0,3,13,16,8,0,28,11,1,1,2,0,0,.245,2023
275,274,Jonathan Davis,MIA,34,90,104,22,15,4,1,2,22,10,7,0,29,2,2,2,1,1,2,.244,2023
276,275,Ji Hwan Bae,PIT,78,221,249,54,41,11,0,2,39,20,21,0,60,2,2,3,2,20,6,.244,2023
277,276,Tyler O'Neill,STL,53,176,198,43,26,10,0,7,23,16,22,0,53,0,0,0,5,3,0,.244,2023
278,277,Andres Gimenez,CLE,118,422,473,103,67,21,4,11,54,45,28,2,84,17,2,4,8,20,3,.244,2023
279,278,Anthony Rizzo,NYY,99,373,421,91,65,14,0,12,45,41,35,1,97,12,1,0,10,0,3,.244,2023
280,279,Jeremy Pena,HOU,112,431,472,105,74,20,1,10,58,43,31,1,104,8,1,0,7,10,7,.244,2023
281,280,Mark Canha,- - -,105,312,364,76,48,20,1,7,35,38,36,1,58,10,6,0,9,7,1,.244,2023
282,281,Michael Chavis,WSN,37,78,83,19,15,2,0,2,11,5,5,0,28,0,0,0,2,0,0,.244,2023
283,282,Liover Peguero,PIT,25,78,85,19,12,2,0,5,12,14,4,0,26,1,0,2,3,2,0,.244,2023
284,283,Blake Sabol,SFG,90,263,289,64,45,8,0,11,33,36,19,0,100,4,2,1,4,2,2,.243,2023
285,284,Henry Ramos,CIN,23,74,86,18,14,3,1,0,9,5,11,0,21,1,0,0,2,2,1,.243,2023
286,285,James McCann,BAL,51,148,162,36,20,12,0,4,19,21,6,0,38,3,2,3,3,3,1,.243,2023
287,286,Tyler Stephenson,CIN,110,370,418,90,67,14,1,8,48,39,43,2,111,4,1,0,12,0,1,.243,2023
288,287,Jorge Soler,MIA,118,436,500,106,54,20,0,32,67,67,56,2,120,5,3,0,16,1,0,.243,2023
289,288,DJ LeMahieu,NYY,101,363,405,88,60,18,2,8,36,30,38,2,92,2,2,0,8,0,2,.242,2023
290,289,Luke Maile,CIN,59,132,144,32,17,10,0,5,12,20,8,0,37,3,0,1,6,1,0,.242,2023
291,290,Gunnar Henderson,BAL,112,396,448,96,54,17,5,20,66,59,47,1,123,3,2,0,8,6,2,.242,2023
292,291,Josh Bell,- - -,114,413,466,100,61,22,0,17,39,59,50,1,100,1,2,0,9,0,1,.242,2023
293,292,Kyle Farmer,MIN,89,248,272,60,43,9,2,6,34,25,15,0,67,7,2,0,5,1,2,.242,2023
294,293,Logan O'Hoppe,LAA,18,62,68,15,9,2,0,4,5,13,4,0,17,1,1,0,2,0,0,.242,2023
295,294,Curtis Mead,TBR,9,29,34,7,6,1,0,0,5,2,3,0,10,2,0,0,0,0,0,.241,2023
296,295,Andy Ibanez,DET,81,257,268,62,36,18,1,7,30,22,10,0,53,1,0,0,6,0,0,.241,2023
297,296,Elvis Andrus,CHW,86,282,311,68,49,14,1,4,30,34,22,1,52,4,2,1,2,10,4,.241,2023
298,297,Matt Wallner,MIN,40,112,129,27,13,5,0,9,21,22,10,0,40,7,0,0,0,2,1,.241,2023
299,298,Zach Neto,LAA,67,224,252,54,32,14,0,8,31,30,12,0,54,13,2,1,4,5,0,.241,2023
300,299,Christian Arroyo,BOS,66,195,206,47,28,16,0,3,23,24,7,0,45,1,2,1,8,1,3,.241,2023
301,300,Willi Castro,MIN,101,278,315,67,44,15,3,5,42,26,24,1,78,10,2,1,3,29,4,.241,2023
302,301,Connor Joe,PIT,101,303,345,73,39,22,3,9,47,28,36,0,92,6,0,0,4,3,5,.241,2023
303,302,Nolan Gorman,STL,104,357,406,86,46,16,0,24,50,67,44,1,126,3,2,0,4,6,2,.241,2023
304,303,D.J. Stewart,NYM,27,54,65,13,6,2,0,5,8,10,8,0,16,1,1,0,1,1,0,.241,2023
305,304,Max Kepler,MIN,96,320,353,77,43,14,0,20,50,48,26,0,78,4,3,0,7,0,1,.241,2023
306,305,Luis Matos,SFG,50,158,175,38,29,7,1,1,17,9,13,0,21,2,0,2,3,3,0,.241,2023
307,306,Jake Burger,- - -,105,358,394,86,38,20,1,27,52,63,26,0,114,8,2,0,3,1,1,.240,2023
308,307,Ian Happ,CHC,119,429,517,103,64,23,2,14,61,56,80,2,121,4,4,0,9,10,2,.240,2023
309,308,Tyler Heineman,- - -,12,25,30,6,5,1,0,0,2,0,5,0,6,0,0,0,0,1,0,.240,2023
310,309,Carlos Perez,CHW,16,25,26,6,4,2,0,0,2,2,1,0,8,0,0,0,1,0,0,.240,2023
311,310,Connor Wong,BOS,97,284,308,68,39,21,1,7,43,29,18,0,105,4,1,1,2,5,2,.239,2023
312,311,Willie Calhoun,NYY,44,134,149,32,20,7,0,5,16,16,14,1,20,0,1,0,2,0,0,.239,2023
313,312,Ildemaro Vargas,WSN,57,172,182,41,27,9,1,4,23,25,8,0,12,0,1,1,7,0,1,.238,2023
314,313,Jurickson Profar,COL,106,407,461,97,62,25,2,8,51,38,43,0,81,6,4,0,9,1,0,.238,2023
315,314,Alec Burleson,STL,88,256,281,61,36,16,1,8,28,28,17,0,33,2,2,1,12,0,1,.238,2023
316,315,Myles Straw,CLE,118,382,425,91,72,15,3,1,45,23,36,0,83,1,3,3,9,15,4,.238,2023
317,316,Eduardo Escobar,- - -,73,210,227,50,36,5,4,5,29,26,14,0,51,0,2,1,6,2,1,.238,2023
318,317,Adam Frazier,BAL,110,336,373,80,49,17,1,13,50,51,26,0,45,4,2,4,3,8,4,.238,2023
319,318,Austin Meadows,DET,6,21,21,5,4,1,0,0,0,2,0,0,3,0,0,0,0,0,0,.238,2023
320,319,Cody Thomas,OAK,19,42,46,10,6,3,0,1,1,2,4,0,17,0,0,0,1,0,0,.238,2023
321,320,Tim Anderson,CHW,92,370,397,88,74,12,1,1,38,21,22,0,87,3,2,0,14,11,1,.238,2023
322,321,Kyle Isbel,KCR,67,223,235,53,30,18,1,4,29,22,8,0,44,1,2,1,4,6,1,.238,2023
323,322,Luis Guillorme,NYM,50,101,114,24,16,6,1,1,12,9,10,1,28,0,1,2,3,0,0,.238,2023
324,323,Nick Pratto,KCR,78,261,299,62,40,15,0,7,31,31,29,0,112,6,3,0,3,1,1,.238,2023
325,324,Evan Longoria,ARI,55,160,178,38,18,9,0,11,24,24,16,0,58,0,2,0,5,0,0,.238,2023
326,325,Jake Marisnick,- - -,46,76,83,18,11,3,2,2,10,10,3,0,21,2,1,1,4,2,3,.237,2023
327,326,Sam Huff,TEX,16,38,40,9,6,2,0,1,3,3,2,0,15,0,0,0,1,0,0,.237,2023
328,327,Heliot Ramos,SFG,15,38,40,9,4,4,0,1,4,2,2,0,13,0,0,0,1,0,0,.237,2023
329,328,Anthony Rendon,LAA,43,148,183,35,27,6,0,2,23,22,25,0,27,6,4,0,6,2,0,.236,2023
330,329,Aaron Hicks,- - -,71,203,231,48,34,6,1,7,34,25,27,0,55,0,1,0,1,3,0,.236,2023
331,330,Jose Azocar,SDP,31,55,59,13,10,3,0,0,9,3,1,0,13,0,0,3,0,6,1,.236,2023
332,331,Jose Caballero,SEA,83,199,245,47,34,9,1,3,32,23,27,0,54,15,4,0,0,23,2,.236,2023
333,332,Sam Hilliard,ATL,40,72,78,17,9,5,0,3,15,6,6,0,33,0,0,0,1,4,0,.236,2023
334,333,Zach McKinstry,DET,114,361,400,85,59,17,2,7,44,27,33,0,85,2,2,2,2,13,3,.235,2023
335,334,Carlos Perez,OAK,52,132,149,31,22,4,0,5,13,18,11,0,28,2,3,1,2,0,0,.235,2023
336,335,Kevin Pillar,ATL,60,132,139,31,17,8,0,6,19,20,6,0,34,0,1,0,1,3,0,.235,2023
337,336,Luis Rengifo,LAA,110,337,381,79,53,12,3,11,46,37,36,0,74,6,2,0,3,5,4,.234,2023
338,337,MJ Melendez,KCR,117,431,479,101,61,25,3,12,50,44,42,1,136,3,3,0,3,6,3,.234,2023
339,338,Yasmani Grandal,CHW,101,316,353,74,54,12,0,8,30,32,31,0,80,4,2,0,8,0,0,.234,2023
340,339,Eric Hosmer,CHC,31,94,100,22,17,3,0,2,7,14,6,0,25,0,0,0,5,0,0,.234,2023
341,340,Trey Mancini,CHC,79,235,263,55,39,12,0,4,31,28,21,1,78,2,3,0,5,0,0,.234,2023
342,341,Jose Abreu,HOU,110,423,464,99,73,16,0,10,43,56,31,1,105,5,5,0,12,0,1,.234,2023
343,342,Enmanuel Valdez,BOS,33,94,101,22,14,4,0,4,9,11,5,0,27,1,0,0,2,4,1,.234,2023
344,343,Enrique Hernandez,- - -,108,368,400,86,61,18,0,7,47,42,26,0,76,3,3,0,16,3,1,.234,2023
345,344,Joey Wendle,MIA,85,240,259,56,38,14,3,1,29,16,11,0,59,2,3,3,5,4,0,.233,2023
346,345,Drew Waters,KCR,66,210,232,49,33,5,4,7,30,23,16,0,79,4,2,0,4,8,4,.233,2023
347,346,Jordan Diaz,OAK,60,180,197,42,29,5,0,8,14,21,14,0,43,2,1,0,7,0,1,.233,2023
348,347,Mike Yastrzemski,SFG,77,253,285,59,30,17,1,11,43,32,29,3,74,1,0,2,2,1,2,.233,2023
349,348,Robbie Grossman,TEX,88,279,322,65,37,19,1,8,46,38,35,0,78,2,6,0,5,0,0,.233,2023
350,349,Nick Ahmed,ARI,62,176,185,41,28,10,1,2,13,17,9,0,45,0,0,0,0,5,1,.233,2023
351,350,Tucupita Marcano,PIT,75,202,220,47,30,12,2,3,16,18,10,0,35,3,2,3,2,5,2,.233,2023
352,351,Spencer Torkelson,DET,121,456,517,106,57,27,1,21,63,66,52,1,125,5,4,0,11,3,0,.232,2023
353,352,Billy McKinney,NYY,47,125,143,29,19,3,1,6,18,14,16,1,38,1,1,0,1,1,0,.232,2023
354,353,Joc Pederson,SFG,87,263,312,61,39,9,2,11,44,39,41,2,65,5,3,0,9,0,0,.232,2023
355,354,Christian Vazquez,MIN,79,251,274,58,44,11,0,3,27,24,20,1,59,1,1,1,9,0,0,.231,2023
356,355,Eugenio Suarez,SEA,123,455,530,105,70,18,0,17,48,76,53,0,163,13,9,0,8,2,1,.231,2023
357,356,Jo Adell,LAA,5,13,14,3,0,1,1,1,2,3,1,0,6,0,0,0,0,0,0,.231,2023
358,357,Joey Bart,SFG,26,78,84,18,13,5,0,0,8,4,2,0,21,4,0,0,0,0,0,.231,2023
359,358,Raimel Tapia,- - -,59,139,158,32,24,4,1,3,24,13,15,0,39,1,1,1,2,8,2,.230,2023
360,359,Kody Clemens,PHI,49,139,148,32,21,7,0,4,15,13,8,0,40,1,0,0,1,0,0,.230,2023
361,360,Stuart Fairchild,CIN,81,200,234,46,26,13,2,5,30,27,23,0,62,6,2,3,2,9,2,.230,2023
362,361,Carlos Correa,MIN,110,422,474,97,55,25,2,15,45,54,47,3,108,3,2,0,24,0,0,.230,2023
363,362,Mitch Haniger,SFG,40,148,160,34,21,9,0,4,20,22,9,0,42,2,1,0,2,1,0,.230,2023
364,363,Jake Cronenworth,SDP,123,444,507,102,61,24,7,10,54,48,46,2,94,10,5,1,8,6,1,.230,2023
365,364,Kyle Higashioka,NYY,77,196,211,45,30,8,0,7,18,30,11,0,59,0,3,1,3,0,0,.230,2023
366,365,Ryan Noda,OAK,90,275,341,63,34,17,1,11,43,38,60,1,116,5,1,0,1,2,1,.229,2023
367,366,Zack Short,DET,86,175,195,40,27,8,0,5,13,28,19,0,50,0,1,0,1,3,0,.229,2023
368,367,Jake Meyers,HOU,93,276,307,63,38,15,1,9,39,32,26,0,80,4,1,0,2,5,2,.228,2023
369,368,Christian Bethancourt,TBR,84,260,277,59,37,14,0,8,39,26,13,0,72,0,3,1,6,0,0,.227,2023
370,369,Yoan Moncada,CHW,59,216,231,49,32,12,1,4,21,20,12,0,66,2,1,0,4,1,0,.227,2023
371,370,Francisco Mejia,TBR,50,150,160,34,18,11,0,5,22,19,6,0,38,1,2,1,2,0,1,.227,2023
372,371,Nicky Lopez,- - -,76,181,213,41,31,6,3,1,24,21,23,0,34,5,0,4,3,5,2,.227,2023
373,372,Carson Kelly,ARI,33,84,92,19,15,3,0,1,6,6,7,0,23,0,1,0,2,1,0,.226,2023
374,373,Mark Mathias,- - -,27,62,72,14,12,2,0,0,6,6,10,0,15,0,0,0,4,3,0,.226,2023
375,374,Matt Thaiss,LAA,89,244,287,55,41,6,0,8,31,30,34,1,74,6,3,0,4,2,0,.225,2023
376,375,Michael Massey,KCR,97,316,344,71,48,12,1,10,27,41,20,0,76,3,4,1,2,5,1,.225,2023
377,376,Oscar Gonzalez,CLE,44,138,145,31,22,6,2,1,12,10,5,0,30,1,1,0,1,0,0,.225,2023
378,377,Carlos Santana,- - -,113,423,475,95,51,26,0,18,54,65,49,0,82,0,3,0,5,6,0,.225,2023
379,378,Darin Ruf,- - -,20,49,57,11,8,3,0,0,3,3,8,0,16,0,0,0,0,0,0,.224,2023
380,379,Aledmys Diaz,OAK,86,254,280,57,40,13,0,4,22,19,16,2,54,6,3,1,11,1,0,.224,2023
381,380,Javier Baez,DET,111,424,452,95,71,12,4,8,51,51,18,0,103,6,3,0,10,11,0,.224,2023
382,381,Brian Anderson,MIL,92,308,351,69,46,11,3,9,37,38,36,0,105,4,3,0,10,0,3,.224,2023
383,382,Cavan Biggio,TOR,79,192,218,43,29,6,0,8,35,25,20,0,65,6,0,0,0,4,2,.224,2023
384,383,Pete Alonso,NYM,116,425,492,95,42,13,2,38,71,93,50,1,103,15,2,0,16,4,1,.224,2023
385,384,Daniel Vogelbach,NYM,86,229,266,51,34,7,0,10,28,38,36,1,67,1,0,0,6,0,0,.223,2023
386,385,Adam Haseley,CHW,28,36,39,8,6,2,0,0,6,2,3,0,8,0,0,0,1,1,0,.222,2023
387,386,Blake Rutherford,WSN,9,27,28,6,6,0,0,0,4,2,1,0,8,0,0,0,1,0,0,.222,2023
388,387,Livan Soto,LAA,4,9,12,2,2,0,0,0,2,0,3,0,2,0,0,0,0,0,0,.222,2023
389,388,Jacob Amaya,MIA,4,9,9,2,2,0,0,0,1,2,0,0,1,0,0,0,0,1,0,.222,2023
390,389,Brice Turang,MIL,100,298,330,66,49,8,3,6,32,27,31,1,70,0,1,0,6,15,4,.221,2023
391,390,Seth Brown,OAK,77,244,271,54,30,12,1,11,23,41,23,0,74,1,2,1,5,2,1,.221,2023
392,391,Akil Baddoo,DET,81,235,269,52,33,11,0,8,30,26,31,2,66,0,1,2,3,7,3,.221,2023
393,392,Jesus Aguilar,OAK,36,104,115,23,16,2,0,5,8,9,8,2,31,1,1,0,3,0,0,.221,2023
394,393,Daulton Varsho,TOR,122,412,454,91,57,18,1,15,50,45,34,0,106,3,3,1,4,14,5,.221,2023
395,394,Cal Raleigh,SEA,108,376,418,83,42,18,1,22,57,55,41,1,119,1,0,0,4,0,0,.221,2023
396,395,Josh Rojas,- - -,70,222,251,49,34,14,0,1,29,30,20,0,61,1,4,2,3,6,0,.221,2023
397,396,Luke Voit,MIL,22,68,74,15,12,3,0,0,5,4,4,0,27,2,0,0,3,2,0,.221,2023
398,397,Brandon Lowe,TBR,83,286,329,63,36,10,1,16,43,48,39,0,93,3,1,0,5,6,0,.220,2023
399,398,Michael A. Taylor,MIN,110,300,324,66,37,13,0,16,38,39,18,0,111,3,1,2,7,12,1,.220,2023
400,399,Elehuris Montero,COL,54,173,182,38,22,9,2,5,18,25,6,0,72,1,2,0,2,0,0,.220,2023
401,400,Rodolfo Castro,- - -,86,214,243,47,34,7,0,6,21,23,23,1,69,5,1,0,4,1,4,.220,2023
402,401,Hanser Alberto,CHW,30,82,90,18,10,5,0,3,11,16,4,0,13,1,1,2,1,0,0,.220,2023
403,402,Dylan Moore,SEA,36,82,94,18,5,5,1,7,14,15,9,0,35,3,0,0,0,3,1,.220,2023
404,403,Nick Fortes,MIA,86,237,257,52,41,6,0,5,26,21,13,0,46,4,1,2,10,3,2,.219,2023
405,404,Jean Segura,MIA,85,301,326,66,56,5,2,3,25,21,22,1,47,2,0,1,12,6,2,.219,2023
406,405,Francisco Alvarez,NYM,93,301,331,66,37,8,0,21,43,45,26,0,81,4,0,0,10,0,0,.219,2023
407,406,Mike Ford,SEA,54,146,162,32,14,6,0,12,21,25,12,0,56,3,1,0,3,0,0,.219,2023
408,407,Dylan Carlson,STL,76,219,255,48,34,8,1,5,27,27,26,0,49,7,3,0,4,3,0,.219,2023
409,408,Chris Taylor,LAD,87,251,284,55,31,10,1,13,39,38,29,2,93,3,1,0,2,12,1,.219,2023
410,409,Jose Siri,TBR,85,283,304,62,27,10,1,24,47,51,17,0,112,0,3,1,3,8,3,.219,2023
411,410,Nick Senzel,CIN,80,242,269,53,35,9,0,9,36,37,24,0,59,1,2,0,7,5,2,.219,2023
412,411,Jose Barrero,CIN,46,133,149,29,19,8,0,2,15,17,15,0,44,0,1,0,1,3,2,.218,2023
413,412,Santiago Espinal,TOR,69,179,199,39,29,8,0,2,26,18,16,1,26,3,0,1,4,2,1,.218,2023
414,413,Drew Ellis,PHI,12,23,29,5,3,0,0,2,4,4,6,0,7,0,0,0,0,0,1,.217,2023
415,414,Henry Davis,PIT,50,180,206,39,26,8,0,5,24,18,22,2,48,3,1,0,2,3,4,.217,2023
416,415,Trevor Larnach,MIN,50,162,188,35,20,6,3,6,23,32,24,1,67,0,2,0,1,1,1,.216,2023
417,416,Gavin Sheets,CHW,87,227,252,49,34,6,0,9,19,30,22,2,48,1,2,0,4,0,0,.216,2023
418,417,Brett Baty,NYM,86,278,311,60,42,11,0,7,33,27,27,0,86,2,1,0,7,2,0,.216,2023
419,418,Danny Jansen,TOR,77,241,268,52,25,12,0,15,32,49,19,1,58,8,0,0,3,0,0,.216,2023
420,419,Miguel Rojas,LAD,94,292,321,63,47,13,0,3,36,23,21,0,36,3,5,0,9,7,1,.216,2023
421,420,Gary Sanchez,- - -,63,204,229,44,21,7,0,16,30,41,20,0,57,3,2,0,3,0,0,.216,2023
422,421,Jake Lamb,LAA,19,51,54,11,8,1,0,2,7,5,3,0,15,0,0,0,1,0,0,.216,2023
423,422,Nick Gonzales,PIT,31,102,112,22,13,6,1,2,11,13,4,0,31,4,2,0,0,0,1,.216,2023
424,423,Joey Wiemer,MIL,114,339,378,73,43,17,0,13,45,40,33,0,104,4,2,0,4,11,4,.215,2023
425,424,Brad Miller,TEX,27,56,67,12,7,4,0,1,8,6,10,0,11,0,1,0,1,0,0,.214,2023
426,425,Jose Herrera,ARI,36,84,103,18,14,4,0,0,12,7,13,0,25,0,1,5,2,1,0,.214,2023
427,426,Juan Yepez,STL,20,42,46,9,6,1,0,2,5,2,3,0,13,1,0,0,0,0,1,.214,2023
428,427,Anthony Volpe,NYY,123,406,454,87,52,15,4,16,48,47,42,0,125,3,2,1,9,20,4,.214,2023
429,428,Josh Palacios,PIT,56,145,156,31,18,8,1,4,13,18,6,0,26,2,1,2,5,2,0,.214,2023
430,429,Jace Peterson,- - -,108,314,363,67,52,7,2,6,31,30,41,2,88,4,3,1,6,13,2,.213,2023
431,430,Willy Adames,MIL,112,422,481,90,53,18,0,19,51,54,48,0,126,4,5,0,9,4,3,.213,2023
432,431,Jonathan Schoop,DET,55,136,151,29,21,8,0,0,15,7,13,0,37,0,2,0,6,0,0,.213,2023
433,432,Oscar Colas,CHW,57,183,198,39,31,5,0,3,22,13,10,0,55,1,2,2,3,4,3,.213,2023
434,433,David Fletcher,LAA,19,47,49,10,8,1,0,1,3,8,2,0,6,0,0,0,2,0,0,.213,2023
435,434,Tony Kemp,OAK,96,292,338,62,44,12,3,3,34,23,32,0,31,5,3,6,7,12,2,.212,2023
436,435,Miles Mastrobuoni,CHC,43,99,113,21,17,3,0,1,14,4,12,0,26,0,0,2,1,10,0,.212,2023
437,436,Joey Ortiz,BAL,15,33,34,7,6,1,0,0,4,4,0,0,9,0,1,0,2,0,0,.212,2023
438,437,Blake Perkins,MIL,56,118,137,25,19,4,0,2,21,16,17,0,41,0,0,2,1,5,2,.212,2023
439,438,Rowdy Tellez,MIL,80,260,290,55,35,7,1,12,23,36,27,2,69,0,3,0,9,0,0,.212,2023
440,439,Alika Williams,PIT,22,52,58,11,8,3,0,0,3,4,6,0,17,0,0,0,1,0,0,.212,2023
441,440,Jose Miranda,MIN,40,142,152,30,23,4,0,3,12,13,9,0,24,1,0,0,8,0,0,.211,2023
442,441,Taylor Walls,TBR,79,242,279,51,31,11,2,7,42,27,36,0,71,1,0,0,1,20,1,.211,2023
443,442,Paul DeJong,- - -,94,323,350,68,44,11,0,13,39,33,21,0,105,5,1,0,9,4,4,.211,2023
444,443,Jonathan Aranda,TBR,6,19,21,4,2,1,0,1,3,3,2,0,7,0,0,0,0,0,0,.211,2023
445,444,Trent Grisham,SDP,120,385,451,81,42,26,1,12,55,40,57,0,131,4,1,3,5,12,3,.210,2023
446,445,Jose Trevino,NYY,55,157,168,33,25,4,0,4,15,15,8,0,22,2,0,1,6,0,0,.210,2023
447,446,Jake Bauers,NYY,69,205,232,43,18,14,0,11,25,26,24,0,79,0,3,0,3,2,1,.210,2023
448,447,Jake Rogers,DET,83,244,272,51,26,10,0,15,35,37,24,0,89,1,2,1,4,0,1,.209,2023
449,448,Chad Wallach,LAA,58,134,149,28,17,3,1,7,17,13,13,0,51,0,0,2,5,0,1,.209,2023
450,449,Oswaldo Cabrera,NYY,85,206,227,43,31,8,0,4,28,23,16,1,51,2,2,1,6,7,0,.209,2023
451,450,Omar Narvaez,NYM,30,72,84,15,11,3,0,1,8,6,9,0,10,0,3,0,1,0,0,.208,2023
452,451,Ramon Laureano,- - -,74,255,279,53,32,12,3,6,28,23,19,0,83,5,0,0,6,9,0,.208,2023
453,452,Sam Haggerty,SEA,31,53,62,11,8,2,0,1,10,3,7,0,11,1,0,1,0,4,1,.208,2023
454,453,Byron Buxton,MIN,85,304,347,63,28,17,1,17,49,42,35,2,109,4,4,0,3,9,0,.207,2023
455,454,Joey Votto,CIN,48,160,185,33,15,5,0,13,20,32,20,0,53,5,0,0,1,0,0,.206,2023
456,455,Trey Cabbage,LAA,12,34,35,7,4,2,0,1,2,6,0,0,17,0,1,0,1,0,1,.206,2023
457,456,Mike Brosseau,MIL,29,73,78,15,9,2,0,4,4,8,4,0,20,1,0,0,2,0,0,.205,2023
458,457,Josh Smith,TEX,69,146,174,30,20,6,0,4,24,8,18,0,44,8,0,2,2,1,0,.205,2023
459,458,Jack Suwinski,PIT,109,331,401,68,30,17,0,21,47,54,60,0,135,6,4,0,1,8,2,.205,2023
460,459,Jorge Mateo,BAL,96,268,294,55,35,12,2,6,44,31,17,0,70,1,3,4,7,25,4,.205,2023
461,460,Garrett Stubbs,PHI,30,78,88,16,12,3,1,0,9,5,7,0,21,2,0,1,0,1,0,.205,2023
462,461,Shea Langeliers,OAK,103,348,381,71,42,15,3,11,36,39,27,2,112,4,1,1,9,2,2,.204,2023
463,462,Casey Schmitt,SFG,69,201,219,41,28,11,0,2,21,25,10,0,52,5,2,1,6,2,1,.204,2023
464,463,Josh Harrison,PHI,41,103,114,21,16,3,0,2,8,10,3,0,20,6,2,0,2,0,0,.204,2023
465,464,J.J. Bleday,OAK,77,241,284,49,28,11,0,10,34,27,38,0,66,2,3,0,3,5,1,.203,2023
466,465,Tyrone Taylor,MIL,49,128,133,26,16,6,0,4,13,14,3,0,28,1,1,0,6,6,0,.203,2023
467,466,Rougned Odor,SDP,59,138,157,28,15,9,0,4,21,18,17,0,37,2,0,0,2,2,1,.203,2023
468,467,Brandon Dixon,SDP,33,79,86,16,10,4,0,2,10,9,1,0,31,4,2,0,1,1,0,.203,2023
469,468,Austin Wynns,- - -,35,84,94,17,11,5,0,1,7,7,5,0,30,1,1,3,4,1,0,.202,2023
470,469,Tucker Barnhart,CHC,47,109,123,22,18,3,0,1,6,9,12,0,42,1,1,0,4,1,0,.202,2023
471,470,Eric Haase,DET,86,264,282,53,40,8,1,4,22,26,16,1,78,0,1,1,10,3,1,.201,2023
472,471,Trevor Story,BOS,9,35,37,7,3,4,0,0,3,0,2,0,11,0,0,0,2,3,1,.200,2023
473,472,Matt Reynolds,CIN,2,5,5,1,1,0,0,0,1,0,0,0,3,0,0,0,0,0,0,.200,2023
474,473,Nathan Lukes,TOR,28,25,30,5,3,1,1,0,4,2,4,0,9,0,1,0,0,0,0,.200,2023
475,474,Jahmai Jones,MIL,7,10,11,2,1,1,0,0,2,3,1,0,5,0,0,0,0,1,0,.200,2023
476,475,Luken Baker,STL,11,30,31,6,6,0,0,0,2,0,1,0,13,0,0,0,0,0,0,.200,2023
477,476,Gabriel Arias,CLE,93,205,231,41,27,7,0,7,21,14,26,0,77,0,0,0,7,1,4,.200,2023
478,477,Richie Palacios,STL,3,5,5,1,0,1,0,0,0,1,0,0,0,0,0,0,0,0,0,.200,2023
479,478,Michael Busch,LAD,15,45,51,9,6,3,0,0,6,4,6,0,16,0,0,0,0,1,0,.200,2023
480,479,Dominic Canzone,- - -,27,75,83,15,9,4,0,2,11,9,7,0,15,1,0,0,3,1,0,.200,2023
481,480,Giancarlo Stanton,NYY,73,266,298,53,26,9,0,18,33,45,29,3,78,2,1,0,6,0,0,.199,2023
482,481,Patrick Wisdom,CHC,79,231,263,46,18,7,1,20,39,40,28,0,101,2,1,1,4,4,2,.199,2023
483,482,Jesse Winker,MIL,61,166,197,33,27,5,0,1,16,23,26,0,51,4,1,0,0,0,0,.199,2023
484,483,Bo Naylor,CLE,40,121,135,24,13,7,0,4,15,14,14,0,37,0,0,0,1,1,0,.198,2023
485,484,Alex Call,WSN,102,335,391,66,47,12,1,6,38,33,46,0,70,6,2,2,1,9,7,.197,2023
486,485,Jackson Frazier,CHW,33,66,76,13,11,1,1,0,10,3,10,0,23,0,0,0,0,4,2,.197,2023
487,486,Nick Allen,OAK,71,198,216,39,33,2,1,3,19,11,12,0,37,1,1,4,5,4,1,.197,2023
488,487,Miguel Vargas,LAD,81,256,304,50,24,15,4,7,36,32,38,1,61,4,4,1,1,3,2,.195,2023
489,488,Mark Vientos,NYM,37,118,126,23,16,5,0,2,5,10,5,0,38,1,2,0,3,0,0,.195,2023
490,489,Grae Kessinger,HOU,19,36,41,7,4,2,0,1,2,1,5,0,10,0,0,0,0,0,1,.194,2023
491,490,Brandon Crawford,SFG,78,242,270,47,30,10,1,6,27,32,22,1,72,2,3,1,5,3,0,.194,2023
492,491,Andrew Velazquez,LAA,45,67,78,13,9,2,0,2,10,2,9,0,24,0,0,2,1,11,2,.194,2023
493,492,Romy Gonzalez,CHW,44,93,97,18,9,4,2,3,11,14,2,0,36,0,1,1,0,7,0,.194,2023
494,493,Vidal Brujan,TBR,28,57,61,11,9,2,0,0,10,5,2,0,16,1,0,1,1,2,1,.193,2023
495,494,Max Muncy,LAD,101,348,424,67,29,9,0,29,68,77,68,4,115,5,3,0,6,1,2,.193,2023
496,495,Danny Mendick,NYM,27,52,54,10,7,2,0,1,4,4,2,0,12,0,0,0,1,0,0,.192,2023
497,496,Kevin Smith,OAK,34,94,102,18,13,1,0,4,11,8,3,0,34,0,0,5,2,1,0,.191,2023
498,497,Avisail Garcia,MIA,35,105,115,20,13,3,1,3,8,11,6,1,38,2,0,0,1,2,0,.190,2023
499,498,Tommy La Stella,SEA,12,21,24,4,3,1,0,0,2,2,3,0,5,0,0,0,0,0,0,.190,2023
500,499,Michael Stefanic,LAA,11,21,25,4,3,1,0,0,3,3,4,0,2,0,0,0,0,0,0,.190,2023
501,500,Brenton Doyle,COL,90,273,300,52,34,9,1,8,35,28,19,0,108,4,3,1,5,16,4,.190,2023
502,501,Pavin Smith,ARI,61,184,217,35,23,5,0,7,26,30,32,0,43,0,0,0,2,1,1,.190,2023
503,502,Wil Myers,CIN,37,127,141,24,18,3,0,3,11,12,12,0,48,0,1,1,3,2,1,.189,2023
504,503,Franchy Cordero,NYY,24,69,71,13,5,2,0,6,9,13,2,0,25,0,0,0,0,0,0,.188,2023
505,504,Franmil Reyes,KCR,19,59,65,11,9,0,0,2,5,7,4,0,24,0,2,0,3,0,0,.186,2023
506,505,Luis Urias,- - -,30,86,104,16,10,3,0,3,9,14,11,0,24,5,0,0,1,0,0,.186,2023
507,506,Alfonso Rivas,- - -,23,54,66,10,4,3,1,2,5,6,7,0,22,3,1,1,0,0,0,.185,2023
508,507,T.J. Hopkins,CIN,19,27,29,5,5,0,0,0,5,1,2,0,8,0,0,0,0,1,0,.185,2023
509,508,Taylor Motter,STL,23,65,70,12,9,3,0,0,3,2,5,0,25,0,0,0,0,0,0,.185,2023
510,509,Coco Montes,COL,18,38,41,7,4,2,0,1,3,3,2,0,12,1,0,0,0,0,0,.184,2023
511,510,Kyle Schwarber,PHI,122,447,547,82,36,13,1,32,75,78,92,4,160,5,3,0,3,0,2,.183,2023
512,511,Hunter Dozier,KCR,29,82,91,15,10,2,1,2,8,9,8,0,29,0,1,0,0,2,0,.183,2023
513,512,Joey Gallo,MIN,98,263,310,48,18,9,1,20,36,38,45,1,131,2,0,0,3,0,0,.183,2023
514,513,Jacob Stallings,MIA,65,170,198,31,22,7,0,2,15,14,21,0,49,3,2,2,5,0,0,.182,2023
515,514,Anthony Bemboom,BAL,6,11,13,2,2,0,0,0,0,0,2,0,2,0,0,0,0,0,0,.182,2023
516,515,Greg Allen,NYY,21,22,27,4,2,0,1,1,6,1,2,0,10,2,0,1,0,3,1,.182,2023
517,516,Josh Lester,BAL,11,22,23,4,4,0,0,0,0,4,1,0,7,0,0,0,1,0,0,.182,2023
518,517,Jose Fermin,STL,11,22,25,4,4,0,0,0,1,0,2,0,2,0,0,1,0,0,0,.182,2023
519,518,Buddy Kennedy,ARI,5,11,15,2,2,0,0,0,1,1,3,0,2,1,0,0,0,0,0,.182,2023
520,519,Peyton Burdick,MIA,14,33,37,6,3,2,0,1,4,2,3,0,18,1,0,0,0,1,0,.182,2023
521,520,Ji-Man Choi,- - -,30,84,92,15,5,4,0,6,12,11,7,0,30,0,1,0,1,0,0,.179,2023
522,521,Kyle Garlick,MIN,14,28,30,5,2,1,0,2,2,4,2,0,11,0,0,0,0,0,0,.179,2023
523,522,Mike Zunino,CLE,42,124,140,22,12,7,0,3,11,11,15,0,61,1,0,0,3,0,0,.177,2023
524,523,Tim Locastro,NYM,19,17,23,3,2,0,0,1,6,1,3,0,5,3,0,0,0,4,0,.176,2023
525,524,Wade Meckler,SFG,5,17,18,3,3,0,0,0,1,0,1,0,11,0,0,0,0,0,0,.176,2023
526,525,Nick Gordon,MIN,34,91,93,16,8,5,1,2,13,7,1,0,11,0,0,1,1,0,0,.176,2023
527,526,Curt Casali,CIN,40,80,96,14,12,2,0,0,8,6,11,0,23,2,0,3,1,0,0,.175,2023
528,527,Brett Wisely,SFG,51,120,131,21,14,5,0,2,10,8,9,0,40,0,1,1,2,2,1,.175,2023
529,528,Austin Hedges,- - -,70,166,193,29,23,5,0,1,13,14,11,0,40,2,3,10,7,1,0,.175,2023
530,529,Samad Taylor,KCR,25,52,61,9,7,1,1,0,10,4,7,0,20,0,1,1,1,7,0,.173,2023
531,530,Oswald Peraza,NYY,19,52,64,9,8,1,0,0,5,6,8,0,16,4,0,0,1,4,1,.173,2023
532,531,Nick Maton,DET,93,249,293,43,26,9,0,8,29,32,38,1,73,3,2,1,4,1,2,.173,2023
533,532,Martin Maldonado,HOU,90,279,314,48,30,9,0,9,23,22,24,0,105,3,0,8,8,0,0,.172,2023
534,533,Jared Young,CHC,13,35,39,6,3,0,2,1,7,5,3,0,11,1,0,0,1,2,0,.171,2023
535,534,Tyler Soderstrom,OAK,26,82,90,14,11,1,0,2,7,5,7,0,28,1,0,0,6,0,0,.171,2023
536,535,Derek Hill,WSN,13,47,50,8,7,1,0,0,3,1,3,0,11,0,0,0,0,1,0,.170,2023
537,536,Brett Sullivan,SDP,21,47,49,8,4,3,0,1,4,5,1,0,13,0,1,0,0,0,0,.170,2023
538,537,Bubba Thompson,TEX,37,53,60,9,4,4,1,0,10,4,4,0,16,1,1,1,0,4,2,.170,2023
539,538,Matt Carpenter,SDP,69,171,210,29,14,11,0,4,15,28,33,0,62,1,4,0,2,1,0,.170,2023
540,539,Darick Hall,PHI,18,54,56,9,7,1,0,1,2,3,2,0,18,0,0,0,2,0,0,.167,2023
541,540,Bobby Dalbec,BOS,10,12,14,2,2,0,0,0,1,0,2,0,8,0,0,0,0,1,0,.167,2023
542,541,Dalton Guthrie,PHI,23,24,28,4,3,1,0,0,4,0,3,0,7,1,0,0,0,0,0,.167,2023
543,542,Matt Mervis,CHC,27,90,99,15,10,2,0,3,8,11,8,0,32,1,0,0,1,0,0,.167,2023
544,543,A.J. Pollock,- - -,54,133,144,22,13,4,0,5,15,15,9,0,32,0,2,0,1,0,1,.165,2023
545,544,Kolten Wong,SEA,67,194,216,32,24,6,0,2,21,19,16,0,46,4,2,0,0,1,1,.165,2023
546,545,Jonah Bride,OAK,30,67,81,11,9,2,0,0,5,5,8,0,15,3,2,1,2,0,0,.164,2023
547,546,Bryce Johnson,SFG,30,43,48,7,5,1,0,1,7,3,4,0,15,0,1,0,0,3,0,.163,2023
548,547,Yu Chang,BOS,39,105,112,17,9,2,0,6,12,18,3,0,34,2,0,2,2,4,0,.162,2023
549,548,Miguel Andujar,PIT,13,31,33,5,2,1,0,2,2,6,2,0,5,0,0,0,0,0,0,.161,2023
550,549,Jason Vosler,CIN,20,62,65,10,4,2,1,3,6,10,3,0,25,0,0,0,0,0,0,.161,2023
551,550,Chris Owings,PIT,11,25,25,4,4,0,0,0,0,0,0,0,12,0,0,0,1,0,0,.160,2023
552,551,Michael Toglia,COL,37,113,124,18,12,4,0,2,14,7,10,0,41,1,0,0,3,1,1,.159,2023
553,552,Kyle Lewis,ARI,16,51,54,8,5,2,0,1,2,2,3,0,21,0,0,0,0,0,0,.157,2023
554,553,Seby Zavala,CHW,66,161,176,25,15,3,0,7,15,16,10,0,68,1,2,2,4,1,0,.155,2023
555,554,Trayce Thompson,- - -,44,91,110,14,9,0,0,5,15,14,18,0,46,1,0,0,1,1,0,.154,2023
556,555,Taylor Kohlwey,SDP,5,13,13,2,2,0,0,0,0,0,0,0,5,0,0,0,0,0,0,.154,2023
557,556,Bligh Madris,HOU,12,26,30,4,3,1,0,0,4,0,4,0,7,0,0,0,0,0,0,.154,2023
558,557,Austin Barnes,LAD,45,129,145,19,16,2,0,1,7,8,11,0,33,2,1,2,6,2,1,.147,2023
559,558,Lenyn Sosa,CHW,24,75,77,11,7,3,0,1,4,5,1,0,18,0,0,1,0,0,0,.147,2023
560,559,Sandy Leon,TEX,22,41,44,6,4,2,0,0,4,4,1,0,20,1,0,1,2,0,0,.146,2023
561,560,Austin Nola,SDP,52,130,154,19,15,3,0,1,9,8,18,0,31,2,0,4,5,0,0,.146,2023
562,561,Jorge Alfaro,- - -,18,48,52,7,2,4,0,1,2,4,2,0,15,2,0,0,3,0,0,.146,2023
563,562,David Villar,SFG,46,124,140,18,7,6,0,5,15,12,11,0,45,4,1,0,1,1,1,.145,2023
564,563,Jordyn Adams,LAA,10,14,14,2,2,0,0,0,0,0,0,0,6,0,0,0,0,0,0,.143,2023
565,564,Masyn Winn,STL,2,7,7,1,1,0,0,0,0,0,0,0,3,0,0,0,0,0,0,.143,2023
566,565,Josh Donaldson,NYY,34,106,120,15,4,1,0,10,13,15,12,0,32,0,2,0,2,0,0,.142,2023
567,566,David Hamilton,BOS,13,29,34,4,2,2,0,0,2,0,5,0,10,0,0,0,1,2,1,.138,2023
568,567,Yonny Hernandez,LAD,14,22,27,3,2,1,0,0,5,4,2,0,8,1,1,1,0,0,0,.136,2023
569,568,Roberto Perez,SFG,5,15,17,2,2,0,0,0,0,1,2,0,6,0,0,0,0,0,0,.133,2023
570,569,Jackie Bradley Jr.,KCR,43,105,113,14,8,5,0,1,10,6,5,0,29,2,0,1,3,0,0,.133,2023
571,570,Cam Gallagher,CLE,47,121,127,16,11,5,0,0,6,7,4,0,37,1,1,0,2,0,0,.132,2023
572,571,Brian Serven,COL,11,23,23,3,2,1,0,0,0,1,0,0,10,0,0,0,0,0,0,.130,2023
573,572,Taylor Trammell,SEA,22,46,56,6,3,0,0,3,7,11,9,0,22,1,0,0,2,0,1,.130,2023
574,573,Tomas Nido,NYM,22,56,61,7,7,0,0,0,5,1,2,0,18,0,1,2,2,0,0,.125,2023
575,574,Kevin Padlo,LAA,3,8,8,1,0,1,0,0,1,0,0,0,0,0,0,0,1,0,0,.125,2023
576,575,Chadwick Tromp,ATL,6,16,16,2,1,1,0,0,1,1,0,0,7,0,0,0,0,0,0,.125,2023
577,576,Canaan Smith-Njigba,PIT,15,32,37,4,2,1,1,0,3,5,4,0,16,0,1,0,1,1,0,.125,2023
578,577,Tyler Nevin,DET,22,49,56,6,5,0,0,1,3,5,5,0,12,1,1,0,1,0,0,.122,2023
579,578,Jon Singleton,- - -,21,58,68,7,4,1,0,2,10,7,10,0,17,0,0,0,2,0,0,.121,2023
580,579,Jared Walsh,LAA,28,67,78,8,3,4,0,1,5,5,11,0,26,0,0,0,1,0,0,.119,2023
581,580,David Hensley,HOU,30,84,94,10,8,1,0,1,12,3,10,0,35,0,0,0,0,1,0,.119,2023
582,581,Colton Cowser,BAL,26,61,77,7,5,2,0,0,15,4,13,0,22,2,1,0,1,1,0,.115,2023
583,582,David Dahl,SDP,4,9,9,1,0,0,0,1,1,1,0,0,2,0,0,0,0,0,0,.111,2023
584,583,Cesar Salazar,HOU,13,18,19,2,2,0,0,0,1,0,1,0,6,0,0,0,1,0,0,.111,2023
585,584,Ryan Kreidler,DET,11,18,18,2,2,0,0,0,2,0,0,0,7,0,0,0,0,0,0,.111,2023
586,585,Jonathan Arauz,NYM,13,38,42,4,2,0,0,2,2,5,4,0,13,0,0,0,0,0,0,.105,2023
587,586,Luke Williams,- - -,5,10,10,1,1,0,0,0,1,0,0,0,3,0,0,0,0,1,0,.100,2023
588,587,Ben Rortvedt,NYY,20,41,47,4,2,1,0,1,3,2,6,0,11,0,0,0,1,0,0,.098,2023
589,588,Cooper Hummel,SEA,10,23,26,2,1,1,0,0,2,0,2,0,9,1,0,0,1,1,0,.087,2023
590,589,Abraham Almonte,NYM,5,12,13,1,0,1,0,0,1,0,1,0,8,0,0,0,0,0,0,.083,2023
591,590,Brett Phillips,LAA,20,13,16,1,1,0,0,0,3,2,3,0,8,0,0,0,0,3,0,.077,2023
592,591,Nate Eaton,KCR,28,53,56,4,4,0,0,0,2,1,2,0,21,1,0,0,0,3,0,.075,2023
593,592,Edwin Rios,CHC,18,28,34,2,0,1,0,1,3,2,5,0,16,1,0,0,0,0,0,.071,2023
594,593,Eli White,ATL,6,14,17,1,1,0,0,0,1,0,2,0,7,1,0,0,0,0,0,.071,2023
595,594,Kyle Stowers,BAL,14,30,33,2,2,0,0,0,1,0,3,0,12,0,0,0,1,0,0,.067,2023
596,595,Isan Diaz,- - -,8,24,26,1,1,0,0,0,0,1,2,0,9,0,0,0,0,0,0,.042,2023
597,596,Tommy Hunter,NYM,14,0,0,0,0,0,0,0,0,0,0,0,0,0,0,0,0,0,0,.000,2023
598,597,Matt Bush,MIL,12,0,0,0,0,0,0,0,0,0,0,0,0,0,0,0,0,0,0,.000,2023
599,598,Adam Ottavino,NYM,53,0,0,0,0,0,0,0,0,0,0,0,0,0,0,0,0,0,0,.000,2023
600,599,Matt Moore,LAA,37,0,0,0,0,0,0,0,0,0,0,0,0,0,0,0,0,0,0,.000,2023
601,600,Zack Greinke,KCR,22,0,0,0,0,0,0,0,0,0,0,0,0,0,0,0,0,0,0,.000,2023
602,601,Clayton Kershaw,LAD,18,0,0,0,0,0,0,0,0,0,0,0,0,0,0,0,0,0,0,.000,2023
603,602,Adam Wainwright,STL,16,0,0,0,0,0,0,0,0,0,0,0,0,0,0,0,0,0,0,.000,2023
604,603,Corey Kluber,BOS,15,0,0,0,0,0,0,0,0,0,0,0,0,0,0,0,0,0,0,.000,2023
605,604,Lance Lynn,- - -,25,0,0,0,0,0,0,0,0,0,0,0,0,0,0,0,0,0,0,.000,2023
606,605,Kenley Jansen,BOS,44,0,0,0,0,0,0,0,0,0,0,0,0,0,0,0,0,0,0,.000,2023
607,606,Max Scherzer,- - -,22,0,0,0,0,0,0,0,0,0,0,0,0,0,0,0,0,0,0,.000,2023
608,607,T.J. McFarland,NYM,3,0,0,0,0,0,0,0,0,0,0,0,0,0,0,0,0,0,0,.000,2023
609,608,Liam Hendriks,CHW,5,0,0,0,0,0,0,0,0,0,0,0,0,0,0,0,0,0,0,.000,2023
610,609,Charlie Morton,ATL,24,0,0,0,0,0,0,0,0,0,0,0,0,0,0,0,0,0,0,.000,2023
611,610,Rich Hill,- - -,25,0,0,0,0,0,0,0,0,0,0,0,0,0,0,0,0,0,0,.000,2023
612,611,Fernando Abad,COL,6,0,0,0,0,0,0,0,0,0,0,0,0,0,0,0,0,0,0,.000,2023
613,612,Jake Diekman,- - -,48,0,0,0,0,0,0,0,0,0,0,0,0,0,0,0,0,0,0,.000,2023
614,613,Jeurys Familia,OAK,14,0,0,0,0,0,0,0,0,0,0,0,0,0,0,0,0,0,0,.000,2023
615,614,Jesse Chavez,ATL,31,0,0,0,0,0,0,0,0,0,0,0,0,0,0,0,0,0,0,.000,2023
616,615,Madison Bumgarner,ARI,4,0,0,0,0,0,0,0,0,0,0,0,0,0,0,0,0,0,0,.000,2023
617,616,Ryan Brasier,- - -,44,0,0,0,0,0,0,0,0,0,0,0,0,0,0,0,0,0,0,.000,2023
618,617,Huascar Brazoban,MIA,48,0,0,0,0,0,0,0,0,0,0,0,0,0,0,0,0,0,0,.000,2023
619,618,Trevor May,OAK,35,0,0,0,0,0,0,0,0,0,0,0,0,0,0,0,0,0,0,.000,2023
620,619,Jose Cisnero,DET,51,0,0,0,0,0,0,0,0,0,0,0,0,0,0,0,0,0,0,.000,2023
621,620,Alex Cobb,SFG,23,0,0,0,0,0,0,0,0,0,0,0,0,0,0,0,0,0,0,.000,2023
622,621,Carlos Carrasco,NYM,18,0,0,0,0,0,0,0,0,0,0,0,0,0,0,0,0,0,0,.000,2023
623,622,Craig Kimbrel,PHI,54,0,0,0,0,0,0,0,0,0,0,0,0,0,0,0,0,0,0,.000,2023
624,623,Alex Colome,CHW,4,0,0,0,0,0,0,0,0,0,0,0,0,0,0,0,0,0,0,.000,2023
625,624,Julio Teheran,MIL,11,0,0,0,0,0,0,0,0,0,0,0,0,0,0,0,0,0,0,.000,2023
626,625,Johnny Cueto,MIA,7,0,0,0,0,0,0,0,0,0,0,0,0,0,0,0,0,0,0,.000,2023
627,626,Chase Anderson,- - -,14,0,0,0,0,0,0,0,0,0,0,0,0,0,0,0,0,0,0,.000,2023
628,627,Martin Perez,TEX,23,0,0,0,0,0,0,0,0,0,0,0,0,0,0,0,0,0,0,.000,2023
629,628,Luis Garcia,SDP,46,0,0,0,0,0,0,0,0,0,0,0,0,0,0,0,0,0,0,.000,2023
630,629,Ian Kennedy,TEX,11,0,0,0,0,0,0,0,0,0,0,0,0,0,0,0,0,0,0,.000,2023
631,630,Ryan Pressly,HOU,52,0,0,0,0,0,0,0,0,0,0,0,0,0,0,0,0,0,0,.000,2023
632,631,Fernando Cruz,CIN,44,0,0,0,0,0,0,0,0,0,0,0,0,0,0,0,0,0,0,.000,2023
633,632,Daniel Bard,COL,43,0,0,0,0,0,0,0,0,0,0,0,0,0,0,0,0,0,0,.000,2023
634,633,Daniel Hudson,LAD,3,0,0,0,0,0,0,0,0,0,0,0,0,0,0,0,0,0,0,.000,2023
635,634,Jay Jackson,TOR,18,0,0,0,0,0,0,0,0,0,0,0,0,0,0,0,0,0,0,.000,2023
636,635,Collin McHugh,ATL,37,0,0,0,0,0,0,0,0,0,0,0,0,0,0,0,0,0,0,.000,2023
637,636,Jordan Lyles,KCR,23,0,0,0,0,0,0,0,0,0,0,0,0,0,0,0,0,0,0,.000,2023
638,637,Tommy Milone,SEA,2,0,0,0,0,0,0,0,0,0,0,0,0,0,0,0,0,0,0,.000,2023
639,638,Richard Bleier,BOS,27,0,0,0,0,0,0,0,0,0,0,0,0,0,0,0,0,0,0,.000,2023
640,639,Anthony Bass,TOR,22,0,0,0,0,0,0,0,0,0,0,0,0,0,0,0,0,0,0,.000,2023
641,640,Will Smith,TEX,45,0,0,0,0,0,0,0,0,0,0,0,0,0,0,0,0,0,0,.000,2023
642,641,Bryan Shaw,CHW,14,0,0,0,0,0,0,0,0,0,0,0,0,0,0,0,0,0,0,.000,2023
643,642,David Robertson,- - -,48,0,0,0,0,0,0,0,0,0,0,0,0,0,0,0,0,0,0,.000,2023
644,643,Paolo Espino,WSN,3,0,0,0,0,0,0,0,0,0,0,0,0,0,0,0,0,0,0,.000,2023
645,644,Lucas Luetge,ATL,11,0,0,0,0,0,0,0,0,0,0,0,0,0,0,0,0,0,0,.000,2023
646,645,Ehire Adrianza,ATL,5,10,11,0,0,0,0,0,0,0,1,0,4,0,0,0,0,0,0,.000,2023
647,646,Justin Verlander,- - -,19,0,0,0,0,0,0,0,0,0,0,0,0,0,0,0,0,0,0,.000,2023
648,647,Wade Miley,MIL,16,0,0,0,0,0,0,0,0,0,0,0,0,0,0,0,0,0,0,.000,2023
649,648,Kirby Yates,ATL,48,0,0,0,0,0,0,0,0,0,0,0,0,0,0,0,0,0,0,.000,2023
650,649,Brad Hand,- - -,46,0,0,0,0,0,0,0,0,0,0,0,0,0,0,0,0,0,0,.000,2023
651,650,Nathan Eovaldi,TEX,19,0,0,0,0,0,0,0,0,0,0,0,0,0,0,0,0,0,0,.000,2023
652,651,Patrick Corbin,WSN,25,0,0,0,0,0,0,0,0,0,0,0,0,0,0,0,0,0,0,.000,2023
653,652,Dallas Keuchel,MIN,2,0,0,0,0,0,0,0,0,0,0,0,0,0,0,0,0,0,0,.000,2023
654,653,Joe Kelly,- - -,35,0,0,0,0,0,0,0,0,0,0,0,0,0,0,0,0,0,0,.000,2023
655,654,Miles Mikolas,STL,27,0,0,0,0,0,0,0,0,0,0,0,0,0,0,0,0,0,0,.000,2023
656,655,Brooks Raley,NYM,51,0,0,0,0,0,0,0,0,0,0,0,0,0,0,0,0,0,0,.000,2023
657,656,Caleb Thielbar,MIN,19,0,0,0,0,0,0,0,0,0,0,0,0,0,0,0,0,0,0,.000,2023
658,657,Kyle Gibson,BAL,26,0,0,0,0,0,0,0,0,0,0,0,0,0,0,0,0,0,0,.000,2023
659,658,Brad Boxberger,CHC,17,0,0,0,0,0,0,0,0,0,0,0,0,0,0,0,0,0,0,.000,2023
660,659,Ryan Weber,NYY,8,0,0,0,0,0,0,0,0,0,0,0,0,0,0,0,0,0,0,.000,2023
661,660,Shelby Miller,LAD,25,1,1,0,0,0,0,0,0,0,0,0,0,0,0,0,0,0,0,.000,2023
662,661,Billy Hamilton,CHW,3,2,2,0,0,0,0,0,2,0,0,0,1,0,0,0,0,2,0,.000,2023
663,662,Aroldis Chapman,- - -,47,0,0,0,0,0,0,0,0,0,0,0,0,0,0,0,0,0,0,.000,2023
664,663,Ryan Tepera,- - -,12,0,0,0,0,0,0,0,0,0,0,0,0,0,0,0,0,0,0,.000,2023
665,664,Zack Wheeler,PHI,24,0,0,0,0,0,0,0,0,0,0,0,0,0,0,0,0,0,0,.000,2023
666,665,Erasmo Ramirez,- - -,29,0,0,0,0,0,0,0,0,0,0,0,0,0,0,0,0,0,0,.000,2023
667,666,Michael Tonkin,ATL,31,0,0,0,0,0,0,0,0,0,0,0,0,0,0,0,0,0,0,.000,2023
668,667,Aaron Loup,LAA,43,0,0,0,0,0,0,0,0,0,0,0,0,0,0,0,0,0,0,.000,2023
669,668,Mychal Givens,BAL,6,0,0,0,0,0,0,0,0,0,0,0,0,0,0,0,0,0,0,.000,2023
670,669,Scott Alexander,SFG,44,0,0,0,0,0,0,0,0,0,0,0,0,0,0,0,0,0,0,.000,2023
671,670,Chris Sale,BOS,13,0,0,0,0,0,0,0,0,0,0,0,0,0,0,0,0,0,0,.000,2023
672,671,Andrew Bellatti,PHI,20,0,0,0,0,0,0,0,0,0,0,0,0,0,0,0,0,0,0,.000,2023
673,672,Adam Kolarek,LAD,1,0,0,0,0,0,0,0,0,0,0,0,0,0,0,0,0,0,0,.000,2023
674,673,Chasen Shreve,DET,47,0,0,0,0,0,0,0,0,0,0,0,0,0,0,0,0,0,0,.000,2023
675,674,Jacob deGrom,TEX,6,0,0,0,0,0,0,0,0,0,0,0,0,0,0,0,0,0,0,.000,2023
676,675,Casey Lawrence,STL,1,0,0,0,0,0,0,0,0,0,0,0,0,0,0,0,0,0,0,.000,2023
677,676,Merrill Kelly,ARI,22,0,0,0,0,0,0,0,0,0,0,0,0,0,0,0,0,0,0,.000,2023
678,677,Vince Velasquez,PIT,8,0,0,0,0,0,0,0,0,0,0,0,0,0,0,0,0,0,0,.000,2023
679,678,Zach Neal,OAK,6,0,0,0,0,0,0,0,0,0,0,0,0,0,0,0,0,0,0,.000,2023
680,679,Sean Nolin,MIA,1,0,0,0,0,0,0,0,0,0,0,0,0,0,0,0,0,0,0,.000,2023
681,680,Tommy Kahnle,NYY,31,0,0,0,0,0,0,0,0,0,0,0,0,0,0,0,0,0,0,.000,2023
682,681,Jose Quintana,NYM,6,0,0,0,0,0,0,0,0,0,0,0,0,0,0,0,0,0,0,.000,2023
683,682,Robbie Ray,SEA,1,0,0,0,0,0,0,0,0,0,0,0,0,0,0,0,0,0,0,.000,2023
684,683,Joely Rodriguez,BOS,11,0,0,0,0,0,0,0,0,0,0,0,0,0,0,0,0,0,0,.000,2023
685,684,Jose Urena,COL,5,0,0,0,0,0,0,0,0,0,0,0,0,0,0,0,0,0,0,.000,2023
686,685,Heath Hembree,TBR,1,0,0,0,0,0,0,0,0,0,0,0,0,0,0,0,0,0,0,.000,2023
687,686,Jameson Taillon,CHC,22,0,0,0,0,0,0,0,0,0,0,0,0,0,0,0,0,0,0,.000,2023
688,687,Luke Jackson,SFG,19,0,0,0,0,0,0,0,0,0,0,0,0,0,0,0,0,0,0,.000,2023
689,688,Drew Smyly,CHC,26,0,0,0,0,0,0,0,0,0,0,0,0,0,0,0,0,0,0,.000,2023
690,689,Noah Syndergaard,- - -,16,0,0,0,0,0,0,0,0,0,0,0,0,0,0,0,0,0,0,.000,2023
691,690,Hector Neris,HOU,54,0,0,0,0,0,0,0,0,0,0,0,0,0,0,0,0,0,0,.000,2023
692,691,James Paxton,BOS,16,0,0,0,0,0,0,0,0,0,0,0,0,0,0,0,0,0,0,.000,2023
693,692,Taijuan Walker,PHI,24,0,0,0,0,0,0,0,0,0,0,0,0,0,0,0,0,0,0,.000,2023
694,693,Chris Martin,BOS,44,0,0,0,0,0,0,0,0,0,0,0,0,0,0,0,0,0,0,.000,2023
695,694,Jason Adam,TBR,52,0,0,0,0,0,0,0,0,0,0,0,0,0,0,0,0,0,0,.000,2023
696,695,Kyle Hendricks,CHC,16,0,0,0,0,0,0,0,0,0,0,0,0,0,0,0,0,0,0,.000,2023
697,696,Scott McGough,ARI,54,0,0,0,0,0,0,0,0,0,0,0,0,0,0,0,0,0,0,.000,2023
698,697,Yimi Garcia,TOR,56,0,0,0,0,0,0,0,0,0,0,0,0,0,0,0,0,0,0,.000,2023
699,698,Domingo Tapia,SDP,15,0,0,0,0,0,0,0,0,0,0,0,0,0,0,0,0,0,0,.000,2023
700,699,Ryan Sherriff,BOS,5,0,0,0,0,0,0,0,0,0,0,0,0,0,0,0,0,0,0,.000,2023
701,700,Chris Bassitt,TOR,26,0,0,0,0,0,0,0,0,0,0,0,0,0,0,0,0,0,0,.000,2023
702,701,Colin Rea,MIL,20,0,0,0,0,0,0,0,0,0,0,0,0,0,0,0,0,0,0,.000,2023
703,702,Spencer Patton,OAK,4,0,0,0,0,0,0,0,0,0,0,0,0,0,0,0,0,0,0,.000,2023
704,703,Seth Lugo,SDP,19,0,0,0,0,0,0,0,0,0,0,0,0,0,0,0,0,0,0,.000,2023
705,704,Drew Rucinski,OAK,4,0,0,0,0,0,0,0,0,0,0,0,0,0,0,0,0,0,0,.000,2023
706,705,Nick Ramirez,NYY,26,0,0,0,0,0,0,0,0,0,0,0,0,0,0,0,0,0,0,.000,2023
707,706,Adrian Houser,MIL,17,0,0,0,0,0,0,0,0,0,0,0,0,0,0,0,0,0,0,.000,2023
708,707,Nick Martinez,SDP,52,0,0,0,0,0,0,0,0,0,0,0,0,0,0,0,0,0,0,.000,2023
709,708,Rafael Montero,HOU,51,0,0,0,0,0,0,0,0,0,0,0,0,0,0,0,0,0,0,.000,2023
710,709,Chris Devenski,LAA,29,0,0,0,0,0,0,0,0,0,0,0,0,0,0,0,0,0,0,.000,2023
711,710,Sonny Gray,MIN,25,0,0,0,0,0,0,0,0,0,0,0,0,0,0,0,0,0,0,.000,2023
712,711,John Brebbia,SFG,29,0,0,0,0,0,0,0,0,0,0,0,0,0,0,0,0,0,0,.000,2023
713,712,Michael Kelly,CLE,11,0,0,0,0,0,0,0,0,0,0,0,0,0,0,0,0,0,0,.000,2023
714,713,Mike Clevinger,CHW,16,0,0,0,0,0,0,0,0,0,0,0,0,0,0,0,0,0,0,.000,2023
715,714,Andrew Kittredge,TBR,1,0,0,0,0,0,0,0,0,0,0,0,0,0,0,0,0,0,0,.000,2023
716,715,Shawn Armstrong,TBR,23,0,0,0,0,0,0,0,0,0,0,0,0,0,0,0,0,0,0,.000,2023
717,716,Matt Barnes,MIA,24,0,0,0,0,0,0,0,0,0,0,0,0,0,0,0,0,0,0,.000,2023
718,717,Tyler Anderson,LAA,22,0,0,0,0,0,0,0,0,0,0,0,0,0,0,0,0,0,0,.000,2023
719,718,Alex Claudio,MIL,1,0,0,0,0,0,0,0,0,0,0,0,0,0,0,0,0,0,0,.000,2023
720,719,Archie Bradley,MIA,4,0,0,0,0,0,0,0,0,0,0,0,0,0,0,0,0,0,0,.000,2023
721,720,Joe Musgrove,SDP,17,0,0,0,0,0,0,0,0,0,0,0,0,0,0,0,0,0,0,.000,2023
722,721,Andrew Chafin,- - -,50,0,0,0,0,0,0,0,0,0,0,0,0,0,0,0,0,0,0,.000,2023
723,722,Colten Brewer,NYY,3,0,0,0,0,0,0,0,0,0,0,0,0,0,0,0,0,0,0,.000,2023
724,723,Anthony DeSclafani,SFG,19,0,0,0,0,0,0,0,0,0,0,0,0,0,0,0,0,0,0,.000,2023
725,724,Yu Darvish,SDP,23,0,0,0,0,0,0,0,0,0,0,0,0,0,0,0,0,0,0,.000,2023
726,725,Gerrit Cole,NYY,26,0,0,0,0,0,0,0,0,0,0,0,0,0,0,0,0,0,0,.000,2023
727,726,Derek Law,CIN,39,0,0,0,0,0,0,0,0,0,0,0,0,0,0,0,0,0,0,.000,2023
728,727,Eduardo Rodriguez,DET,18,0,0,0,0,0,0,0,0,0,0,0,0,0,0,0,0,0,0,.000,2023
729,728,Zach Davies,ARI,12,0,0,0,0,0,0,0,0,0,0,0,0,0,0,0,0,0,0,.000,2023
730,729,Jordan Weems,WSN,33,0,0,0,0,0,0,0,0,0,0,0,0,0,0,0,0,0,0,.000,2023
731,730,Michael Fulmer,CHC,55,1,1,0,0,0,0,0,0,0,0,0,1,0,0,0,0,0,0,.000,2023
732,731,Ross Stripling,SFG,19,0,0,0,0,0,0,0,0,0,0,0,0,0,0,0,0,0,0,.000,2023
733,732,Matt Carasiti,COL,14,0,0,0,0,0,0,0,0,0,0,0,0,0,0,0,0,0,0,.000,2023
734,733,Danny Coulombe,BAL,47,0,0,0,0,0,0,0,0,0,0,0,0,0,0,0,0,0,0,.000,2023
735,734,Luis Cessa,CIN,7,0,0,0,0,0,0,0,0,0,0,0,0,0,0,0,0,0,0,.000,2023
736,735,Hoby Milner,MIL,57,0,0,0,0,0,0,0,0,0,0,0,0,0,0,0,0,0,0,.000,2023
737,736,Steven Matz,STL,25,0,0,0,0,0,0,0,0,0,0,0,0,0,0,0,0,0,0,.000,2023
738,737,Dylan Floro,- - -,51,0,0,0,0,0,0,0,0,0,0,0,0,0,0,0,0,0,0,.000,2023
739,738,Matt Koch,COL,23,0,0,0,0,0,0,0,0,0,0,0,0,0,0,0,0,0,0,.000,2023
740,739,Drew VerHagen,STL,47,0,0,0,0,0,0,0,0,0,0,0,0,0,0,0,0,0,0,.000,2023
741,740,Marcus Stroman,CHC,23,0,0,0,0,0,0,0,0,0,0,0,0,0,0,0,0,0,0,.000,2023
742,741,Pierce Johnson,- - -,54,0,0,0,0,0,0,0,0,0,0,0,0,0,0,0,0,0,0,.000,2023
743,742,Taylor Rogers,SFG,46,0,0,0,0,0,0,0,0,0,0,0,0,0,0,0,0,0,0,.000,2023
744,743,Lucas Sims,CIN,51,0,0,0,0,0,0,0,0,0,0,0,0,0,0,0,0,0,0,.000,2023
745,744,Daniel Norris,CLE,6,0,0,0,0,0,0,0,0,0,0,0,0,0,0,0,0,0,0,.000,2023
746,745,Blake Snell,SDP,25,0,0,0,0,0,0,0,0,0,0,0,0,0,0,0,0,0,0,.000,2023
747,746,Steven Okert,MIA,49,0,0,0,0,0,0,0,0,0,0,0,0,0,0,0,0,0,0,.000,2023
748,747,Robert Stephenson,- - -,45,0,0,0,0,0,0,0,0,0,0,0,0,0,0,0,0,0,0,.000,2023
749,748,Carl Edwards Jr.,WSN,32,0,0,0,0,0,0,0,0,0,0,0,0,0,0,0,0,0,0,.000,2023
750,749,Jakob Junis,SFG,32,0,0,0,0,0,0,0,0,0,0,0,0,0,0,0,0,0,0,.000,2023
751,750,Clay Holmes,NYY,49,0,0,0,0,0,0,0,0,0,0,0,0,0,0,0,0,0,0,.000,2023
752,751,Tayler Scott,- - -,18,0,0,0,0,0,0,0,0,0,0,0,0,0,0,0,0,0,0,.000,2023
753,752,Jake Faria,BOS,1,0,0,0,0,0,0,0,0,0,0,0,0,0,0,0,0,0,0,.000,2023
754,753,Joey Krehbiel,BAL,2,0,0,0,0,0,0,0,0,0,0,0,0,0,0,0,0,0,0,.000,2023
755,754,Kyle Barraclough,BOS,2,0,0,0,0,0,0,0,0,0,0,0,0,0,0,0,0,0,0,.000,2023
756,755,Max Fried,ATL,8,0,0,0,0,0,0,0,0,0,0,0,0,0,0,0,0,0,0,.000,2023
757,756,Chris Stratton,- - -,49,0,0,0,0,0,0,0,0,0,0,0,0,0,0,0,0,0,0,.000,2023
758,757,Dominic Leone,- - -,37,0,0,0,0,0,0,0,0,0,0,0,0,0,0,0,0,0,0,.000,2023
759,758,JT Chargois,MIA,31,0,0,0,0,0,0,0,0,0,0,0,0,0,0,0,0,0,0,.000,2023
760,759,Zach Eflin,TBR,24,0,0,0,0,0,0,0,0,0,0,0,0,0,0,0,0,0,0,.000,2023
761,760,Alex Wood,SFG,20,0,0,0,0,0,0,0,0,0,0,0,0,0,0,0,0,0,0,.000,2023
762,761,Matt Strahm,PHI,40,0,0,0,0,0,0,0,0,0,0,0,0,0,0,0,0,0,0,.000,2023
763,762,Austin Adams,ARI,24,0,0,0,0,0,0,0,0,0,0,0,0,0,0,0,0,0,0,.000,2023
764,763,Alec Mills,CIN,1,0,0,0,0,0,0,0,0,0,0,0,0,0,0,0,0,0,0,.000,2023
765,764,Paul Sewald,- - -,52,0,0,0,0,0,0,0,0,0,0,0,0,0,0,0,0,0,0,.000,2023
766,765,Chris Flexen,- - -,21,0,0,0,0,0,0,0,0,0,0,0,0,0,0,0,0,0,0,.000,2023
767,766,Brent Suter,COL,44,0,0,0,0,0,0,0,0,0,0,0,0,0,0,0,0,0,0,.000,2023
768,767,Michael Wacha,SDP,16,0,0,0,0,0,0,0,0,0,0,0,0,0,0,0,0,0,0,.000,2023
769,768,Kevin Gausman,TOR,24,0,0,0,0,0,0,0,0,0,0,0,0,0,0,0,0,0,0,.000,2023
770,769,Jose Berrios,TOR,25,0,0,0,0,0,0,0,0,0,0,0,0,0,0,0,0,0,0,.000,2023
771,770,Josh Hader,SDP,46,0,0,0,0,0,0,0,0,0,0,0,0,0,0,0,0,0,0,.000,2023
772,771,Wandy Peralta,NYY,52,0,0,0,0,0,0,0,0,0,0,0,0,0,0,0,0,0,0,.000,2023
773,772,Joel Payamps,MIL,55,0,0,0,0,0,0,0,0,0,0,0,0,0,0,0,0,0,0,.000,2023
774,773,Ty Blach,COL,12,0,0,0,0,0,0,0,0,0,0,0,0,0,0,0,0,0,0,.000,2023
775,774,Tyler Glasnow,TBR,14,0,0,0,0,0,0,0,0,0,0,0,0,0,0,0,0,0,0,.000,2023
776,775,Amir Garrett,KCR,27,0,0,0,0,0,0,0,0,0,0,0,0,0,0,0,0,0,0,.000,2023
777,776,Yunior Marte,PHI,36,0,0,0,0,0,0,0,0,0,0,0,0,0,0,0,0,0,0,.000,2023
778,777,Hyun-Jin Ryu,TOR,3,0,0,0,0,0,0,0,0,0,0,0,0,0,0,0,0,0,0,.000,2023
779,778,Dereck Rodriguez,- - -,3,0,0,0,0,0,0,0,0,0,0,0,0,0,0,0,0,0,0,.000,2023
780,779,Jose Leclerc,TEX,37,0,0,0,0,0,0,0,0,0,0,0,0,0,0,0,0,0,0,.000,2023
781,780,Jorge Lopez,- - -,47,0,0,0,0,0,0,0,0,0,0,0,0,0,0,0,0,0,0,.000,2023
782,781,Carlos Estevez,LAA,50,0,0,0,0,0,0,0,0,0,0,0,0,0,0,0,0,0,0,.000,2023
783,782,Jose Ruiz,- - -,38,0,0,0,0,0,0,0,0,0,0,0,0,0,0,0,0,0,0,.000,2023
784,783,Chi Chi Gonzalez,MIA,2,0,0,0,0,0,0,0,0,0,0,0,0,0,0,0,0,0,0,.000,2023
785,784,Duane Underwood Jr.,PIT,20,0,0,0,0,0,0,0,0,0,0,0,0,0,0,0,0,0,0,.000,2023
786,785,Andres Machado,WSN,28,0,0,0,0,0,0,0,0,0,0,0,0,0,0,0,0,0,0,.000,2023
787,786,Anthony Banda,WSN,10,0,0,0,0,0,0,0,0,0,0,0,0,0,0,0,0,0,0,.000,2023
788,787,Paul Blackburn,OAK,14,0,0,0,0,0,0,0,0,0,0,0,0,0,0,0,0,0,0,.000,2023
789,788,Julio Urias,LAD,19,0,0,0,0,0,0,0,0,0,0,0,0,0,0,0,0,0,0,.000,2023
790,789,Emilio Pagan,MIN,51,0,0,0,0,0,0,0,0,0,0,0,0,0,0,0,0,0,0,.000,2023
791,790,Buck Farmer,CIN,55,0,0,0,0,0,0,0,0,0,0,0,0,0,0,0,0,0,0,.000,2023
792,791,Dylan Covey,- - -,18,0,0,0,0,0,0,0,0,0,0,0,0,0,0,0,0,0,0,.000,2023
793,792,Michael Lorenzen,- - -,21,0,0,0,0,0,0,0,0,0,0,0,0,0,0,0,0,0,0,.000,2023
794,793,Matt Dermody,BOS,1,0,0,0,0,0,0,0,0,0,0,0,0,0,0,0,0,0,0,.000,2023
795,794,Joe Mantiply,ARI,20,0,0,0,0,0,0,0,0,0,0,0,0,0,0,0,0,0,0,.000,2023
796,795,Sam Moll,- - -,52,0,0,0,0,0,0,0,0,0,0,0,0,0,0,0,0,0,0,.000,2023
797,796,Jon Gray,TEX,22,0,0,0,0,0,0,0,0,0,0,0,0,0,0,0,0,0,0,.000,2023
798,797,Ben Lively,CIN,14,0,0,0,0,0,0,0,0,0,0,0,0,0,0,0,0,0,0,.000,2023
799,798,Reyes Moronta,LAA,2,0,0,0,0,0,0,0,0,0,0,0,0,0,0,0,0,0,0,.000,2023
800,799,Chad Kuhl,WSN,16,0,0,0,0,0,0,0,0,0,0,0,0,0,0,0,0,0,0,.000,2023
801,800,Giovanny Gallegos,STL,46,0,0,0,0,0,0,0,0,0,0,0,0,0,0,0,0,0,0,.000,2023
802,801,Scott Barlow,- - -,46,0,0,0,0,0,0,0,0,0,0,0,0,0,0,0,0,0,0,.000,2023
803,802,Yacksel Rios,OAK,3,0,0,0,0,0,0,0,0,0,0,0,0,0,0,0,0,0,0,.000,2023
804,803,Kyle Finnegan,WSN,52,0,0,0,0,0,0,0,0,0,0,0,0,0,0,0,0,0,0,.000,2023
805,804,Chase De Jong,PIT,6,0,0,0,0,0,0,0,0,0,0,0,0,0,0,0,0,0,0,.000,2023
806,805,German Marquez,COL,4,0,0,0,0,0,0,0,0,0,0,0,0,0,0,0,0,0,0,.000,2023
807,806,Tim Mayza,TOR,56,0,0,0,0,0,0,0,0,0,0,0,0,0,0,0,0,0,0,.000,2023
808,807,Trevor Gott,- - -,49,0,0,0,0,0,0,0,0,0,0,0,0,0,0,0,0,0,0,.000,2023
809,808,Austin Voth,BAL,23,0,0,0,0,0,0,0,0,0,0,0,0,0,0,0,0,0,0,.000,2023
810,809,Silvino Bracho,CIN,5,0,0,0,0,0,0,0,0,0,0,0,0,0,0,0,0,0,0,.000,2023
811,810,Yency Almonte,LAD,49,0,0,0,0,0,0,0,0,0,0,0,0,0,0,0,0,0,0,.000,2023
812,811,Adam Engel,SDP,5,6,6,0,0,0,0,0,0,0,0,0,2,0,0,0,0,0,1,.000,2023
813,812,Rob Zastryzny,PIT,18,0,0,0,0,0,0,0,0,0,0,0,0,0,0,0,0,0,0,.000,2023
814,813,Ben Heller,ATL,16,0,0,0,0,0,0,0,0,0,0,0,0,0,0,0,0,0,0,.000,2023
815,814,Justin Topa,SEA,54,0,0,0,0,0,0,0,0,0,0,0,0,0,0,0,0,0,0,.000,2023
816,815,Jimmy Yacabonis,NYM,7,0,0,0,0,0,0,0,0,0,0,0,0,0,0,0,0,0,0,.000,2023
817,816,Alan Busenitz,CIN,5,0,0,0,0,0,0,0,0,0,0,0,0,0,0,0,0,0,0,.000,2023
818,817,Cole Sulser,ARI,4,0,0,0,0,0,0,0,0,0,0,0,0,0,0,0,0,0,0,.000,2023
819,818,Keynan Middleton,- - -,46,0,0,0,0,0,0,0,0,0,0,0,0,0,0,0,0,0,0,.000,2023
820,819,Adam Cimber,TOR,22,0,0,0,0,0,0,0,0,0,0,0,0,0,0,0,0,0,0,.000,2023
821,820,Austin Pruitt,OAK,38,0,0,0,0,0,0,0,0,0,0,0,0,0,0,0,0,0,0,.000,2023
822,821,Kevin Herget,CIN,13,0,0,0,0,0,0,0,0,0,0,0,0,0,0,0,0,0,0,.000,2023
823,822,Andrew Heaney,TEX,24,0,0,0,0,0,0,0,0,0,0,0,0,0,0,0,0,0,0,.000,2023
824,823,Matthew Boyd,DET,15,0,0,0,0,0,0,0,0,0,0,0,0,0,0,0,0,0,0,.000,2023
825,824,Zack Weiss,LAA,6,0,0,0,0,0,0,0,0,0,0,0,0,0,0,0,0,0,0,.000,2023
826,825,Mike Mayers,KCR,6,0,0,0,0,0,0,0,0,0,0,0,0,0,0,0,0,0,0,.000,2023
827,826,Nick Pivetta,BOS,29,0,0,0,0,0,0,0,0,0,0,0,0,0,0,0,0,0,0,.000,2023
828,827,Jose De Leon,MIN,13,0,0,0,0,0,0,0,0,0,0,0,0,0,0,0,0,0,0,.000,2023
829,828,Marco Gonzales,SEA,10,0,0,0,0,0,0,0,0,0,0,0,0,0,0,0,0,0,0,.000,2023
830,829,Lucas Giolito,- - -,25,0,0,0,0,0,0,0,0,0,0,0,0,0,0,0,0,0,0,.000,2023
831,830,Antonio Senzatela,COL,2,0,0,0,0,0,0,0,0,0,0,0,0,0,0,0,0,0,0,.000,2023
832,831,Hunter Harvey,WSN,42,0,0,0,0,0,0,0,0,0,0,0,0,0,0,0,0,0,0,.000,2023
833,832,Kendall Graveman,- - -,53,0,0,0,0,0,0,0,0,0,0,0,0,0,0,0,0,0,0,.000,2023
834,833,Tyler Rogers,SFG,53,0,0,0,0,0,0,0,0,0,0,0,0,0,0,0,0,0,0,.000,2023
835,834,Mark Leiter Jr.,CHC,54,0,0,0,0,0,0,0,0,0,0,0,0,0,0,0,0,0,0,.000,2023
836,835,Nick Wittgren,KCR,27,0,0,0,0,0,0,0,0,0,0,0,0,0,0,0,0,0,0,.000,2023
837,836,Miguel Castro,ARI,57,0,0,0,0,0,0,0,0,0,0,0,0,0,0,0,0,0,0,.000,2023
838,837,Luis Castillo,SEA,25,0,0,0,0,0,0,0,0,0,0,0,0,0,0,0,0,0,0,.000,2023
839,838,Jimmy Cordero,NYY,31,0,0,0,0,0,0,0,0,0,0,0,0,0,0,0,0,0,0,.000,2023
840,839,Brad Keller,KCR,9,0,0,0,0,0,0,0,0,0,0,0,0,0,0,0,0,0,0,.000,2023
841,840,Joe Jimenez,ATL,45,0,0,0,0,0,0,0,0,0,0,0,0,0,0,0,0,0,0,.000,2023
842,841,Devin Williams,MIL,49,0,0,0,0,0,0,0,0,0,0,0,0,0,0,0,0,0,0,.000,2023
843,842,Zack Littell,- - -,20,0,0,0,0,0,0,0,0,0,0,0,0,0,0,0,0,0,0,.000,2023
844,843,Wander Suero,LAD,4,0,0,0,0,0,0,0,0,0,0,0,0,0,0,0,0,0,0,.000,2023
845,844,Sean Manaea,SFG,29,0,0,0,0,0,0,0,0,0,0,0,0,0,0,0,0,0,0,.000,2023
846,845,Luis Severino,NYY,15,0,0,0,0,0,0,0,0,0,0,0,0,0,0,0,0,0,0,.000,2023
847,846,Ryne Stanek,HOU,46,0,0,0,0,0,0,0,0,0,0,0,0,0,0,0,0,0,0,.000,2023
848,847,Nick Burdi,CHC,3,0,0,0,0,0,0,0,0,0,0,0,0,0,0,0,0,0,0,.000,2023
849,848,Jordan Romano,TOR,46,0,0,0,0,0,0,0,0,0,0,0,0,0,0,0,0,0,0,.000,2023
850,849,John Curtiss,NYM,15,0,0,0,0,0,0,0,0,0,0,0,0,0,0,0,0,0,0,.000,2023
851,850,Carlos Rodon,NYY,6,0,0,0,0,0,0,0,0,0,0,0,0,0,0,0,0,0,0,.000,2023
852,851,Aaron Nola,PHI,25,0,0,0,0,0,0,0,0,0,0,0,0,0,0,0,0,0,0,.000,2023
853,852,Brandon Woodruff,MIL,5,0,0,0,0,0,0,0,0,0,0,0,0,0,0,0,0,0,0,.000,2023
854,853,Spencer Turnbull,DET,7,0,0,0,0,0,0,0,0,0,0,0,0,0,0,0,0,0,0,.000,2023
855,854,Jake Reed,LAD,1,0,0,0,0,0,0,0,0,0,0,0,0,0,0,0,0,0,0,.000,2023
856,855,Kyle Freeland,COL,24,0,0,0,0,0,0,0,0,0,0,0,0,0,0,0,0,0,0,.000,2023
857,856,Aaron Bummer,CHW,48,0,0,0,0,0,0,0,0,0,0,0,0,0,0,0,0,0,0,.000,2023
858,857,Gerardo Reyes,LAA,5,0,0,0,0,0,0,0,0,0,0,0,0,0,0,0,0,0,0,.000,2023
859,858,Ryan Borucki,PIT,22,0,0,0,0,0,0,0,0,0,0,0,0,0,0,0,0,0,0,.000,2023
860,859,Tyler Mahle,MIN,5,0,0,0,0,0,0,0,0,0,0,0,0,0,0,0,0,0,0,.000,2023
861,860,Reynaldo Lopez,- - -,52,0,0,0,0,0,0,0,0,0,0,0,0,0,0,0,0,0,0,.000,2023
862,861,Yonny Chirinos,- - -,20,0,0,0,0,0,0,0,0,0,0,0,0,0,0,0,0,0,0,.000,2023
863,862,Victor Gonzalez,LAD,27,0,0,0,0,0,0,0,0,0,0,0,0,0,0,0,0,0,0,.000,2023
864,863,Brent Honeywell,- - -,39,0,0,0,0,0,0,0,0,0,0,0,0,0,0,0,0,0,0,.000,2023
865,864,Ryan Yarbrough,- - -,18,0,0,0,0,0,0,0,0,0,0,0,0,0,0,0,0,0,0,.000,2023
866,865,Jordan Montgomery,- - -,24,0,0,0,0,0,0,0,0,0,0,0,0,0,0,0,0,0,0,.000,2023
867,866,Austin Gomber,COL,25,0,0,0,0,0,0,0,0,0,0,0,0,0,0,0,0,0,0,.000,2023
868,867,Erik Swanson,TOR,57,0,0,0,0,0,0,0,0,0,0,0,0,0,0,0,0,0,0,.000,2023
869,868,Bryan Abreu,HOU,57,0,0,0,0,0,0,0,0,0,0,0,0,0,0,0,0,0,0,.000,2023
870,869,Jeff Brigham,NYM,32,0,0,0,0,0,0,0,0,0,0,0,0,0,0,0,0,0,0,.000,2023
871,870,Ryan Thompson,TBR,18,0,0,0,0,0,0,0,0,0,0,0,0,0,0,0,0,0,0,.000,2023
872,871,Brian O'Keefe,SEA,1,4,4,0,0,0,0,0,0,0,0,0,2,0,0,0,1,0,0,.000,2023
873,872,Julian Merryweather,CHC,53,0,0,0,0,0,0,0,0,0,0,0,0,0,0,0,0,0,0,.000,2023
874,873,Brock Stewart,MIN,25,0,0,0,0,0,0,0,0,0,0,0,0,0,0,0,0,0,0,.000,2023
875,874,Vinny Nittoli,NYM,3,0,0,0,0,0,0,0,0,0,0,0,0,0,0,0,0,0,0,.000,2023
876,875,Tim Hill,SDP,45,0,0,0,0,0,0,0,0,0,0,0,0,0,0,0,0,0,0,.000,2023
877,876,Brennan Bernardino,BOS,39,0,0,0,0,0,0,0,0,0,0,0,0,0,0,0,0,0,0,.000,2023
878,877,Reed Garrett,- - -,6,0,0,0,0,0,0,0,0,0,0,0,0,0,0,0,0,0,0,.000,2023
879,878,Luke Weaver,CIN,21,0,0,0,0,0,0,0,0,0,0,0,0,0,0,0,0,0,0,.000,2023
880,879,Touki Toussaint,- - -,12,0,0,0,0,0,0,0,0,0,0,0,0,0,0,0,0,0,0,.000,2023
881,880,Luis Ortiz,PHI,12,0,0,0,0,0,0,0,0,0,0,0,0,0,0,0,0,0,0,.000,2023
882,881,Trevor Williams,WSN,24,0,0,0,0,0,0,0,0,0,0,0,0,0,0,0,0,0,0,.000,2023
883,882,Tanner Banks,CHW,19,0,0,0,0,0,0,0,0,0,0,0,0,0,0,0,0,0,0,.000,2023
884,883,Pablo Lopez,MIN,25,0,0,0,0,0,0,0,0,0,0,0,0,0,0,0,0,0,0,.000,2023
885,884,Domingo Acevedo,OAK,9,0,0,0,0,0,0,0,0,0,0,0,0,0,0,0,0,0,0,.000,2023
886,885,Meibrys Viloria,CLE,10,3,4,0,0,0,0,0,0,0,1,0,0,0,0,0,1,0,0,.000,2023
887,886,Raisel Iglesias,ATL,42,0,0,0,0,0,0,0,0,0,0,0,0,0,0,0,0,0,0,.000,2023
888,887,Domingo German,NYY,20,0,0,0,0,0,0,0,0,0,0,0,0,0,0,0,0,0,0,.000,2023
889,888,Jose Castillo,SDP,1,0,0,0,0,0,0,0,0,0,0,0,0,0,0,0,0,0,0,.000,2023
890,889,Gabe Speier,SEA,52,0,0,0,0,0,0,0,0,0,0,0,0,0,0,0,0,0,0,.000,2023
891,890,Dinelson Lamet,- - -,17,0,0,0,0,0,0,0,0,0,0,0,0,0,0,0,0,0,0,.000,2023
892,891,Jalen Beeks,TBR,28,0,0,0,0,0,0,0,0,0,0,0,0,0,0,0,0,0,0,.000,2023
893,892,Sam Coonrod,NYM,2,0,0,0,0,0,0,0,0,0,0,0,0,0,0,0,0,0,0,.000,2023
894,893,Ranger Suarez,PHI,17,0,0,0,0,0,0,0,0,0,0,0,0,0,0,0,0,0,0,.000,2023
895,894,Thomas Pannone,MIL,1,0,0,0,0,0,0,0,0,0,0,0,0,0,0,0,0,0,0,.000,2023
896,895,Michael Kopech,CHW,23,0,0,0,0,0,0,0,0,0,0,0,0,0,0,0,0,0,0,.000,2023
897,896,Javy Guerra,- - -,17,0,0,0,0,0,0,0,0,0,0,0,0,0,0,0,0,0,0,.000,2023
898,897,Framber Valdez,HOU,24,0,0,0,0,0,0,0,0,0,0,0,0,0,0,0,0,0,0,.000,2023
899,898,Justin Steele,CHC,23,0,0,0,0,0,0,0,0,0,0,0,0,0,0,0,0,0,0,.000,2023
900,899,Josh Taylor,KCR,17,0,0,0,0,0,0,0,0,0,0,0,0,0,0,0,0,0,0,.000,2023
901,900,Matt Gage,HOU,5,0,0,0,0,0,0,0,0,0,0,0,0,0,0,0,0,0,0,.000,2023
902,901,Jeff Hoffman,PHI,35,0,0,0,0,0,0,0,0,0,0,0,0,0,0,0,0,0,0,.000,2023
903,902,Jonathan Hernandez,TEX,25,0,0,0,0,0,0,0,0,0,0,0,0,0,0,0,0,0,0,.000,2023
904,903,Jack Flaherty,- - -,23,0,0,0,0,0,0,0,0,0,0,0,0,0,0,0,0,0,0,.000,2023
905,904,Daniel Duarte,CIN,20,0,0,0,0,0,0,0,0,0,0,0,0,0,0,0,0,0,0,.000,2023
906,905,Albert Abreu,NYY,41,0,0,0,0,0,0,0,0,0,0,0,0,0,0,0,0,0,0,.000,2023
907,906,Spenser Watkins,OAK,1,0,0,0,0,0,0,0,0,0,0,0,0,0,0,0,0,0,0,.000,2023
908,907,Genesis Cabrera,- - -,45,0,0,0,0,0,0,0,0,0,0,0,0,0,0,0,0,0,0,.000,2023
909,908,Diego Castillo,SEA,8,0,0,0,0,0,0,0,0,0,0,0,0,0,0,0,0,0,0,.000,2023
910,909,Jimmy Herget,LAA,17,0,0,0,0,0,0,0,0,0,0,0,0,0,0,0,0,0,0,.000,2023
911,910,Tanner Scott,MIA,56,0,0,0,0,0,0,0,0,0,0,0,0,0,0,0,0,0,0,.000,2023
912,911,Mitch Keller,PIT,26,0,0,0,0,0,0,0,0,0,0,0,0,0,0,0,0,0,0,.000,2023
913,912,Cristian Javier,HOU,23,0,0,0,0,0,0,0,0,0,0,0,0,0,0,0,0,0,0,.000,2023
914,913,Taylor Clarke,KCR,45,0,0,0,0,0,0,0,0,0,0,0,0,0,0,0,0,0,0,.000,2023
915,914,Justin Lawrence,COL,51,0,0,0,0,0,0,0,0,0,0,0,0,0,0,0,0,0,0,.000,2023
916,915,Jeffrey Springs,TBR,3,0,0,0,0,0,0,0,0,0,0,0,0,0,0,0,0,0,0,.000,2023
917,916,Jose Cuas,- - -,52,0,0,0,0,0,0,0,0,0,0,0,0,0,0,0,0,0,0,.000,2023
918,917,Trevor Megill,MIL,18,0,0,0,0,0,0,0,0,0,0,0,0,0,0,0,0,0,0,.000,2023
919,918,Nabil Crismatt,SDP,7,0,0,0,0,0,0,0,0,0,0,0,0,0,0,0,0,0,0,.000,2023
920,919,Evan Phillips,LAD,48,0,0,0,0,0,0,0,0,0,0,0,0,0,0,0,0,0,0,.000,2023
921,920,Tyler Alexander,DET,25,0,0,0,0,0,0,0,0,0,0,0,0,0,0,0,0,0,0,.000,2023
922,921,Drew Smith,NYM,47,0,0,0,0,0,0,0,0,0,0,0,0,0,0,0,0,0,0,.000,2023
923,922,Angel Perdomo,PIT,30,0,0,0,0,0,0,0,0,0,0,0,0,0,0,0,0,0,0,.000,2023
924,923,Jose Alvarado,PHI,26,0,0,0,0,0,0,0,0,0,0,0,0,0,0,0,0,0,0,.000,2023
925,924,Trey Wingenter,DET,10,0,0,0,0,0,0,0,0,0,0,0,0,0,0,0,0,0,0,.000,2023
926,925,Adbert Alzolay,CHC,48,0,0,0,0,0,0,0,0,0,0,0,0,0,0,0,0,0,0,.000,2023
927,926,Jose Rodriguez,SEA,1,0,0,0,0,0,0,0,0,0,0,0,0,0,0,0,0,0,0,.000,2023
928,927,Ian Gibaut,CIN,56,0,0,0,0,0,0,0,0,0,0,0,0,0,0,0,0,0,0,.000,2023
929,928,Nestor Cortes,NYY,12,0,0,0,0,0,0,0,0,0,0,0,0,0,0,0,0,0,0,.000,2023
930,929,Brett Kennedy,CIN,3,0,0,0,0,0,0,0,0,0,0,0,0,0,0,0,0,0,0,.000,2023
931,930,Dennis Santana,NYM,9,0,0,0,0,0,0,0,0,0,0,0,0,0,0,0,0,0,0,.000,2023
932,931,Tayler Saucedo,SEA,38,0,0,0,0,0,0,0,0,0,0,0,0,0,0,0,0,0,0,.000,2023
933,932,Garrett Cleavinger,TBR,15,0,0,0,0,0,0,0,0,0,0,0,0,0,0,0,0,0,0,.000,2023
934,933,Trent Thornton,- - -,11,0,0,0,0,0,0,0,0,0,0,0,0,0,0,0,0,0,0,.000,2023
935,934,Tyler Gilbert,ARI,11,0,0,0,0,0,0,0,0,0,0,0,0,0,0,0,0,0,0,.000,2023
936,935,Brock Burke,TEX,39,0,0,0,0,0,0,0,0,0,0,0,0,0,0,0,0,0,0,.000,2023
937,936,Peter Lambert,COL,21,0,0,0,0,0,0,0,0,0,0,0,0,0,0,0,0,0,0,.000,2023
938,937,Logan Webb,SFG,26,0,0,0,0,0,0,0,0,0,0,0,0,0,0,0,0,0,0,.000,2023
939,938,Pete Fairbanks,TBR,33,0,0,0,0,0,0,0,0,0,0,0,0,0,0,0,0,0,0,.000,2023
940,939,Triston McKenzie,CLE,2,0,0,0,0,0,0,0,0,0,0,0,0,0,0,0,0,0,0,.000,2023
941,940,Phil Maton,HOU,54,0,0,0,0,0,0,0,0,0,0,0,0,0,0,0,0,0,0,.000,2023
942,941,Ryan Helsley,STL,22,0,0,0,0,0,0,0,0,0,0,0,0,0,0,0,0,0,0,.000,2023
943,942,Anthony Misiewicz,- - -,8,0,0,0,0,0,0,0,0,0,0,0,0,0,0,0,0,0,0,.000,2023
944,943,James Naile,STL,9,0,0,0,0,0,0,0,0,0,0,0,0,0,0,0,0,0,0,.000,2023
945,944,Tyler Kinley,COL,7,0,0,0,0,0,0,0,0,0,0,0,0,0,0,0,0,0,0,.000,2023
946,945,Andrew Suarez,STL,5,0,0,0,0,0,0,0,0,0,0,0,0,0,0,0,0,0,0,.000,2023
947,946,Josh Sborz,TEX,38,1,1,0,0,0,0,0,0,0,0,0,1,0,0,0,0,0,0,.000,2023
948,947,Taylor Hearn,- - -,10,0,0,0,0,0,0,0,0,0,0,0,0,0,0,0,0,0,0,.000,2023
949,948,James Kaprielian,OAK,14,0,0,0,0,0,0,0,0,0,0,0,0,0,0,0,0,0,0,.000,2023
950,949,Alex Young,CIN,54,0,0,0,0,0,0,0,0,0,0,0,0,0,0,0,0,0,0,.000,2023
951,950,Josh Staumont,KCR,21,0,0,0,0,0,0,0,0,0,0,0,0,0,0,0,0,0,0,.000,2023
952,951,Nick Anderson,ATL,35,0,0,0,0,0,0,0,0,0,0,0,0,0,0,0,0,0,0,.000,2023
953,952,Jaime Barria,LAA,28,0,0,0,0,0,0,0,0,0,0,0,0,0,0,0,0,0,0,.000,2023
954,953,Connor Overton,CIN,3,0,0,0,0,0,0,0,0,0,0,0,0,0,0,0,0,0,0,.000,2023
955,954,Mike Soroka,ATL,6,0,0,0,0,0,0,0,0,0,0,0,0,0,0,0,0,0,0,.000,2023
956,955,Enyel De Los Santos,CLE,54,0,0,0,0,0,0,0,0,0,0,0,0,0,0,0,0,0,0,.000,2023
957,956,Jose Urquidy,HOU,9,0,0,0,0,0,0,0,0,0,0,0,0,0,0,0,0,0,0,.000,2023
958,957,Tyler Cyr,LAD,2,0,0,0,0,0,0,0,0,0,0,0,0,0,0,0,0,0,0,.000,2023
959,958,Danny Young,ATL,8,0,0,0,0,0,0,0,0,0,0,0,0,0,0,0,0,0,0,.000,2023
960,959,Trevor Kelley,TBR,9,0,0,0,0,0,0,0,0,0,0,0,0,0,0,0,0,0,0,.000,2023
961,960,Kenta Maeda,MIN,14,0,0,0,0,0,0,0,0,0,0,0,0,0,0,0,0,0,0,.000,2023
962,961,Phil Bickford,- - -,45,0,0,0,0,0,0,0,0,0,0,0,0,0,0,0,0,0,0,.000,2023
963,962,Dylan Cease,CHW,25,0,0,0,0,0,0,0,0,0,0,0,0,0,0,0,0,0,0,.000,2023
964,963,Sam Hentges,CLE,38,0,0,0,0,0,0,0,0,0,0,0,0,0,0,0,0,0,0,.000,2023
965,964,Hector Perez,TBR,1,0,0,0,0,0,0,0,0,0,0,0,0,0,0,0,0,0,0,.000,2023
966,965,Hobie Harris,WSN,16,0,0,0,0,0,0,0,0,0,0,0,0,0,0,0,0,0,0,.000,2023
967,966,A.J. Minter,ATL,54,0,0,0,0,0,0,0,0,0,0,0,0,0,0,0,0,0,0,.000,2023
968,967,Jake Woodford,STL,12,0,0,0,0,0,0,0,0,0,0,0,0,0,0,0,0,0,0,.000,2023
969,968,Freddy Peralta,MIL,24,0,0,0,0,0,0,0,0,0,0,0,0,0,0,0,0,0,0,.000,2023
970,969,Sandy Alcantara,MIA,25,0,0,0,0,0,0,0,0,0,0,0,0,0,0,0,0,0,0,.000,2023
971,970,Kolby Allard,ATL,4,0,0,0,0,0,0,0,0,0,0,0,0,0,0,0,0,0,0,.000,2023
972,971,Pedro Avila,SDP,6,0,0,0,0,0,0,0,0,0,0,0,0,0,0,0,0,0,0,.000,2023
973,972,Estevan Florial,NYY,1,0,0,0,0,0,0,0,0,0,0,0,0,0,0,0,0,0,0,.000,2023
974,973,Zack Burdi,TBR,3,0,0,0,0,0,0,0,0,0,0,0,0,0,0,0,0,0,0,.000,2023
975,974,Kirby Snead,OAK,8,0,0,0,0,0,0,0,0,0,0,0,0,0,0,0,0,0,0,.000,2023
976,975,Jose Quijada,LAA,10,0,0,0,0,0,0,0,0,0,0,0,0,0,0,0,0,0,0,.000,2023
977,976,Jesse Scholtens,CHW,20,0,0,0,0,0,0,0,0,0,0,0,0,0,0,0,0,0,0,.000,2023
978,977,Dakota Hudson,STL,10,0,0,0,0,0,0,0,0,0,0,0,0,0,0,0,0,0,0,.000,2023
979,978,Mitch White,TOR,10,0,0,0,0,0,0,0,0,0,0,0,0,0,0,0,0,0,0,.000,2023
980,979,Cole Irvin,BAL,18,0,0,0,0,0,0,0,0,0,0,0,0,0,0,0,0,0,0,.000,2023
981,980,Chris Okey,LAA,2,2,2,0,0,0,0,0,0,0,0,0,2,0,0,0,0,0,0,.000,2023
982,981,Seranthony Dominguez,PHI,42,0,0,0,0,0,0,0,0,0,0,0,0,0,0,0,0,0,0,.000,2023
983,982,Ian Hamilton,NYY,32,0,0,0,0,0,0,0,0,0,0,0,0,0,0,0,0,0,0,.000,2023
984,983,Thomas Hatch,- - -,9,0,0,0,0,0,0,0,0,0,0,0,0,0,0,0,0,0,0,.000,2023
985,984,Jacob Webb,- - -,36,0,0,0,0,0,0,0,0,0,0,0,0,0,0,0,0,0,0,.000,2023
986,985,Zac Gallen,ARI,26,0,0,0,0,0,0,0,0,0,0,0,0,0,0,0,0,0,0,.000,2023
987,986,Nick Solak,- - -,2,0,0,0,0,0,0,0,1,0,0,0,0,0,0,0,0,0,0,.000,2023
988,987,Trevor Richards,TOR,40,0,0,0,0,0,0,0,0,0,0,0,0,0,0,0,0,0,0,.000,2023
989,988,Cal Quantrill,CLE,13,0,0,0,0,0,0,0,0,0,0,0,0,0,0,0,0,0,0,.000,2023
990,989,Matt Krook,NYY,2,0,0,0,0,0,0,0,0,0,0,0,0,0,0,0,0,0,0,.000,2023
991,990,Eric Lauer,MIL,9,0,0,0,0,0,0,0,0,0,0,0,0,0,0,0,0,0,0,.000,2023
992,991,Joey Lucchesi,NYM,6,0,0,0,0,0,0,0,0,0,0,0,0,0,0,0,0,0,0,.000,2023
993,992,Matthew Festa,SEA,8,0,0,0,0,0,0,0,0,0,0,0,0,0,0,0,0,0,0,.000,2023
994,993,Richard Lovelady,OAK,27,0,0,0,0,0,0,0,0,0,0,0,0,0,0,0,0,0,0,.000,2023
995,994,A.J. Puk,MIA,43,0,0,0,0,0,0,0,0,0,0,0,0,0,0,0,0,0,0,.000,2023
996,995,Caleb Ferguson,LAD,52,0,0,0,0,0,0,0,0,0,0,0,0,0,0,0,0,0,0,.000,2023
997,996,Dean Kremer,BAL,25,0,0,0,0,0,0,0,0,0,0,0,0,0,0,0,0,0,0,.000,2023
998,997,Lucas Erceg,OAK,34,0,0,0,0,0,0,0,0,0,0,0,0,0,0,0,0,0,0,.000,2023
999,998,Corbin Burnes,MIL,25,0,0,0,0,0,0,0,0,0,0,0,0,0,0,0,0,0,0,.000,2023
1000,999,Keegan Akin,BAL,24,0,0,0,0,0,0,0,0,0,0,0,0,0,0,0,0,0,0,.000,2023
1001,1000,Tony Gonsolin,LAD,20,0,0,0,0,0,0,0,0,0,0,0,0,0,0,0,0,0,0,.000,2023
