,#,Name,Team,W,L,ERA,G,GS,CG,ShO,SV,HLD,BS,IP,TBF,H,R,ER,HR,BB,IBB,HBP,WP,BK,SO,Year
0,"
				
					
				
					1
				
					
				
					Page size:
						select1020501000
					
				
					  909 items in 1 pages
				
			",,,,,,,,,,,,,,,,,,,,,,,,,2021
1,"
				
					
				
					1
				
					
				
					Page size:
						select1020501000
					
				
					  909 items in 1 pages
				
			",,,,,,,,,,,,,,,,,,,,,,,,,2021
2,1,Tommy Hunter,NYM,0,0,0.00,4,1,0,0,0,0,0,8.0,33,4,0,0,0,3,0,1,1,0,6,2021
3,2,Oliver Perez,CLE,0,1,0.00,5,0,0,0,0,0,0,3.2,18,5,1,0,0,1,1,0,0,0,4,2021
4,3,Mitch Moreland,OAK,0,0,0.00,1,0,0,0,0,0,0,1.0,4,1,0,0,0,0,0,0,0,0,1,2021
5,4,Charlie Culberson,TEX,0,0,0.00,2,0,0,0,0,0,0,2.0,7,2,0,0,0,0,0,0,0,0,0,2021
6,5,Anthony Rizzo,CHC,0,0,0.00,1,0,0,0,0,0,0,0.2,3,0,0,0,0,1,0,0,0,0,1,2021
7,6,Pedro Strop,CHC,1,0,0.00,2,0,0,0,0,0,0,2.0,10,2,0,0,0,2,0,0,0,0,3,2021
8,7,Asdrubal Cabrera,ARI,0,0,0.00,2,0,0,0,0,0,0,1.1,4,1,0,0,0,0,0,0,0,0,0,2021
9,8,Justin Turner,LAD,0,0,0.00,1,0,0,0,0,0,0,1.0,5,2,0,0,0,0,0,0,0,0,0,2021
10,9,Marwin Gonzalez,BOS,0,0,0.00,1,0,0,0,0,0,0,1.0,3,0,0,0,0,0,0,0,0,0,0,2021
11,10,Hernan Perez,WSN,0,0,0.00,2,0,0,0,0,0,0,2.0,7,1,0,0,0,0,0,0,0,0,2,2021
12,11,Matt Carpenter,STL,0,0,0.00,1,0,0,0,0,0,0,1.1,6,2,0,0,0,0,0,1,0,0,0,2021
13,12,AJ Ramos,LAA,0,0,0.00,4,0,0,0,0,0,0,4.2,16,0,0,0,0,2,0,0,0,0,3,2021
14,13,Brock Holt,TEX,0,0,0.00,1,0,0,0,0,0,0,1.0,3,1,0,0,0,0,0,0,0,0,0,2021
15,14,Adam Eaton,LAA,0,0,0.00,1,0,0,0,0,0,0,1.0,5,2,0,0,0,0,0,0,0,0,0,2021
16,15,Mike Freeman,CIN,0,0,0.00,1,0,0,0,0,0,0,0.1,1,0,0,0,0,0,0,0,0,0,1,2021
17,16,Hanser Alberto,KCR,0,0,0.00,1,0,0,0,0,0,0,0.1,1,0,0,0,0,0,0,0,0,0,0,2021
18,17,Kevin Pillar,NYM,0,0,0.00,1,0,0,0,0,0,0,0.1,1,0,0,0,0,0,0,0,0,0,0,2021
19,18,Phillip Evans,PIT,0,0,0.00,1,0,0,0,0,0,0,1.0,3,0,0,0,0,0,0,0,0,0,0,2021
20,19,Joe Biagini,CHC,1,0,0.00,1,0,0,0,0,0,0,3.0,13,2,0,0,0,1,0,1,0,0,2,2021
21,20,Brandon Brennan,BOS,0,0,0.00,1,0,0,0,0,0,0,3.0,11,3,0,0,0,2,0,0,0,0,1,2021
22,21,Kevin Plawecki,BOS,0,0,0.00,1,0,0,0,0,0,0,1.0,3,0,0,0,0,0,0,0,0,0,0,2021
23,22,Matt Duffy,CHC,0,0,0.00,1,0,0,0,0,0,0,0.1,1,0,0,0,0,0,0,0,0,0,0,2021
24,23,Daniel Robertson,MIL,0,0,0.00,1,0,0,0,0,0,0,1.0,4,1,0,0,0,0,0,0,0,0,0,2021
25,24,Wyatt Mathisen,ARI,0,0,0.00,1,0,0,0,0,0,0,1.0,4,1,0,0,0,0,0,0,0,0,0,2021
26,25,Harold Castro,DET,0,0,0.00,3,0,0,0,0,0,0,2.2,11,0,0,0,0,3,0,0,0,0,0,2021
27,26,Pat Valaika,BAL,0,0,0.00,2,0,0,0,0,0,0,1.1,5,0,0,0,0,0,0,0,0,0,0,2021
28,27,Andrew Knapp,PHI,0,0,0.00,1,0,0,0,0,0,0,0.1,1,0,0,0,0,0,0,0,0,0,0,2021
29,28,Jack Mayfield,SEA,0,0,0.00,1,0,0,0,0,0,0,0.1,1,0,0,0,0,0,0,0,0,0,0,2021
30,29,Yefry Ramirez,LAD,0,0,0.00,1,0,0,0,0,0,0,2.0,6,0,0,0,0,1,0,0,0,0,2,2021
31,30,Luis Severino,NYY,1,0,0.00,4,0,0,0,0,1,0,6.0,22,2,0,0,0,1,0,1,0,0,8,2021
32,31,Akeem Bostick,NYM,0,0,0.00,1,0,0,0,0,0,0,1.0,4,0,0,0,0,1,0,0,0,0,0,2021
33,32,Austin Slater,SFG,0,0,0.00,1,0,0,0,0,0,0,0.1,2,0,0,0,0,1,0,0,0,0,0,2021
34,33,Brad Wieck,CHC,0,0,0.00,15,0,0,0,0,1,0,17.0,71,10,0,0,0,10,0,0,0,0,28,2021
35,34,Sergio Alcantara,CHC,0,0,0.00,1,0,0,0,0,0,0,0.1,1,0,0,0,0,0,0,0,0,0,0,2021
36,35,Christian Arroyo,BOS,0,0,0.00,1,0,0,0,0,0,0,1.0,5,1,2,0,1,1,0,0,0,0,0,2021
37,36,James Norwood,SDP,0,0,0.00,5,0,0,0,0,0,0,5.0,23,6,0,0,0,3,0,0,0,0,3,2021
38,37,Joshua Fuentes,COL,0,0,0.00,1,0,0,0,0,0,0,1.0,4,1,0,0,0,0,0,0,0,0,0,2021
39,38,Max Schrock,CIN,0,0,0.00,2,0,0,0,0,0,0,1.2,6,0,0,0,0,0,0,0,0,0,1,2021
40,39,Jake Cronenworth,SDP,0,0,0.00,1,0,0,0,0,0,0,0.2,3,1,0,0,0,0,0,0,0,0,1,2021
41,40,Ka'ai Tom,OAK,0,0,0.00,1,0,0,0,0,0,0,1.0,4,1,0,0,0,0,0,0,0,0,0,2021
42,41,Danny Mendick,CHW,0,0,0.00,1,0,0,0,0,0,0,1.0,5,1,0,0,0,0,0,1,0,0,1,2021
43,42,Seranthony Dominguez,PHI,0,0,0.00,1,0,0,0,0,0,0,1.0,3,0,0,0,0,0,0,0,0,0,1,2021
44,43,Andrew Vasquez,LAD,0,0,0.00,2,0,0,0,0,0,1,1.2,6,1,1,0,0,0,0,0,0,0,3,2021
45,44,Devin Smeltzer,MIN,0,0,0.00,1,0,0,0,0,0,0,4.2,17,1,1,0,0,1,0,2,0,0,3,2021
46,45,Bryan Baker,TOR,0,0,0.00,1,0,0,0,0,0,0,1.0,4,1,0,0,0,0,0,0,2,0,1,2021
47,46,Kaleb Ort,BOS,0,0,0.00,1,0,0,0,0,0,0,0.1,3,1,0,0,0,1,0,0,0,0,0,2021
48,47,Kyle Dohy,PHI,0,0,0.00,1,0,0,0,0,0,0,1.0,5,1,0,0,0,1,0,0,0,0,1,2021
49,48,Andres Munoz,SEA,0,0,0.00,1,0,0,0,0,0,0,0.2,4,0,0,0,0,2,0,0,0,0,1,2021
50,49,Eduard Bazardo,BOS,0,0,0.00,2,0,0,0,0,0,0,3.0,12,1,0,0,0,2,0,0,0,0,3,2021
51,50,Romy Gonzalez,CHW,0,0,0.00,1,0,0,0,0,0,0,0.1,1,0,0,0,0,0,0,0,0,0,1,2021
52,51,Nick Maton,PHI,0,0,0.00,1,0,0,0,0,0,0,0.1,1,0,0,0,0,0,0,0,0,0,1,2021
53,52,Kervin Castro,SFG,1,1,0.00,10,0,0,0,0,0,0,13.1,56,13,1,0,0,4,1,0,0,0,13,2021
54,53,Angel Rondon,STL,0,0,0.00,2,0,0,0,0,0,0,2.0,7,1,0,0,0,1,0,0,0,0,1,2021
55,54,Angel Zerpa,KCR,0,1,0.00,1,1,0,0,0,0,0,5.0,20,3,2,0,0,1,0,0,0,0,4,2021
56,55,Roansy Contreras,PIT,0,0,0.00,1,1,0,0,0,0,0,3.0,12,3,0,0,0,1,0,0,0,0,4,2021
57,56,Damon Jones,PHI,0,0,0.00,1,0,0,0,0,0,0,0.1,4,1,0,0,0,2,0,0,0,0,0,2021
58,57,Nick Allgeyer,TOR,0,0,0.00,1,0,0,0,0,0,0,1.0,3,0,0,0,0,0,0,0,0,0,0,2021
59,58,Casey Sadler,SEA,0,1,0.67,42,0,0,0,0,15,0,40.1,145,19,4,3,1,10,0,1,2,0,37,2021
60,59,Nick Vincent,MIN,1,0,0.71,7,0,0,0,0,0,0,12.2,47,6,1,1,1,5,0,1,0,1,9,2021
61,60,David Phelps,TOR,0,0,0.87,11,1,0,0,0,4,0,10.1,42,8,2,1,0,4,0,1,0,0,15,2021
62,61,Aaron Loup,NYM,6,0,0.95,65,2,0,0,0,16,4,56.2,218,37,9,6,1,16,0,4,0,0,57,2021
63,62,Jacob deGrom,NYM,7,2,1.08,15,15,1,1,0,0,0,92.0,324,40,14,11,6,11,0,1,0,0,146,2021
64,63,A.J. Cole,TOR,0,0,1.13,6,0,0,0,1,1,1,8.0,30,6,1,1,1,1,0,0,0,0,7,2021
65,64,Gabe Speier,KCR,0,0,1.17,7,0,0,0,0,0,0,7.2,33,10,3,1,0,0,0,1,0,0,5,2021
66,65,Josh Hader,MIL,4,2,1.23,60,0,0,0,34,0,1,58.2,224,25,8,8,3,24,0,2,3,2,102,2021
67,66,Peter Solomon,HOU,1,0,1.29,6,0,0,0,0,0,0,14.0,55,10,2,2,0,8,0,0,2,0,10,2021
68,67,Art Warren,CIN,3,0,1.29,26,0,0,0,0,1,0,21.0,82,11,3,3,1,8,1,1,0,0,34,2021
69,68,Emmanuel Clase,CLE,4,5,1.29,71,0,0,0,24,6,5,69.2,279,51,18,10,2,16,3,0,3,1,74,2021
70,69,Anthony Gose,CLE,0,0,1.35,6,0,0,0,0,0,0,6.2,24,2,1,1,0,2,0,0,0,0,9,2021
71,70,Ranger Suarez,PHI,8,5,1.36,39,12,1,1,4,0,3,106.0,418,73,20,16,4,33,3,5,1,0,107,2021
72,71,Ronald Bolanos,KCR,0,0,1.42,3,0,0,0,0,0,0,6.1,25,4,1,1,0,2,0,0,0,0,10,2021
73,72,Dylan Coleman,KCR,0,0,1.42,5,0,0,0,0,0,0,6.1,25,5,1,1,0,1,0,0,1,0,7,2021
74,73,Ryan Brasier,BOS,1,1,1.50,13,0,0,0,0,3,0,12.0,50,12,5,2,2,4,0,0,0,0,9,2021
75,74,Dominic Leone,SFG,4,5,1.51,57,4,0,0,2,15,2,53.2,219,37,15,9,2,22,1,1,2,0,50,2021
76,75,Reiver Sanmartin,CIN,2,0,1.54,2,2,0,0,0,0,0,11.2,47,12,2,2,0,2,0,0,1,1,11,2021
77,76,Collin McHugh,TBR,6,1,1.55,37,7,0,0,1,6,2,64.0,247,48,15,11,3,12,2,2,2,1,74,2021
78,77,Joe Barlow,TEX,0,2,1.55,31,0,0,0,11,3,1,29.0,111,12,9,5,2,12,0,0,1,0,27,2021
79,78,Caleb Baragar,SFG,2,1,1.57,25,0,0,0,2,7,1,23.0,98,19,7,4,1,12,2,3,0,0,16,2021
80,79,Travis Bergen,TOR,2,0,1.69,10,1,0,0,0,0,1,10.2,46,5,2,2,1,8,0,2,0,0,6,2021
81,80,Drew Pomeranz,SDP,1,0,1.75,27,0,0,0,0,13,0,25.2,102,19,6,5,2,10,1,0,1,0,30,2021
82,81,Kendall Graveman,- - -,5,1,1.77,53,0,0,0,10,11,5,56.0,222,35,15,11,3,20,1,8,3,0,61,2021
83,82,Austin Warren,LAA,3,0,1.77,16,0,0,0,1,2,0,20.1,84,16,5,4,0,5,0,1,0,0,20,2021
84,83,Julio Teheran,DET,1,0,1.80,1,1,0,0,0,0,0,5.0,20,4,1,1,1,3,0,0,0,0,3,2021
85,84,Scott Blewett,KCR,0,0,1.80,3,0,0,0,0,0,0,5.0,21,3,1,1,0,5,0,0,0,0,4,2021
86,85,Stephen Ridings,NYY,0,0,1.80,5,0,0,0,0,1,0,5.0,20,4,2,1,0,2,0,0,0,0,7,2021
87,86,Andrew Chafin,- - -,2,4,1.83,71,0,0,0,5,22,3,68.2,266,45,14,14,4,19,1,2,3,0,64,2021
88,87,Jimmy Nelson,LAD,1,2,1.86,28,1,0,0,0,6,1,29.0,116,14,8,6,0,13,0,4,4,1,44,2021
89,88,Andrew Kittredge,TBR,9,3,1.88,57,4,0,0,8,7,1,71.2,282,55,21,15,7,15,5,3,5,0,77,2021
90,89,Garrett Whitlock,BOS,8,4,1.96,46,0,0,0,2,14,3,73.1,298,64,22,16,6,17,2,3,3,1,81,2021
91,90,Luke Jackson,ATL,2,2,1.98,71,0,0,0,0,31,4,63.2,261,45,15,14,6,29,2,2,3,1,70,2021
92,91,Blake Treinen,LAD,6,5,1.99,72,0,0,0,7,32,4,72.1,286,46,20,16,5,25,1,3,3,0,85,2021
93,92,Drew Steckenrider,SEA,5,2,2.00,62,0,0,0,14,7,3,67.2,267,52,16,15,5,17,2,4,0,0,58,2021
94,93,Shane Baz,TBR,2,0,2.03,3,3,0,0,0,0,0,13.1,49,6,3,3,3,3,0,0,1,0,18,2021
95,94,Pedro Baez,HOU,0,0,2.08,4,0,0,0,0,0,0,4.1,15,2,1,1,1,1,0,0,1,0,5,2021
96,95,Dakota Hudson,STL,1,0,2.08,2,1,0,0,0,0,0,8.2,34,7,2,2,0,1,0,1,1,0,6,2021
97,96,DJ Johnson,- - -,0,0,2.08,4,0,0,0,0,0,0,4.1,15,2,1,1,1,0,0,0,0,0,5,2021
98,97,Drew Hutchison,DET,3,1,2.11,9,2,0,0,0,0,1,21.1,91,20,11,5,1,11,0,0,1,0,10,2021
99,98,Jesse Chavez,ATL,3,2,2.14,30,4,0,0,0,2,1,33.2,133,23,9,8,0,11,1,0,3,0,36,2021
100,99,Tejay Antone,CIN,2,0,2.14,23,0,0,0,3,8,4,33.2,128,17,8,8,3,13,0,3,1,0,42,2021
101,100,Jordan Romano,TOR,7,1,2.14,62,0,0,0,23,5,1,63.0,253,41,17,15,7,25,0,1,2,0,85,2021
102,101,Chris Ellis,- - -,1,0,2.15,7,6,0,0,0,0,0,29.1,121,21,7,7,3,14,0,2,3,0,23,2021
103,102,Jonathan Loaisiga,NYY,9,4,2.17,57,0,0,0,5,17,4,70.2,283,56,19,17,3,16,0,3,4,1,69,2021
104,103,Kenley Jansen,LAD,4,4,2.22,69,0,0,0,38,0,5,69.0,278,36,21,17,4,36,4,2,4,2,86,2021
105,104,Tyler Rogers,SFG,7,1,2.22,80,0,0,0,13,30,6,81.0,326,74,23,20,5,13,0,5,0,0,55,2021
106,105,David Bednar,PIT,3,1,2.23,61,0,0,0,3,13,2,60.2,237,40,15,15,5,19,2,1,1,0,77,2021
107,106,Mark Melancon,SDP,4,3,2.23,64,0,0,0,39,0,6,64.2,265,54,21,16,4,25,4,1,3,0,59,2021
108,107,Aaron Northcraft,SDP,1,0,2.25,5,0,0,0,0,0,0,8.0,34,5,2,2,1,8,0,0,0,0,5,2021
109,108,Nick Tropeano,- - -,1,0,2.25,5,0,0,0,0,0,0,8.0,34,8,3,2,1,3,0,0,1,0,2,2021
110,109,Reyes Moronta,SFG,0,0,2.25,4,0,0,0,0,2,0,4.0,13,1,1,1,1,0,0,0,0,0,2,2021
111,110,Willians Astudillo,MIN,0,0,2.25,4,0,0,0,0,0,0,4.0,16,1,1,1,1,2,0,0,0,0,0,2021
112,111,Pedro Avila,SDP,0,1,2.25,1,1,0,0,0,0,0,4.0,20,4,2,1,1,3,0,0,0,0,5,2021
113,112,Ryan Pressly,HOU,5,3,2.25,64,0,0,0,26,1,2,64.0,250,49,19,16,4,13,1,0,3,0,81,2021
114,113,Alex Vesia,LAD,3,1,2.25,41,0,0,0,1,9,1,40.0,161,17,17,10,6,22,3,2,0,0,54,2021
115,114,Adam Cimber,- - -,3,4,2.26,72,0,0,0,1,5,0,71.2,286,61,24,18,2,16,4,7,1,0,51,2021
116,115,Craig Kimbrel,- - -,4,5,2.26,63,0,0,0,24,6,5,59.2,235,31,19,15,6,23,1,3,8,1,100,2021
117,116,Adam Conley,TBR,0,0,2.29,17,0,0,0,0,0,0,19.2,76,14,5,5,2,6,0,2,0,0,16,2021
118,117,Andre Jackson,LAD,0,1,2.31,3,0,0,0,1,0,0,11.2,50,10,3,3,1,6,0,0,0,1,10,2021
119,118,Louis Head,TBR,2,0,2.31,27,2,0,0,0,0,0,35.0,134,21,10,9,2,9,0,3,1,0,32,2021
120,119,Kirby Snead,TOR,0,1,2.35,7,0,0,0,0,0,0,7.2,30,7,3,2,0,2,0,1,1,0,7,2021
121,120,Jose Alvarez,SFG,5,2,2.37,67,1,0,0,0,8,0,64.2,266,53,23,17,2,19,1,0,1,0,42,2021
122,121,Carlos Rodon,CHW,13,5,2.37,24,24,1,1,0,0,0,132.2,534,91,39,35,13,36,1,8,7,0,185,2021
123,122,Ryan Thompson,TBR,3,2,2.38,36,0,0,0,0,11,4,34.0,134,26,11,9,3,9,2,2,1,0,37,2021
124,123,Drew Smith,NYM,3,1,2.40,31,1,0,0,0,1,0,41.1,165,28,13,11,7,16,4,2,0,0,41,2021
125,124,Scott Barlow,KCR,5,3,2.42,71,0,0,0,16,14,6,74.1,306,61,20,20,4,28,2,2,4,0,91,2021
126,125,Corbin Burnes,MIL,11,5,2.43,28,28,0,0,0,0,0,167.0,657,123,47,45,7,34,0,6,5,0,234,2021
127,126,Nivaldo Rodriguez,HOU,0,0,2.45,4,0,0,0,0,0,0,7.1,31,4,2,2,2,4,0,3,0,0,3,2021
128,127,Corey Knebel,LAD,4,0,2.45,27,4,0,0,3,7,2,25.2,101,16,8,7,2,9,1,0,0,1,30,2021
129,128,Ryan Burr,CHW,2,1,2.45,34,1,0,0,0,3,1,36.2,151,28,11,10,3,21,0,1,5,0,33,2021
130,129,Rony Garcia,DET,0,0,2.45,2,0,0,0,0,0,1,3.2,12,1,1,1,1,2,0,0,0,0,2,2021
131,130,Dauri Moreta,CIN,0,0,2.45,4,0,0,0,0,0,0,3.2,14,2,1,1,1,1,0,0,0,0,4,2021
132,131,Max Scherzer,- - -,15,4,2.46,30,30,1,0,0,0,0,179.1,693,119,53,49,23,36,0,10,2,0,236,2021
133,132,Walker Buehler,LAD,16,4,2.47,33,33,0,0,0,0,0,207.2,815,149,61,57,19,52,2,6,5,0,212,2021
134,133,Juan Minaya,MIN,2,1,2.48,29,0,0,0,0,7,0,40.0,167,27,12,11,4,20,0,2,3,0,43,2021
135,134,Kodi Whitley,STL,0,0,2.49,25,0,0,0,0,4,0,25.1,101,15,8,7,1,12,0,0,1,1,27,2021
136,135,Devin Williams,MIL,8,2,2.50,58,0,0,0,3,23,3,54.0,226,36,17,15,5,28,0,2,2,1,87,2021
137,136,Luis Cessa,- - -,5,2,2.51,53,0,0,0,0,4,0,64.2,261,55,24,18,5,19,1,0,1,0,54,2021
138,137,Danny Duffy,KCR,4,3,2.51,13,12,0,0,0,0,0,61.0,252,52,19,17,6,22,1,0,3,0,65,2021
139,138,JT Chargois,- - -,6,1,2.52,56,0,0,0,0,15,5,53.2,216,38,16,15,5,20,3,6,2,1,53,2021
140,139,Liam Hendriks,CHW,8,3,2.54,69,0,0,0,38,0,6,71.0,267,45,23,20,11,7,1,1,6,0,113,2021
141,140,Kent Emanuel,HOU,1,0,2.55,10,0,0,0,0,1,0,17.2,68,12,5,5,4,4,0,1,0,0,13,2021
142,141,Brandon Woodruff,MIL,9,10,2.56,30,30,0,0,0,0,0,179.1,708,130,54,51,18,43,0,7,2,0,211,2021
143,142,T.J. McFarland,STL,4,1,2.56,38,0,0,0,0,15,1,38.2,144,32,11,11,3,9,1,0,0,0,21,2021
144,143,Raisel Iglesias,LAA,7,5,2.57,65,0,0,0,34,0,5,70.0,273,53,25,20,11,12,0,1,2,1,103,2021
145,144,Tyler Matzek,ATL,0,4,2.57,69,0,0,0,0,24,0,63.0,264,40,19,18,3,37,5,2,6,0,77,2021
146,145,Dillon Maples,CHC,1,0,2.59,28,0,0,0,0,0,0,31.1,139,15,10,9,2,25,0,8,5,0,40,2021
147,146,Trevor Bauer,LAD,8,5,2.59,17,17,1,0,0,0,0,107.2,432,71,36,31,19,37,1,3,3,0,137,2021
148,147,Hunter Strickland,- - -,3,2,2.61,57,0,0,0,0,2,0,58.2,242,46,21,17,8,22,0,2,3,0,58,2021
149,148,Jason Foley,DET,0,0,2.61,11,0,0,0,0,2,0,10.1,45,8,3,3,1,5,0,3,3,0,6,2021
150,149,Jarlin Garcia,SFG,6,3,2.62,58,0,0,0,1,11,2,68.2,269,48,26,20,9,18,3,2,2,2,68,2021
151,150,Trevor Rogers,MIA,7,8,2.64,25,25,0,0,0,0,0,133.0,550,107,46,39,6,46,2,5,4,1,157,2021
152,151,Tyler Glasnow,TBR,5,2,2.66,14,14,0,0,0,0,0,88.0,340,55,26,26,10,27,0,0,8,0,123,2021
153,152,Domingo Tapia,- - -,4,1,2.67,34,0,0,0,0,7,3,33.2,135,25,10,10,1,15,2,0,2,0,26,2021
154,153,Lance Lynn,CHW,11,6,2.69,28,28,1,1,0,0,0,157.0,641,123,52,47,18,45,2,2,5,0,176,2021
155,154,Ian Gibaut,MIN,0,0,2.70,3,0,0,0,0,0,0,6.2,28,7,2,2,2,2,0,1,0,0,4,2021
156,155,Jake Cousins,MIL,1,0,2.70,30,0,0,0,0,7,0,30.0,125,16,9,9,3,19,1,4,2,0,44,2021
157,156,Cole Sulser,BAL,5,4,2.70,60,0,0,0,8,6,3,63.1,257,48,20,19,5,23,0,0,6,1,73,2021
158,157,Luis Frias,ARI,0,0,2.70,3,0,0,0,0,1,0,3.1,16,2,1,1,0,5,0,0,0,0,3,2021
159,158,Jake McGee,SFG,3,2,2.72,62,0,0,0,31,8,5,59.2,239,44,25,18,7,10,1,2,0,0,58,2021
160,159,J.P. Feyereisen,- - -,4,4,2.73,55,0,0,0,3,15,3,56.0,234,36,23,17,5,33,0,0,3,0,53,2021
161,160,Lucas Luetge,NYY,4,2,2.74,57,1,0,0,1,3,2,72.1,301,67,30,22,6,15,1,3,8,0,78,2021
162,161,Dustin May,LAD,1,1,2.74,5,5,0,0,0,0,0,23.0,93,16,8,7,4,6,0,1,0,0,35,2021
163,162,Steven Okert,MIA,3,1,2.75,34,0,0,0,0,1,0,36.0,142,22,12,11,5,15,2,4,4,0,40,2021
164,163,Diego Castillo,- - -,5,5,2.78,61,0,0,0,16,10,6,58.1,233,40,23,18,9,17,2,5,2,0,75,2021
165,164,Zack Wheeler,PHI,14,10,2.78,32,32,3,2,0,0,0,213.1,849,169,72,66,16,46,1,8,6,0,247,2021
166,165,Anthony Bender,MIA,3,2,2.79,60,1,0,0,3,12,2,61.1,247,45,22,19,5,20,3,6,4,0,71,2021
167,166,Ryan Tepera,- - -,0,2,2.79,65,0,0,0,2,21,3,61.1,240,35,19,19,4,19,1,4,4,0,74,2021
168,167,Adrian Sampson,CHC,1,2,2.80,10,5,0,0,0,0,0,35.1,145,30,15,11,8,8,0,6,1,0,28,2021
169,168,Phil Bickford,- - -,4,2,2.81,57,0,0,0,1,9,2,51.1,207,36,18,16,7,19,7,3,0,0,59,2021
170,169,Freddy Peralta,MIL,10,5,2.81,28,27,1,0,0,0,0,144.1,580,84,47,45,14,56,1,11,4,0,195,2021
171,170,Kevin Gausman,SFG,14,6,2.81,33,33,0,0,0,0,0,192.0,775,150,66,60,20,50,1,4,7,0,227,2021
172,171,Dylan Floro,MIA,6,6,2.81,68,0,0,0,15,11,6,64.0,270,53,25,20,2,25,3,0,1,0,62,2021
173,172,Garrett Crochet,CHW,3,5,2.82,54,0,0,0,0,12,1,54.1,230,42,22,17,2,27,2,1,4,0,65,2021
174,173,Dietrich Enns,TBR,2,0,2.82,9,0,0,0,2,0,0,22.1,88,17,8,7,1,6,0,0,0,0,25,2021
175,174,Robbie Ray,TOR,13,7,2.84,32,32,0,0,0,0,0,193.1,773,150,62,61,33,52,0,4,5,0,248,2021
176,175,Drew Rasmussen,- - -,4,1,2.84,35,10,0,0,1,1,0,76.0,307,57,27,24,5,25,2,0,4,0,73,2021
177,176,Joe Kelly,LAD,2,0,2.86,48,0,0,0,2,10,1,44.0,182,28,16,14,3,15,1,4,0,1,50,2021
178,177,Josh Staumont,KCR,4,3,2.88,64,0,0,0,5,16,0,65.2,264,43,24,21,6,27,1,2,4,0,72,2021
179,178,Spencer Turnbull,DET,4,2,2.88,9,9,1,1,0,0,0,50.0,201,37,18,16,2,12,0,5,0,0,44,2021
180,179,Cal Quantrill,CLE,8,3,2.89,40,22,0,0,0,1,0,149.2,616,129,55,48,16,47,0,9,3,0,121,2021
181,180,Justin Bruihl,LAD,0,1,2.89,21,2,0,0,0,3,0,18.2,73,13,7,6,1,7,2,1,3,0,11,2021
182,181,Nestor Cortes,NYY,2,3,2.90,22,14,0,0,0,0,0,93.0,374,75,32,30,14,25,0,2,2,1,103,2021
183,182,Tony Santillan,CIN,1,3,2.91,26,4,0,0,0,0,0,43.1,190,34,15,14,7,21,0,7,1,0,56,2021
184,183,Kyle Tyler,LAA,0,0,2.92,5,0,0,0,0,0,0,12.1,52,8,4,4,1,6,0,2,0,0,6,2021
185,184,Zack Littell,SFG,4,0,2.92,63,2,0,0,2,5,4,61.2,252,46,24,20,7,24,1,2,3,2,63,2021
186,185,Scott Alexander,LAD,0,2,2.93,18,0,0,0,0,2,1,15.1,67,15,6,5,2,4,1,1,1,0,8,2021
187,186,Richard Rodriguez,- - -,5,4,2.94,64,0,0,0,14,8,3,64.1,251,50,21,21,8,10,1,2,4,1,42,2021
188,187,Nick Sandlin,CLE,1,1,2.94,34,0,0,0,0,5,1,33.2,141,21,15,11,2,17,0,4,1,0,48,2021
189,188,Richard Bleier,MIA,3,2,2.95,68,0,0,0,0,20,6,58.0,225,51,20,19,4,6,3,3,1,0,44,2021
190,189,Julio Urias,LAD,20,3,2.96,32,32,0,0,0,0,0,185.2,745,151,67,61,19,38,3,7,2,1,195,2021
191,190,Michael Fulmer,DET,5,6,2.97,52,4,0,0,14,9,4,69.2,297,69,27,23,7,20,2,5,2,0,73,2021
192,191,Brody Koerner,NYY,0,0,3.00,2,0,0,0,0,0,0,3.0,13,2,1,1,0,2,0,1,0,0,1,2021
193,192,John Schreiber,BOS,0,0,3.00,1,0,0,0,0,0,0,3.0,13,4,1,1,0,1,0,0,0,0,5,2021
194,193,Noe Ramirez,- - -,0,2,3.00,38,0,0,0,1,10,2,36.0,147,23,14,12,3,12,0,3,2,0,29,2021
195,194,Camilo Doval,SFG,5,1,3.00,29,0,0,0,3,5,3,27.0,109,19,10,9,4,9,2,1,2,0,37,2021
196,195,Zac Rosscup,COL,0,0,3.00,4,0,0,0,0,0,0,3.0,13,3,1,1,1,1,0,1,0,0,4,2021
197,196,Garrett Cleavinger,LAD,2,4,3.00,22,1,0,0,0,0,1,18.0,84,20,11,6,4,12,1,1,0,0,21,2021
198,197,Marcus Stroman,NYM,10,13,3.02,33,33,0,0,0,0,0,179.0,730,161,70,60,17,44,2,7,7,0,158,2021
199,198,Giovanny Gallegos,STL,6,5,3.02,73,0,0,0,14,24,8,80.1,310,51,28,27,6,20,2,6,4,0,95,2021
200,199,Logan Webb,SFG,11,3,3.03,27,26,0,0,0,1,0,148.1,596,128,53,50,9,36,0,8,2,0,158,2021
201,200,Max Fried,ATL,14,7,3.04,28,28,2,2,0,0,0,165.2,667,139,61,56,15,41,0,7,7,0,158,2021
202,201,Jose Ruiz,CHW,1,3,3.05,59,0,0,0,0,4,1,65.0,271,51,26,22,8,25,1,0,2,2,63,2021
203,202,Adam Wainwright,STL,17,7,3.05,32,32,3,1,0,0,0,206.1,828,168,72,70,21,50,3,9,4,1,174,2021
204,203,Aaron Sanchez,SFG,1,1,3.06,9,7,0,0,0,0,0,35.1,156,32,12,12,2,15,0,4,0,1,26,2021
205,204,Craig Stammen,SDP,6,3,3.06,67,4,0,0,1,7,1,88.1,355,79,31,30,13,13,1,3,3,0,83,2021
206,205,Hirokazu Sawamura,BOS,5,1,3.06,55,0,0,0,0,10,1,53.0,233,45,24,18,9,32,6,2,8,0,61,2021
207,206,Paul Sewald,SEA,10,3,3.06,62,0,0,0,11,16,5,64.2,264,42,24,22,10,24,5,0,2,0,104,2021
208,207,Pablo Lopez,MIA,5,5,3.07,20,20,0,0,0,0,0,102.2,418,89,37,35,11,26,1,7,3,0,115,2021
209,208,Luis Gil,NYY,1,1,3.07,6,6,0,0,0,0,0,29.1,129,20,11,10,4,19,0,1,1,0,38,2021
210,209,Brent Suter,MIL,12,5,3.07,61,1,0,0,1,8,8,73.1,313,72,34,25,9,24,3,1,1,1,69,2021
211,210,Wily Peralta,DET,4,5,3.07,19,18,0,0,0,1,0,93.2,402,87,41,32,12,38,0,4,1,0,58,2021
212,211,Blake Parker,CLE,2,1,3.09,47,0,0,0,0,4,0,43.2,185,43,15,15,5,14,0,2,1,0,37,2021
213,212,Chad Green,NYY,10,7,3.12,67,0,0,0,6,18,6,83.2,315,57,32,29,14,17,2,0,5,0,99,2021
214,213,Robert Stephenson,COL,2,1,3.13,49,0,0,0,1,4,1,46.0,197,42,20,16,5,18,0,2,3,0,52,2021
215,214,Framber Valdez,HOU,11,6,3.14,22,22,1,0,0,0,0,134.2,572,110,52,47,12,58,1,11,9,2,125,2021
216,215,Chris Bassitt,OAK,12,4,3.15,27,27,1,1,0,0,0,157.1,637,127,55,55,15,39,1,11,5,1,159,2021
217,216,Tyler Gilbert,ARI,2,2,3.15,9,6,1,1,0,1,0,40.0,157,28,17,14,4,13,0,1,0,0,25,2021
218,217,Lance McCullers Jr.,HOU,13,5,3.16,28,28,0,0,0,0,0,162.1,684,122,59,57,13,76,0,10,7,0,185,2021
219,218,Chris Sale,BOS,5,1,3.16,9,9,0,0,0,0,0,42.2,183,45,19,15,6,12,1,4,0,0,52,2021
220,219,Blake Taylor,HOU,4,4,3.16,51,0,0,0,0,5,5,42.2,188,38,19,15,6,22,2,0,5,0,41,2021
221,220,Shane Bieber,CLE,7,4,3.17,16,16,0,0,0,0,0,96.2,405,84,36,34,11,33,0,4,5,0,134,2021
222,221,Anthony DeSclafani,SFG,13,7,3.17,31,31,2,2,0,0,0,167.2,676,141,61,59,19,42,1,2,7,0,152,2021
223,222,Joe Musgrove,SDP,11,9,3.18,32,31,2,2,0,0,0,181.1,748,142,68,64,22,54,3,18,3,0,203,2021
224,223,Shohei Ohtani,LAA,9,2,3.18,23,23,0,0,0,0,0,130.1,533,98,48,46,15,44,2,10,10,2,156,2021
225,224,Lou Trivino,OAK,7,8,3.18,71,0,0,0,22,8,4,73.2,310,58,32,26,5,34,2,4,7,0,67,2021
226,225,Tyler Duffey,MIN,3,3,3.18,64,0,0,0,3,22,2,62.1,254,48,25,22,4,28,1,2,5,0,61,2021
227,226,Brett Martin,TEX,4,4,3.18,66,0,0,0,0,11,2,62.1,264,67,31,22,5,14,4,0,4,0,42,2021
228,227,Eric Lauer,MIL,7,5,3.19,24,20,0,0,0,0,0,118.2,489,94,46,42,16,41,1,2,2,0,117,2021
229,228,Sandy Alcantara,MIA,9,15,3.19,33,33,1,0,0,0,0,205.2,837,171,85,73,21,50,2,10,6,1,201,2021
230,229,Ian Kennedy,- - -,3,1,3.20,55,0,0,0,26,0,4,56.1,228,45,21,20,12,17,3,2,0,0,62,2021
231,230,Chasen Shreve,PIT,3,3,3.20,57,0,0,0,0,11,2,56.1,235,43,20,20,7,28,0,1,0,0,45,2021
232,231,Tyler Clippard,ARI,1,1,3.20,26,0,0,0,6,3,3,25.1,111,22,12,9,3,11,1,3,1,0,21,2021
233,232,Jack Flaherty,STL,9,2,3.22,17,15,0,0,0,0,0,78.1,322,57,35,28,12,26,1,6,4,0,85,2021
234,233,Pierce Johnson,SDP,3,4,3.22,63,2,0,0,0,9,2,58.2,244,47,21,21,6,27,3,1,6,0,77,2021
235,234,Alek Manoah,TOR,9,2,3.22,20,20,0,0,0,0,0,111.2,459,77,44,40,12,40,0,16,0,1,127,2021
236,235,Adrian Houser,MIL,10,6,3.22,28,26,1,1,0,0,0,142.1,599,118,61,51,12,64,0,9,9,1,105,2021
237,236,Gerrit Cole,NYY,16,8,3.23,30,30,2,1,0,0,0,181.1,726,151,69,65,24,41,0,2,5,1,243,2021
238,237,Tony Gonsolin,LAD,4,1,3.23,15,13,0,0,0,0,0,55.2,239,41,20,20,8,34,0,0,4,0,65,2021
239,238,Caleb Thielbar,MIN,7,0,3.23,59,0,0,0,0,12,0,64.0,266,55,24,23,8,20,1,3,3,0,77,2021
240,239,Alex Reyes,STL,10,8,3.24,69,0,0,0,29,3,5,72.1,317,46,32,26,9,52,1,2,10,1,95,2021
241,240,Zach Thompson,MIA,3,7,3.24,26,14,0,0,0,0,0,75.0,315,63,35,27,6,28,1,3,5,0,66,2021
242,241,Luis Garcia,STL,1,1,3.24,34,0,0,0,2,11,1,33.1,135,25,12,12,2,8,1,1,3,0,34,2021
243,242,Drew Anderson,TEX,1,1,3.27,9,1,0,0,0,0,0,22.0,91,20,8,8,1,6,0,1,1,0,9,2021
244,243,Domingo Acevedo,OAK,0,0,3.27,10,0,0,0,0,0,0,11.0,44,9,4,4,3,4,0,0,0,0,9,2021
245,244,Josh Rogers,WSN,2,2,3.28,6,6,0,0,0,0,0,35.2,151,32,13,13,7,14,0,2,0,0,22,2021
246,245,Daniel Hudson,- - -,5,3,3.31,54,0,0,0,0,16,3,51.2,210,40,22,19,8,16,1,0,3,0,75,2021
247,246,Erik Swanson,SEA,0,3,3.31,33,2,0,0,1,5,2,35.1,144,28,18,13,5,10,1,1,0,0,35,2021
248,247,Brad Boxberger,MIL,5,4,3.34,71,0,0,0,4,23,5,64.2,266,44,26,24,8,25,1,6,3,0,83,2021
249,248,Charlie Morton,ATL,14,6,3.34,33,33,0,0,0,0,0,185.2,756,136,77,69,16,58,1,17,5,0,216,2021
250,249,Taylor Rogers,MIN,2,4,3.35,40,0,0,0,9,8,4,40.1,166,38,18,15,4,8,2,0,3,0,59,2021
251,250,Mychal Givens,- - -,4,3,3.35,54,0,0,0,8,11,3,51.0,216,43,22,19,7,27,4,2,2,1,54,2021
252,251,Wandy Peralta,- - -,5,4,3.35,56,1,0,0,5,5,1,51.0,219,49,24,19,6,21,1,1,4,1,43,2021
253,252,Aroldis Chapman,NYY,6,4,3.36,61,0,0,0,30,1,4,56.1,243,36,23,21,9,38,2,3,7,0,97,2021
254,253,Wade Miley,CIN,12,7,3.37,28,28,1,1,0,0,0,163.0,690,166,64,61,17,50,0,3,2,0,125,2021
255,254,Frankie Montas,OAK,13,9,3.37,32,32,0,0,0,0,0,187.0,778,164,79,70,20,57,1,7,11,0,207,2021
256,255,Joan Adon,WSN,0,0,3.38,1,1,0,0,0,0,0,5.1,24,6,2,2,1,3,0,1,1,0,9,2021
257,256,Evan Phillips,- - -,1,1,3.38,8,0,0,0,1,0,0,13.1,58,11,6,5,1,5,1,1,1,0,11,2021
258,257,Jordan Sheffield,COL,0,0,3.38,30,0,0,0,0,4,0,29.1,116,19,11,11,2,13,0,2,4,0,20,2021
259,258,Lucas Gilbreath,COL,3,2,3.38,47,1,0,0,1,4,0,42.2,185,33,18,16,5,23,0,1,4,0,44,2021
260,259,Keegan Thompson,CHC,3,3,3.38,32,6,0,0,1,1,1,53.1,243,48,22,20,9,31,1,2,4,0,55,2021
261,260,Darren O'Day,NYY,0,0,3.38,12,0,0,0,0,4,0,10.2,46,9,4,4,2,4,0,1,0,1,11,2021
262,261,R.J. Alaniz,CIN,0,0,3.38,3,0,0,0,0,0,0,2.2,13,1,1,1,1,3,0,1,0,0,3,2021
263,262,Miguel Del Pozo,DET,0,0,3.38,5,0,0,0,0,0,0,5.1,25,8,2,2,0,2,0,0,0,0,4,2021
264,263,Darwinzon Hernandez,BOS,2,2,3.38,48,0,0,0,0,12,4,40.0,182,29,17,15,5,31,0,5,3,0,54,2021
265,264,Gregory Soto,DET,6,3,3.39,62,0,0,0,18,7,1,63.2,276,46,30,24,7,40,2,1,11,1,76,2021
266,265,Tim Mayza,TOR,5,2,3.40,61,0,0,0,1,18,3,53.0,210,40,21,20,5,12,0,3,2,0,57,2021
267,266,Joel Payamps,- - -,1,3,3.40,37,1,0,0,0,0,0,50.1,205,44,22,19,6,14,2,1,1,0,38,2021
268,267,Josh Taylor,BOS,1,0,3.40,61,0,0,0,1,15,0,47.2,209,45,18,18,2,23,3,3,2,0,60,2021
269,268,Joe Mantiply,ARI,0,3,3.40,57,0,0,0,0,11,2,39.2,177,45,24,15,1,17,3,1,2,0,38,2021
270,269,Hector Santiago,SEA,1,1,3.42,13,1,0,0,0,0,0,26.1,117,27,10,10,2,11,0,0,0,0,30,2021
271,270,Ryne Stanek,HOU,3,5,3.42,72,0,0,0,2,21,2,68.1,290,46,32,26,8,37,3,5,6,0,83,2021
272,271,Kyle Funkhouser,DET,7,4,3.42,57,2,0,0,1,9,4,68.1,298,58,32,26,6,38,0,3,9,1,63,2021
273,272,Steve Cishek,LAA,0,2,3.42,74,0,0,0,0,21,4,68.1,308,61,32,26,2,41,5,6,4,2,64,2021
274,273,Jeffrey Springs,TBR,5,1,3.43,43,0,0,0,2,10,2,44.2,179,35,21,17,9,14,1,0,3,0,63,2021
275,274,Shane McClanahan,TBR,10,6,3.43,25,25,0,0,0,0,0,123.1,517,120,49,47,14,37,0,2,9,0,141,2021
276,275,Reynaldo Lopez,CHW,4,4,3.43,20,9,0,0,0,0,0,57.2,222,42,27,22,10,13,0,0,1,0,55,2021
277,276,Connor Brogdon,PHI,5,4,3.43,56,1,0,0,1,10,4,57.2,235,47,27,22,6,18,2,1,2,0,50,2021
278,277,Jandel Gustave,MIL,1,2,3.44,14,0,0,0,0,0,1,18.1,79,15,10,7,2,5,2,4,2,0,13,2021
279,278,Will Smith,ATL,3,7,3.44,71,0,0,0,37,0,6,68.0,283,49,27,26,11,28,2,5,3,0,87,2021
280,279,Edwin Diaz,NYM,5,6,3.45,63,0,0,0,32,0,6,62.2,257,43,27,24,3,23,1,9,5,1,89,2021
281,280,John Curtiss,- - -,3,1,3.45,41,2,0,0,0,4,1,44.1,187,42,21,17,6,12,0,1,1,0,44,2021
282,281,Miguel Castro,NYM,3,4,3.45,69,2,0,0,0,9,2,70.1,303,48,30,27,7,43,0,6,8,0,77,2021
283,282,Kwang-hyun Kim,STL,7,7,3.46,27,21,0,0,1,0,0,106.2,452,98,46,41,12,39,2,4,4,0,80,2021
284,283,Luis Garcia,HOU,11,8,3.48,30,28,0,0,0,0,0,155.1,633,133,62,60,19,50,1,3,9,1,167,2021
285,284,Corey Oswalt,NYM,1,1,3.48,3,1,0,0,0,0,0,10.1,42,12,4,4,1,2,0,0,1,0,10,2021
286,285,Sam Moll,OAK,0,0,3.48,8,0,0,0,0,0,0,10.1,44,8,4,4,1,5,0,2,0,0,8,2021
287,286,Richard Lovelady,KCR,2,0,3.48,20,0,0,0,1,4,0,20.2,84,16,9,8,3,6,1,1,1,0,23,2021
288,287,Bryan Shaw,CLE,6,7,3.49,81,0,0,0,2,20,6,77.1,334,69,33,30,10,38,0,1,6,0,71,2021
289,288,Seth Lugo,NYM,4,3,3.50,46,0,0,0,1,13,3,46.1,195,41,18,18,6,19,2,1,0,0,55,2021
290,289,Trevor Richards,- - -,7,2,3.50,53,0,0,0,1,6,5,64.1,251,40,26,25,12,22,1,0,8,0,78,2021
291,290,Michael Kopech,CHW,4,3,3.50,44,4,0,0,0,13,1,69.1,285,54,27,27,9,24,1,1,3,0,103,2021
292,291,Aaron Bummer,CHW,5,5,3.51,62,0,0,0,2,21,6,56.1,242,42,28,22,3,29,3,4,5,0,75,2021
293,292,Jose Berrios,- - -,12,9,3.52,32,32,1,0,0,0,0,192.0,781,159,83,75,22,45,0,15,3,0,204,2021
294,293,Tanner Houck,BOS,1,5,3.52,18,13,0,0,1,1,0,69.0,285,57,32,27,4,21,1,6,3,0,87,2021
295,294,Adonis Medina,PHI,0,0,3.52,4,1,0,0,0,0,0,7.2,36,9,3,3,0,4,0,3,0,0,6,2021
296,295,Jharel Cotton,TEX,2,0,3.52,23,0,0,0,0,3,0,30.2,137,28,12,12,2,15,0,2,1,0,30,2021
297,296,John King,TEX,7,5,3.52,27,0,0,0,0,4,1,46.0,193,41,24,18,3,12,1,4,2,0,40,2021
298,297,Lucas Giolito,CHW,11,9,3.53,31,31,1,0,0,0,0,178.2,720,145,74,70,27,52,1,2,12,0,201,2021
299,298,Andres Machado,WSN,1,2,3.53,40,0,0,0,0,10,3,35.2,154,30,17,14,4,15,1,5,3,0,30,2021
300,299,Kyle Finnegan,WSN,5,9,3.55,68,0,0,0,11,13,3,66.0,294,64,39,26,9,34,4,2,8,0,68,2021
301,300,Clayton Kershaw,LAD,10,8,3.55,22,22,0,0,0,0,0,121.2,488,103,51,48,15,21,0,3,7,1,144,2021
302,301,Michael King,NYY,2,4,3.55,22,6,0,0,0,2,0,63.1,275,57,29,25,6,24,1,6,5,0,62,2021
303,302,Cristian Javier,HOU,4,1,3.55,36,9,0,0,2,5,2,101.1,424,67,41,40,16,53,1,7,6,0,130,2021
304,303,Ralph Garza,- - -,1,4,3.56,27,0,0,0,1,2,1,30.1,127,24,15,12,5,14,1,1,1,0,29,2021
305,304,Victor Gonzalez,LAD,3,1,3.57,44,1,0,0,1,16,1,35.1,155,32,14,14,3,19,2,3,1,0,33,2021
306,305,Ian Anderson,ATL,9,5,3.58,24,24,0,0,0,0,0,128.1,535,105,51,51,16,53,2,1,7,0,124,2021
307,306,Pete Fairbanks,TBR,3,6,3.59,47,0,0,0,5,14,2,42.2,189,40,22,17,2,21,1,1,3,0,56,2021
308,307,Edgar Santana,ATL,3,0,3.59,41,0,0,0,0,3,0,42.2,175,37,20,17,7,12,1,0,1,2,33,2021
309,308,Trevor May,NYM,7,3,3.59,68,0,0,0,4,16,3,62.2,266,55,29,25,10,24,4,0,7,0,83,2021
310,309,Tanner Anderson,PIT,0,0,3.60,1,0,0,0,0,0,0,5.0,19,5,2,2,0,0,0,0,0,0,1,2021
311,310,Tucker Davidson,ATL,0,0,3.60,4,4,0,0,0,0,0,20.0,83,15,8,8,3,8,0,0,0,0,18,2021
312,311,Daulton Jefferies,OAK,1,0,3.60,5,1,0,0,0,0,0,15.0,58,11,6,6,1,4,0,1,1,0,8,2021
313,312,Clay Holmes,- - -,8,4,3.60,69,0,0,0,0,11,2,70.0,292,53,32,28,5,29,2,4,9,1,78,2021
314,313,Jake Reed,- - -,0,1,3.60,10,1,0,0,0,0,1,10.0,43,10,6,4,1,2,1,0,0,0,10,2021
315,314,Shea Spitzbarth,PIT,0,0,3.60,5,0,0,0,0,1,0,5.0,22,4,2,2,1,2,0,1,0,0,1,2021
316,315,Hunter Wood,TEX,0,0,3.60,5,0,0,0,0,1,0,5.0,19,2,2,2,1,2,0,0,1,0,5,2021
317,316,Chris Flexen,SEA,14,6,3.61,31,31,0,0,0,0,0,179.2,741,185,74,72,19,40,0,4,2,0,125,2021
318,317,Jose Urquidy,HOU,8,3,3.62,20,20,0,0,0,0,0,107.0,423,87,43,43,17,19,0,2,2,0,90,2021
319,318,Tim Hill,SDP,6,6,3.62,78,0,0,0,1,17,4,59.2,255,51,34,24,9,23,5,6,1,0,56,2021
320,319,John Means,BAL,6,9,3.62,26,26,1,1,0,0,0,146.2,590,125,64,59,30,26,0,4,3,0,134,2021
321,320,Patrick Sandoval,LAA,3,6,3.62,17,14,0,0,1,0,0,87.0,363,69,38,35,11,36,0,4,3,0,94,2021
322,321,Michael Pineda,MIN,9,8,3.62,22,21,0,0,0,0,0,109.1,458,114,49,44,17,21,1,2,1,0,88,2021
323,322,Chris Stratton,PIT,7,1,3.63,68,0,0,0,8,7,5,79.1,337,70,34,32,9,33,2,1,3,0,86,2021
324,323,Hector Neris,PHI,4,7,3.63,74,0,0,0,12,11,7,74.1,310,55,34,30,12,32,3,4,4,1,98,2021
325,324,Chris Rodriguez,LAA,2,1,3.64,15,2,0,0,0,2,1,29.2,134,28,14,12,0,15,0,4,1,0,29,2021
326,325,Miguel Diaz,SDP,3,1,3.64,25,2,0,0,1,1,0,42.0,172,31,19,17,8,19,0,0,0,0,46,2021
327,326,Jose Cisnero,DET,4,4,3.65,67,0,0,0,4,18,4,61.2,265,51,34,25,6,31,1,4,4,0,62,2021
328,327,Jake Brentz,KCR,5,2,3.66,72,0,0,0,2,15,5,64.0,278,45,32,26,7,37,1,6,8,2,76,2021
329,328,Mitch White,LAD,1,3,3.66,21,4,0,0,0,0,2,46.2,197,38,28,19,6,17,1,0,3,0,49,2021
330,329,Danny Coulombe,MIN,3,2,3.67,29,1,0,0,0,2,1,34.1,139,35,17,14,5,7,1,0,0,0,33,2021
331,330,Carlos Hernandez,KCR,6,2,3.68,24,11,0,0,0,0,0,85.2,358,69,36,35,7,41,1,4,6,1,74,2021
332,331,Austin Pruitt,- - -,0,1,3.68,6,0,0,0,0,0,0,7.1,29,7,3,3,2,0,0,1,0,0,5,2021
333,332,Scott Effross,CHC,2,1,3.68,14,0,0,0,0,3,1,14.2,58,13,6,6,2,1,0,3,1,0,18,2021
334,333,Matt Wisler,- - -,3,5,3.70,48,0,0,0,1,10,3,48.2,195,41,24,20,6,11,1,1,1,1,62,2021
335,334,Archie Bradley,PHI,7,3,3.71,53,0,0,0,2,13,3,51.0,224,51,24,21,5,22,1,3,1,0,40,2021
336,335,Kyle Gibson,- - -,10,9,3.71,31,30,0,0,0,0,0,182.0,754,158,78,75,17,64,2,8,2,1,155,2021
337,336,Casey Mize,DET,7,9,3.71,30,30,1,0,0,0,0,150.1,612,130,64,62,24,41,0,11,7,0,118,2021
338,337,Dillon Peters,PIT,1,2,3.71,6,6,0,0,0,0,0,26.2,117,26,12,11,2,10,0,1,0,0,23,2021
339,338,Cody Reed,TBR,0,1,3.72,12,0,0,0,0,3,0,9.2,42,8,5,4,1,6,0,1,0,0,7,2021
340,339,Genesis Cabrera,STL,4,5,3.73,71,0,0,0,0,28,3,70.0,296,52,31,29,3,36,2,5,9,0,77,2021
341,340,Jay Jackson,SFG,2,1,3.74,23,1,0,0,0,3,2,21.2,90,15,9,9,3,12,0,0,0,0,28,2021
342,341,Tyler Mahle,CIN,13,6,3.75,33,33,0,0,0,0,0,180.0,759,158,78,75,24,64,0,10,4,0,210,2021
343,342,Nathan Eovaldi,BOS,11,9,3.75,32,32,0,0,0,0,0,182.1,764,182,81,76,15,35,2,7,6,0,195,2021
344,343,Jose Suarez,LAA,8,8,3.75,23,14,1,0,0,0,0,98.1,413,85,45,41,11,36,1,4,4,1,85,2021
345,344,Justin Dunn,SEA,1,3,3.75,11,11,0,0,0,0,0,50.1,218,37,21,21,6,29,0,4,1,0,49,2021
346,345,Alex Cobb,LAA,8,3,3.76,18,18,0,0,0,0,0,93.1,393,85,46,39,5,33,0,3,4,0,98,2021
347,346,Nabil Crismatt,SDP,3,1,3.76,45,0,0,0,0,1,0,81.1,351,87,40,34,10,24,2,8,3,0,71,2021
348,347,Robert Gsellman,NYM,0,1,3.77,17,1,0,0,0,1,0,28.2,119,27,14,12,3,7,0,2,0,0,17,2021
349,348,A.J. Minter,ATL,3,6,3.78,61,0,0,0,0,23,6,52.1,221,44,27,22,2,20,0,1,0,2,57,2021
350,349,Matt Barnes,BOS,6,5,3.79,60,0,0,0,24,0,6,54.2,222,41,25,23,8,20,2,2,3,0,84,2021
351,350,Tyler Alexander,DET,2,4,3.81,41,15,0,0,0,3,0,106.1,451,106,47,45,16,28,0,4,2,0,87,2021
352,351,Anthony Bass,MIA,3,9,3.82,70,1,0,0,0,19,4,61.1,260,55,33,26,11,24,6,3,0,0,58,2021
353,352,Steven Matz,TOR,14,7,3.82,29,29,0,0,0,0,0,150.2,647,158,70,64,18,43,0,6,5,1,144,2021
354,353,Corey Kluber,NYY,5,3,3.83,16,16,1,1,0,0,0,80.0,341,74,37,34,8,33,0,5,3,0,82,2021
355,354,Spencer Patton,TEX,2,2,3.83,42,0,0,0,2,11,3,42.1,172,36,20,18,4,15,0,0,1,0,48,2021
356,355,Alex Wood,SFG,10,4,3.83,26,26,0,0,0,0,0,138.2,585,125,63,59,14,39,1,16,7,0,152,2021
357,356,Jordan Montgomery,NYY,6,7,3.83,30,30,0,0,0,0,0,157.1,661,150,73,67,19,51,0,2,12,1,162,2021
358,357,Aaron Civale,CLE,12,5,3.84,21,21,0,0,0,0,0,124.1,498,108,56,53,23,31,0,4,3,1,99,2021
359,358,Mike Mayers,LAA,5,5,3.84,72,2,0,0,2,17,3,75.0,315,71,32,32,11,26,0,3,0,0,90,2021
360,359,Conner Menez,SFG,1,0,3.86,8,1,0,0,0,1,0,14.0,62,16,10,6,2,3,0,0,0,0,15,2021
361,360,Rich Hill,- - -,7,8,3.86,32,31,0,0,0,0,0,158.2,661,137,70,68,21,55,0,16,3,1,150,2021
362,361,Janson Junk,LAA,0,1,3.86,4,4,0,0,0,0,0,16.1,71,20,11,7,5,2,0,0,0,0,10,2021
363,362,Ryan Hartman,HOU,0,0,3.86,1,0,0,0,0,0,0,2.1,10,3,1,1,1,0,0,0,0,0,2,2021
364,363,Adrian Morejon,SDP,0,0,3.86,2,2,0,0,0,0,0,4.2,20,5,2,2,2,2,0,0,0,0,3,2021
365,364,Spencer Strider,ATL,1,0,3.86,2,0,0,0,0,0,0,2.1,9,2,1,1,1,1,0,0,0,0,0,2021
366,365,Jake Diekman,OAK,3,3,3.86,67,0,0,0,7,14,7,60.2,262,47,29,26,10,34,2,4,8,0,83,2021
367,366,Matthew Boyd,DET,3,8,3.89,15,15,0,0,0,0,0,78.2,337,77,37,34,9,23,0,7,4,0,67,2021
368,367,Brad Hand,- - -,6,7,3.90,68,0,0,0,21,3,8,64.2,278,56,39,28,9,26,4,6,3,0,61,2021
369,368,Yohan Ramirez,SEA,1,3,3.90,25,0,0,0,2,0,0,27.2,114,18,14,12,6,12,0,3,2,1,35,2021
370,369,Dylan Cease,CHW,13,7,3.91,32,32,1,1,0,0,0,165.2,708,139,77,72,20,68,0,9,13,2,226,2021
371,370,Sean Manaea,OAK,11,10,3.91,32,32,2,2,0,0,0,179.1,754,179,79,78,25,41,0,9,5,1,194,2021
372,371,Jorge Alcala,MIN,3,6,3.92,59,0,0,0,1,11,4,59.2,229,45,29,26,10,13,1,2,1,1,61,2021
373,372,Yusmeiro Petit,OAK,8,3,3.92,78,0,0,0,2,22,6,78.0,313,69,35,34,12,12,1,1,1,0,37,2021
374,373,Tony Watson,- - -,7,4,3.92,62,0,0,0,0,19,3,57.1,225,40,26,25,4,18,1,0,0,0,44,2021
375,374,Jeurys Familia,NYM,9,4,3.94,65,0,0,0,1,11,6,59.1,262,57,31,26,10,27,2,2,4,0,72,2021
376,375,Chris Martin,ATL,2,4,3.95,46,0,0,0,1,13,4,43.1,181,49,20,19,4,6,1,3,0,0,33,2021
377,376,Marco Gonzales,SEA,10,6,3.96,25,25,1,0,0,0,0,143.1,585,125,64,63,29,42,3,5,1,0,108,2021
378,377,Josh Sborz,TEX,4,3,3.97,63,0,0,0,1,9,3,59.0,257,52,29,26,7,32,1,0,8,0,69,2021
379,378,Luis Castillo,CIN,8,16,3.98,33,33,0,0,0,0,0,187.2,803,181,94,83,19,75,4,7,1,1,192,2021
380,379,Jake Woodford,STL,3,4,3.99,26,8,0,0,0,0,0,67.2,293,66,32,30,7,25,0,8,2,0,50,2021
381,380,Jordan Holloway,MIA,2,3,4.00,13,4,0,0,0,0,0,36.0,158,23,19,16,3,26,0,0,2,0,36,2021
382,381,Mason Thompson,- - -,1,3,4.01,31,0,0,0,0,6,3,24.2,121,32,15,11,4,15,1,1,3,0,23,2021
383,382,David Price,LAD,5,2,4.03,39,11,0,0,1,1,0,73.2,326,79,35,33,8,26,2,4,1,0,58,2021
384,383,Ryne Harper,WSN,0,2,4.04,34,0,0,0,0,3,1,35.2,148,28,16,16,6,14,1,2,0,0,31,2021
385,384,Alex Lange,DET,1,3,4.04,36,0,0,0,1,6,2,35.2,162,37,18,16,5,16,0,3,6,0,39,2021
386,385,Sam Coonrod,PHI,2,2,4.04,42,2,0,0,2,8,4,42.1,185,41,21,19,5,15,1,3,4,0,48,2021
387,386,Joe Ryan,MIN,2,1,4.05,5,5,0,0,0,0,0,26.2,100,16,12,12,4,5,0,0,1,0,30,2021
388,387,Jordan Yamamoto,NYM,1,1,4.05,2,1,0,0,0,0,0,6.2,33,10,6,3,0,2,0,2,0,0,3,2021
389,388,Francisco Perez,CLE,0,0,4.05,4,0,0,0,0,0,0,6.2,28,6,3,3,0,3,0,0,0,0,5,2021
390,389,Huascar Ynoa,ATL,4,6,4.05,18,17,0,0,0,0,0,91.0,372,76,42,41,14,25,1,4,4,0,100,2021
391,390,James Karinchak,CLE,7,4,4.07,60,0,0,0,11,13,5,55.1,235,35,27,25,9,32,0,2,3,0,78,2021
392,391,James Kaprielian,OAK,8,5,4.07,24,21,0,0,0,0,0,119.1,502,105,55,54,19,41,0,5,1,0,123,2021
393,392,Johnny Cueto,SFG,7,7,4.08,22,21,0,0,0,0,0,114.2,490,127,57,52,15,30,1,4,0,0,98,2021
394,393,John Gant,- - -,5,11,4.09,39,21,0,0,0,2,0,110.0,491,95,56,50,10,71,2,6,3,0,92,2021
395,394,Austin Adams,SDP,3,2,4.10,65,0,0,0,0,10,1,52.2,241,28,28,24,1,35,2,24,4,0,76,2021
396,395,Tyler Wells,BAL,2,3,4.11,44,0,0,0,4,1,3,57.0,224,40,27,26,9,12,0,1,1,1,65,2021
397,396,Deolis Guerra,OAK,4,1,4.11,53,0,0,0,0,3,0,65.2,269,53,34,30,8,20,0,4,1,0,62,2021
398,397,Zach Pop,MIA,1,0,4.12,50,0,0,0,0,1,1,54.2,246,54,29,25,3,24,2,8,2,0,51,2021
399,398,Jhonathan Diaz,LAA,1,0,4.15,3,2,0,0,0,0,0,13.0,59,11,6,6,1,7,0,1,0,0,9,2021
400,399,Alex Colome,MIN,4,4,4.15,67,0,0,0,17,5,7,65.0,290,68,41,30,8,23,1,4,2,0,58,2021
401,400,Miguel Sanchez,MIL,2,1,4.15,28,0,0,0,0,0,1,26.0,120,27,14,12,4,14,2,2,2,0,23,2021
402,401,Hunter Harvey,BAL,0,0,4.15,9,0,0,0,0,2,0,8.2,36,8,4,4,1,3,0,0,0,0,6,2021
403,402,Stephen Gonsalves,BOS,0,0,4.15,3,0,0,0,0,0,0,4.1,18,2,2,2,0,2,0,1,2,0,4,2021
404,403,Zack Greinke,HOU,11,6,4.16,30,29,1,0,0,1,0,171.0,697,164,82,79,30,36,0,2,3,0,120,2021
405,404,Joe Ross,WSN,5,9,4.17,20,19,0,0,0,0,0,108.0,460,98,57,50,17,34,4,8,0,0,109,2021
406,405,Kyle Muller,ATL,2,4,4.17,9,8,0,0,0,0,0,36.2,155,26,17,17,2,20,1,2,9,0,37,2021
407,406,Zach Eflin,PHI,4,7,4.17,18,18,0,0,0,0,0,105.2,442,116,52,49,15,16,2,3,2,0,99,2021
408,407,Elieser Hernandez,MIA,1,3,4.18,11,11,0,0,0,0,0,51.2,225,54,26,24,13,14,2,3,1,0,53,2021
409,408,Sonny Gray,CIN,7,9,4.19,26,26,0,0,0,0,0,135.1,575,115,67,63,19,50,1,8,9,0,155,2021
410,409,Bailey Ober,MIN,3,3,4.19,20,20,0,0,0,0,0,92.1,379,92,45,43,20,19,0,1,1,0,96,2021
411,410,Ashton Goudeau,- - -,2,1,4.19,16,1,0,0,0,0,0,34.1,141,24,16,16,4,17,3,2,1,0,22,2021
412,411,Jacob Webb,ATL,5,4,4.19,34,0,0,0,1,0,1,34.1,153,38,22,16,4,14,4,1,3,0,33,2021
413,412,Blake Snell,SDP,7,6,4.20,27,27,0,0,0,0,0,128.2,550,101,61,60,16,69,1,3,7,1,170,2021
414,413,Jimmie Sherfy,- - -,2,1,4.20,14,0,0,0,0,0,0,15.0,63,12,8,7,3,4,0,2,1,0,12,2021
415,414,Nate Pearson,TOR,1,1,4.20,12,1,0,0,0,0,0,15.0,71,14,8,7,2,12,1,0,5,0,20,2021
416,415,Derek Law,MIN,0,0,4.20,9,0,0,0,0,0,0,15.0,67,16,7,7,2,8,0,0,1,0,14,2021
417,416,Kyle McGowin,WSN,0,0,4.20,27,0,0,0,0,1,0,30.0,128,21,14,14,5,14,1,2,1,0,35,2021
418,417,Jose Alvarado,PHI,7,1,4.20,64,0,0,0,5,16,3,55.2,251,42,30,26,5,47,5,7,9,1,68,2021
419,418,Adam Ottavino,BOS,7,3,4.21,69,0,0,0,11,22,6,62.0,276,55,31,29,5,35,2,7,4,0,71,2021
420,419,Jake Odorizzi,HOU,6,7,4.21,24,23,0,0,0,0,0,104.2,441,97,51,49,16,34,1,3,0,0,91,2021
421,420,Yimi Garcia,- - -,4,9,4.21,62,0,0,0,15,4,3,57.2,237,49,33,27,8,18,5,1,0,0,60,2021
422,421,Brett Anderson,MIL,4,9,4.22,24,24,0,0,0,0,0,96.0,409,102,52,45,11,28,0,2,0,2,58,2021
423,422,Yu Darvish,SDP,8,11,4.22,30,30,0,0,0,0,0,166.1,681,138,81,78,28,44,1,8,9,0,199,2021
424,423,Miles Mikolas,STL,2,3,4.23,9,9,0,0,0,0,0,44.2,186,43,24,21,6,11,0,2,1,0,31,2021
425,424,Cole Irvin,OAK,10,15,4.24,32,32,0,0,0,0,0,178.1,768,195,94,84,23,42,0,9,3,0,125,2021
426,425,Luke Weaver,ARI,3,6,4.25,13,13,0,0,0,0,0,65.2,275,58,34,31,11,20,3,1,0,0,62,2021
427,426,Justin Steele,CHC,4,4,4.26,20,9,0,0,0,1,0,57.0,248,50,29,27,12,27,2,5,0,0,59,2021
428,427,Adam Morgan,CHC,2,1,4.26,34,0,0,0,2,4,2,25.1,108,22,15,12,6,12,0,1,0,0,28,2021
429,428,Paolo Espino,WSN,5,5,4.27,35,19,0,0,1,0,0,109.2,455,108,53,52,19,25,2,1,1,0,92,2021
430,429,Anthony Banda,- - -,2,2,4.28,30,0,0,0,0,4,3,33.2,153,39,18,16,6,13,1,2,3,0,32,2021
431,430,Codi Heuer,- - -,7,4,4.28,65,0,0,0,2,17,3,67.1,281,65,34,32,7,23,3,2,6,0,56,2021
432,431,Yacksel Rios,- - -,3,0,4.28,23,0,0,0,0,1,0,27.1,114,18,13,13,3,16,0,2,4,0,23,2021
433,432,Dennis Santana,- - -,2,4,4.28,55,0,0,0,0,6,2,54.2,237,48,31,26,4,32,2,3,4,0,46,2021
434,433,Zac Gallen,ARI,4,10,4.30,23,23,1,1,0,0,0,121.1,523,108,61,58,19,49,1,5,6,0,139,2021
435,434,Jameson Taillon,NYY,8,6,4.30,29,29,0,0,0,0,0,144.1,603,130,73,69,24,44,1,6,4,0,140,2021
436,435,Rowan Wick,CHC,0,1,4.30,22,0,0,0,5,2,3,23.0,100,17,12,11,1,14,0,1,1,0,29,2021
437,436,Luis Patino,TBR,5,3,4.31,19,15,0,0,0,0,0,77.1,333,69,40,37,12,29,2,3,7,1,74,2021
438,437,Joey Krehbiel,- - -,0,0,4.32,6,0,0,0,0,2,0,8.1,34,5,4,4,1,5,0,0,1,0,7,2021
439,438,Kyle Freeland,COL,7,8,4.33,23,23,0,0,0,0,0,120.2,515,133,59,58,20,38,1,4,1,0,105,2021
440,439,J.B. Wendelken,- - -,4,3,4.33,46,0,0,0,2,6,1,43.2,194,44,24,21,4,22,3,0,4,0,39,2021
441,440,Duane Underwood Jr.,PIT,2,3,4.33,43,0,0,0,0,2,0,72.2,320,77,40,35,9,27,1,4,3,0,65,2021
442,441,Jhoulys Chacin,COL,3,2,4.34,46,1,0,0,0,17,2,64.1,269,53,32,31,8,28,0,0,1,0,47,2021
443,442,Tarik Skubal,DET,8,12,4.34,31,29,0,0,0,0,0,149.1,634,141,76,72,35,47,0,6,4,0,164,2021
444,443,Ian Krol,DET,0,0,4.34,18,0,0,0,0,0,0,18.2,86,23,10,9,2,8,0,0,1,1,18,2021
445,444,Taylor Widener,ARI,2,1,4.35,23,13,0,0,0,1,0,70.1,319,65,38,34,14,37,3,7,1,0,73,2021
446,445,Trevor Williams,- - -,4,2,4.35,23,15,0,0,0,0,0,91.0,405,105,51,44,11,31,0,3,0,0,90,2021
447,446,Hyun-Jin Ryu,TOR,14,10,4.37,31,31,1,1,0,0,0,169.0,701,170,85,82,24,37,0,2,2,0,143,2021
448,447,Carlos Estevez,COL,3,5,4.38,64,0,0,0,11,15,6,61.2,270,71,32,30,8,21,0,2,5,0,60,2021
449,448,Sean Nolin,WSN,0,2,4.39,10,5,0,0,0,0,0,26.2,123,32,13,13,4,13,0,2,0,0,20,2021
450,449,Dillon Tate,BAL,0,6,4.39,62,0,0,0,3,7,2,67.2,287,61,35,33,7,23,0,7,7,0,49,2021
451,450,German Marquez,COL,12,11,4.40,32,32,3,1,0,0,0,180.0,756,165,92,88,21,64,5,4,15,0,176,2021
452,451,Dinelson Lamet,SDP,2,4,4.40,22,9,0,0,0,1,0,47.0,209,48,24,23,6,22,0,2,3,0,57,2021
453,452,Lucas Sims,CIN,5,3,4.40,47,0,0,0,7,9,3,47.0,195,34,26,23,6,18,3,4,2,1,76,2021
454,453,Trevor Stephan,CLE,3,1,4.41,43,0,0,0,1,3,0,63.1,282,58,32,31,15,31,1,3,0,0,75,2021
455,454,Wade LeBlanc,- - -,0,2,4.41,18,9,0,0,0,0,0,49.0,221,56,24,24,8,17,3,4,2,0,29,2021
456,455,Yusei Kikuchi,SEA,7,9,4.41,29,29,0,0,0,0,0,157.0,666,145,82,77,27,62,0,5,6,0,163,2021
457,456,Antonio Senzatela,COL,4,10,4.42,28,28,0,0,0,0,0,156.2,670,178,84,77,12,32,1,9,4,2,105,2021
458,457,Kris Bubic,KCR,6,7,4.43,29,20,0,0,0,0,0,130.0,556,121,67,64,22,59,0,7,0,1,114,2021
459,458,Hansel Robles,- - -,3,5,4.43,72,0,0,0,14,17,2,69.0,297,58,39,34,8,37,3,5,4,1,76,2021
460,459,Kyle Crick,PIT,1,1,4.44,27,0,0,0,0,6,1,24.1,107,14,14,12,0,19,0,5,6,0,21,2021
461,460,Merrill Kelly,ARI,7,11,4.44,27,27,0,0,0,0,0,158.0,667,163,82,78,21,41,3,4,2,0,130,2021
462,461,Joey Lucchesi,NYM,1,4,4.46,11,8,0,0,0,0,0,38.1,157,34,20,19,4,11,0,2,1,0,41,2021
463,462,Taijuan Walker,NYM,7,11,4.47,30,29,0,0,0,0,0,159.0,654,133,84,79,26,55,0,4,5,0,146,2021
464,463,Drew Smyly,ATL,11,4,4.48,29,23,0,0,0,0,0,126.2,546,133,69,63,27,41,3,2,5,1,117,2021
465,464,Preston Guilmet,MIA,0,0,4.50,2,0,0,0,0,1,0,2.0,7,2,1,1,1,0,0,0,0,0,1,2021
466,465,David Robertson,TBR,0,0,4.50,12,1,0,0,0,2,2,12.0,50,11,7,6,2,4,0,0,0,0,16,2021
467,466,Asher Wojciechowski,NYY,0,0,4.50,1,1,0,0,0,0,0,4.0,19,3,2,2,1,3,0,1,0,0,4,2021
468,467,Bryan Mitchell,MIA,0,0,4.50,2,0,0,0,0,0,0,4.0,18,5,2,2,0,2,1,0,0,0,4,2021
469,468,Alex McRae,CHW,0,0,4.50,2,0,0,0,0,0,0,2.0,10,3,1,1,0,1,0,0,0,0,1,2021
470,469,Touki Toussaint,ATL,3,3,4.50,11,10,0,0,0,0,0,50.0,216,43,28,25,11,22,1,6,2,0,48,2021
471,470,Nick Anderson,TBR,0,1,4.50,6,0,0,0,1,0,0,6.0,24,4,3,3,2,2,0,0,0,0,1,2021
472,471,Brandon Bielak,HOU,3,4,4.50,28,2,0,0,1,2,1,50.0,218,48,29,25,5,21,0,3,4,0,46,2021
473,472,Ty Tice,- - -,0,0,4.50,5,0,0,0,0,0,0,8.0,39,10,4,4,1,5,0,1,0,0,6,2021
474,473,Marcos Diplan,BAL,2,0,4.50,23,0,0,0,0,1,0,30.0,123,22,16,15,6,15,0,0,3,0,24,2021
475,474,Patrick Weigel,MIL,0,0,4.50,3,0,0,0,0,0,0,4.0,21,4,2,2,1,4,0,1,1,0,9,2021
476,475,Jhon Romero,WSN,0,0,4.50,5,0,0,0,0,0,0,4.0,17,5,2,2,0,0,0,0,0,0,3,2021
477,476,Dane Dunning,TEX,5,10,4.51,27,25,0,0,0,0,0,117.2,511,126,61,59,13,43,0,7,8,0,114,2021
478,477,Tylor Megill,NYM,4,6,4.52,18,18,1,0,0,0,0,89.2,379,88,46,45,19,27,0,2,1,0,99,2021
479,478,Austin Gomber,COL,9,9,4.53,23,23,0,0,0,0,0,115.1,488,102,64,58,20,41,2,3,1,0,113,2021
480,479,Tyler Anderson,- - -,7,11,4.53,31,31,0,0,0,0,0,167.0,703,170,87,84,27,38,2,1,1,1,134,2021
481,480,Nick Pivetta,BOS,9,8,4.53,31,30,0,0,1,0,0,155.0,661,137,80,78,24,65,2,5,9,0,175,2021
482,481,Sean Doolittle,- - -,3,1,4.53,56,0,0,0,1,5,4,49.2,223,50,27,25,7,23,3,2,2,0,53,2021
483,482,Nick Neidert,MIA,1,2,4.54,8,7,0,0,0,0,0,35.2,157,31,18,18,4,23,1,5,3,0,21,2021
484,483,Aaron Ashby,MIL,3,2,4.55,13,4,0,0,1,0,0,31.2,133,25,20,16,4,12,0,1,1,0,39,2021
485,484,Tayler Saucedo,TOR,0,0,4.56,29,0,0,0,0,1,2,25.2,109,22,14,13,1,10,0,2,2,1,19,2021
486,485,Jose Quijada,LAA,0,2,4.56,26,0,0,0,0,4,0,25.2,110,20,14,13,2,15,1,1,1,1,38,2021
487,486,Jeff Hoffman,CIN,3,5,4.56,31,11,0,0,0,2,0,73.0,335,70,41,37,12,45,2,5,9,0,79,2021
488,487,Ryan Helsley,STL,6,4,4.56,51,0,0,0,1,10,2,47.1,206,40,24,24,4,27,2,0,7,0,47,2021
489,488,Stephen Strasburg,WSN,1,2,4.57,5,5,0,0,0,0,0,21.2,95,16,12,11,4,14,2,1,0,0,21,2021
490,489,Domingo German,NYY,4,5,4.58,22,18,0,0,0,1,0,98.1,410,89,52,50,17,27,0,2,3,1,98,2021
491,490,Adbert Alzolay,CHC,5,13,4.58,29,21,0,0,1,0,0,125.2,519,112,66,64,25,34,2,5,2,3,128,2021
492,491,Brusdar Graterol,LAD,3,0,4.59,34,1,0,0,0,4,2,33.1,150,34,18,17,2,13,6,5,2,0,27,2021
493,492,Jon Gray,COL,8,12,4.59,29,29,0,0,0,0,0,149.0,644,140,83,76,21,58,2,8,7,0,157,2021
494,493,Jaime Barria,LAA,2,4,4.61,13,11,0,0,0,0,0,56.2,250,70,29,29,8,19,0,2,0,0,35,2021
495,494,Chris Mazza,TBR,0,0,4.61,14,0,0,0,1,0,0,27.1,112,26,14,14,3,7,1,2,3,0,21,2021
496,495,Anthony Misiewicz,SEA,5,5,4.61,66,0,0,0,0,19,5,54.2,236,61,30,28,7,15,2,1,6,0,53,2021
497,496,Taylor Williams,- - -,0,0,4.63,11,0,0,0,0,1,0,11.2,55,12,7,6,1,8,0,2,2,0,9,2021
498,497,Seth Elledge,STL,0,0,4.63,11,0,0,0,0,0,0,11.2,52,13,6,6,1,7,0,1,1,0,11,2021
499,498,Aaron Nola,PHI,9,9,4.63,32,32,1,1,0,0,0,180.2,749,165,95,93,26,39,1,9,0,1,223,2021
500,499,Ross Detwiler,- - -,3,1,4.64,53,5,0,0,0,1,0,52.1,229,44,28,27,10,20,1,8,2,0,62,2021
501,500,Kenta Maeda,MIN,6,5,4.66,21,21,0,0,0,0,0,106.1,453,106,60,55,16,32,1,7,3,0,113,2021
502,501,Chris Archer,TBR,1,1,4.66,6,5,0,0,0,0,0,19.1,83,18,11,10,3,8,0,0,1,0,21,2021
503,502,Taylor Hearn,TEX,6,6,4.66,42,11,0,0,0,1,1,104.1,441,96,58,54,17,42,1,3,6,0,92,2021
504,503,Joely Rodriguez,- - -,2,3,4.66,52,0,0,0,1,13,2,46.1,207,53,27,24,4,18,1,0,3,1,47,2021
505,504,Zach Plesac,CLE,10,6,4.67,25,25,0,0,0,0,0,142.2,598,137,79,74,23,34,1,7,5,1,100,2021
506,505,Sergio Romo,OAK,1,1,4.67,66,0,0,0,3,12,4,61.2,259,56,33,32,9,21,2,2,1,0,60,2021
507,506,Madison Bumgarner,ARI,7,10,4.67,26,26,1,1,0,0,0,146.1,613,134,82,76,24,39,2,11,2,1,124,2021
508,507,Logan Gilbert,SEA,6,5,4.68,24,24,0,0,0,0,0,119.1,503,112,63,62,17,28,2,6,9,0,128,2021
509,508,Ervin Santana,KCR,2,2,4.68,38,2,0,0,0,0,0,65.1,277,65,35,34,9,22,1,2,7,2,52,2021
510,509,Lewis Thorpe,MIN,0,2,4.70,5,4,0,0,0,0,0,15.1,66,14,11,8,2,7,0,0,1,0,6,2021
511,510,Connor Overton,- - -,0,1,4.70,9,3,0,0,0,0,0,15.1,63,14,8,8,2,5,0,0,1,0,15,2021
512,511,A.J. Alexy,TEX,3,1,4.70,5,4,0,0,0,0,0,23.0,97,13,12,12,4,17,0,1,0,0,17,2021
513,512,Justin Garza,CLE,2,1,4.71,21,0,0,0,0,0,1,28.2,128,27,16,15,5,18,0,0,0,0,29,2021
514,513,Jon Lester,- - -,7,6,4.71,28,28,0,0,0,0,0,141.1,627,159,84,74,25,55,5,3,0,0,91,2021
515,514,Phil Maton,- - -,6,0,4.73,65,1,0,0,0,5,4,66.2,297,65,36,35,6,32,0,6,0,0,85,2021
516,515,Sean Newcomb,ATL,2,0,4.73,32,0,0,0,1,2,1,32.1,150,28,17,17,1,27,1,2,5,0,43,2021
517,516,Tyler Kinley,COL,3,2,4.73,70,0,0,0,0,10,4,70.1,295,59,37,37,12,26,1,2,4,0,68,2021
518,517,Vladimir Gutierrez,CIN,9,6,4.74,22,22,0,0,0,0,0,114.0,496,115,61,60,20,46,0,4,3,2,88,2021
519,518,Martin Perez,BOS,7,8,4.74,36,22,0,0,0,1,0,114.0,509,136,71,60,19,36,2,9,2,1,97,2021
520,519,Eduardo Rodriguez,BOS,13,8,4.74,32,31,0,0,0,0,0,157.2,675,172,87,83,19,47,0,2,0,1,185,2021
521,520,Luke Farrell,MIN,1,1,4.74,20,1,0,0,0,1,0,24.2,113,28,13,13,4,13,0,0,0,0,25,2021
522,521,Anthony Castro,TOR,1,2,4.74,25,0,0,0,1,1,1,24.2,109,23,15,13,4,8,2,3,4,0,32,2021
523,522,Andrew Miller,STL,0,0,4.75,40,0,0,0,0,4,0,36.0,164,41,19,19,5,16,1,5,1,0,40,2021
524,523,Antonio Santos,COL,0,1,4.76,7,0,0,0,0,0,0,11.1,46,9,7,6,1,5,0,0,2,1,10,2021
525,524,Kyle Hendricks,CHC,14,7,4.77,32,32,1,0,0,0,0,181.0,785,200,101,96,31,44,3,13,2,0,131,2021
526,525,Trent Thornton,TOR,1,3,4.78,37,3,0,0,0,0,0,49.0,216,54,33,26,12,16,1,4,3,0,52,2021
527,526,Brooks Raley,HOU,2,3,4.78,58,0,0,0,2,9,3,49.0,205,43,30,26,6,16,0,3,1,1,65,2021
528,527,Ross Stripling,TOR,5,7,4.80,24,19,0,0,0,0,0,101.1,431,99,55,54,23,30,0,2,0,0,94,2021
529,528,Chad Kuhl,PIT,5,7,4.82,28,14,0,0,0,4,2,80.1,349,73,50,43,13,42,0,9,9,0,75,2021
530,529,Oliver Ortega,LAA,1,0,4.82,8,0,0,0,0,0,0,9.1,39,12,5,5,1,2,0,1,0,1,4,2021
531,530,Caleb Smith,ARI,4,9,4.83,45,13,0,0,0,2,2,113.2,500,93,64,61,20,63,3,6,2,0,124,2021
532,531,Emilio Pagan,SDP,4,3,4.83,67,0,0,0,0,17,5,63.1,263,56,35,34,16,18,0,2,0,0,69,2021
533,532,Kyle Zimmer,KCR,4,1,4.83,52,2,0,0,2,10,1,54.0,223,46,32,29,7,30,1,0,9,0,46,2021
534,533,Julian Merryweather,TOR,0,1,4.85,13,1,0,0,2,1,0,13.0,55,13,7,7,4,4,0,1,2,0,12,2021
535,534,Greg Holland,KCR,3,5,4.85,57,0,0,0,8,8,4,55.2,243,49,32,30,9,26,2,1,6,1,53,2021
536,535,Daniel Castano,MIA,0,2,4.87,5,4,0,0,0,0,0,20.1,92,22,12,11,3,8,0,1,0,0,13,2021
537,536,Garrett Richards,BOS,7,8,4.87,40,22,0,0,3,2,0,136.2,617,158,86,74,19,60,1,5,7,0,115,2021
538,537,Matt Peacock,ARI,5,7,4.90,35,8,0,0,0,0,0,86.1,386,107,55,47,13,28,5,1,2,1,50,2021
539,538,Brady Singer,KCR,5,10,4.91,27,27,1,0,0,0,0,128.1,586,146,81,70,14,53,1,11,3,1,131,2021
540,539,Jon Heasley,KCR,1,1,4.91,3,3,0,0,0,0,0,14.2,59,15,8,8,3,3,0,2,0,0,6,2021
541,540,Johan Oviedo,STL,0,5,4.91,14,13,0,0,0,0,0,62.1,288,61,39,34,8,37,2,6,2,0,51,2021
542,541,Drew Carlton,DET,0,0,4.91,4,0,0,0,0,0,0,3.2,19,6,2,2,1,4,0,0,0,0,1,2021
543,542,Nick Snyder,TEX,0,0,4.91,4,0,0,0,0,1,0,3.2,15,3,2,2,0,3,0,0,0,0,1,2021
544,543,Javy Guerra,SDP,0,0,4.91,4,0,0,0,0,0,0,3.2,18,4,2,2,0,2,0,0,0,0,3,2021
545,544,Humberto Castellanos,ARI,2,2,4.93,14,7,0,0,0,1,1,45.2,196,48,26,25,7,15,0,2,0,0,29,2021
546,545,Keynan Middleton,SEA,1,2,4.94,32,1,0,0,4,3,0,31.0,140,30,20,17,2,19,1,2,0,0,24,2021
547,546,Andrew Wantz,LAA,1,0,4.94,21,0,0,0,0,0,1,27.1,120,23,17,15,5,11,1,3,1,0,38,2021
548,547,Ryan Borucki,TOR,3,1,4.94,24,0,0,0,0,1,1,23.2,98,18,14,13,5,11,0,1,2,0,21,2021
549,548,Triston McKenzie,CLE,5,9,4.95,25,24,0,0,0,0,0,120.0,495,84,66,66,21,58,0,3,2,2,136,2021
550,549,J.D. Hammer,PHI,1,1,4.95,20,0,0,0,0,0,0,20.0,94,21,11,11,3,11,1,2,1,0,22,2021
551,550,Reiss Knehr,SDP,1,2,4.97,12,5,0,0,0,0,0,29.0,129,23,16,16,2,20,1,2,3,0,20,2021
552,551,Cristopher Sanchez,PHI,1,0,4.97,7,1,0,0,0,0,0,12.2,59,16,8,7,1,7,0,0,0,0,13,2021
553,552,Taylor Clarke,ARI,1,3,4.98,43,0,0,0,0,7,1,43.1,194,52,28,24,4,14,2,0,2,0,39,2021
554,553,Cody Poteet,MIA,2,3,4.99,7,7,0,0,0,0,0,30.2,132,25,17,17,7,16,0,0,1,0,32,2021
555,554,Joe Smith,- - -,4,4,4.99,50,0,0,0,0,4,3,39.2,173,47,23,22,5,8,2,3,2,0,34,2021
556,555,Nick Mears,PIT,1,0,5.01,30,0,0,0,0,3,5,23.1,107,25,14,13,5,13,1,0,3,0,23,2021
557,556,Josh Osich,CIN,2,0,5.02,17,0,0,0,1,3,2,14.1,60,15,9,8,4,5,0,0,0,0,9,2021
558,557,Braxton Garrett,MIA,1,2,5.03,8,7,0,0,0,0,0,34.0,159,42,20,19,3,20,0,2,4,0,32,2021
559,558,Andre Scrubb,HOU,1,1,5.03,18,0,0,0,0,2,2,19.2,86,15,11,11,5,14,0,0,2,0,21,2021
560,559,Bruce Zimmermann,BAL,4,5,5.04,14,13,0,0,0,0,0,64.1,285,75,37,36,14,22,0,2,0,1,56,2021
561,560,Cam Bedrosian,- - -,0,0,5.04,26,1,0,0,0,1,1,25.0,116,27,14,14,6,17,0,0,0,0,23,2021
562,561,Mike Minor,KCR,8,12,5.05,28,28,0,0,0,0,0,158.2,669,156,92,89,26,41,0,5,4,0,149,2021
563,562,Michael Wacha,TBR,3,5,5.05,29,23,0,0,0,1,0,124.2,528,132,73,70,23,31,0,4,5,0,121,2021
564,563,Nick Wittgren,CLE,2,9,5.05,60,1,0,0,1,9,0,62.1,258,61,38,35,13,17,5,2,2,0,61,2021
565,564,Joakim Soria,- - -,1,4,5.06,41,0,0,0,6,5,3,37.1,159,39,21,21,6,12,0,1,2,1,40,2021
566,565,Keone Kela,SDP,2,2,5.06,12,0,0,0,0,1,2,10.2,48,11,8,6,3,3,0,0,2,0,13,2021
567,566,Alec Mills,CHC,6,7,5.07,32,20,0,0,1,0,0,119.0,517,137,75,67,16,34,2,7,4,0,87,2021
568,567,Chris Paddack,SDP,7,7,5.07,23,22,0,0,0,0,0,108.1,459,115,67,61,15,22,1,1,2,0,99,2021
569,568,Derek Holland,DET,3,2,5.07,39,1,0,0,0,4,0,49.2,225,58,29,28,6,20,1,1,2,0,51,2021
570,569,Josh Fleming,TBR,10,8,5.09,26,11,0,0,1,3,0,104.1,448,110,60,59,11,31,5,3,0,0,65,2021
571,570,Ryan Yarbrough,TBR,9,7,5.11,30,21,1,0,0,0,0,155.0,653,163,96,88,25,27,2,9,1,1,117,2021
572,571,Demarcus Evans,TEX,0,2,5.13,25,0,0,0,0,2,2,26.1,120,24,16,15,4,16,0,1,2,0,33,2021
573,572,Austin Davis,- - -,1,2,5.13,29,0,0,0,0,4,3,26.1,117,24,17,15,4,12,2,1,1,0,28,2021
574,573,Hans Crouse,PHI,0,2,5.14,2,2,0,0,0,0,0,7.0,32,4,4,4,2,7,0,0,0,0,2,2021
575,574,Patrick Murphy,- - -,0,3,5.14,25,0,0,0,0,5,0,28.0,128,31,18,16,3,10,0,4,3,0,29,2021
576,575,Jordan Lyles,TEX,10,13,5.15,32,30,0,0,0,0,0,180.0,769,194,104,103,38,56,0,7,9,0,146,2021
577,576,Albert Abreu,NYY,2,0,5.15,28,0,0,0,1,3,0,36.2,156,27,21,21,8,19,1,3,3,1,35,2021
578,577,Sean Poppen,- - -,1,1,5.16,24,0,0,0,1,1,0,22.2,110,31,18,13,2,9,2,3,2,0,26,2021
579,578,Tanner Scott,BAL,5,4,5.17,62,0,0,0,0,16,2,54.0,251,48,34,31,6,37,1,6,10,0,70,2021
580,579,Daniel Bard,COL,7,8,5.21,67,0,0,0,20,4,8,65.2,304,69,41,38,8,36,1,7,4,0,80,2021
581,580,Matt Andriese,- - -,2,3,5.21,34,0,0,0,1,3,3,48.1,222,65,35,28,7,13,0,4,0,1,50,2021
582,581,Dan Winkler,CHC,1,3,5.22,47,0,0,0,0,6,1,39.2,190,32,24,23,5,30,1,9,3,0,40,2021
583,582,Sean Reid-Foley,NYM,2,1,5.23,12,0,0,0,0,0,0,20.2,92,22,15,12,3,9,2,0,1,0,26,2021
584,583,Jakob Junis,KCR,2,4,5.26,16,6,0,0,0,0,2,39.1,168,43,24,23,7,12,0,0,2,0,41,2021
585,584,Rex Brothers,CHC,3,2,5.26,57,0,0,0,1,8,0,53.0,236,41,31,31,9,35,2,6,5,0,75,2021
586,585,Kohl Stewart,CHC,1,1,5.27,4,3,0,0,0,0,0,13.2,64,17,12,8,2,6,0,2,0,0,11,2021
587,586,Dallas Keuchel,CHW,9,9,5.28,32,30,0,0,0,0,0,162.0,720,189,105,95,25,59,1,7,5,0,95,2021
588,587,Justin Wilson,- - -,1,1,5.29,42,0,0,0,0,4,1,34.0,149,32,22,20,6,16,0,1,2,0,29,2021
589,588,Jimmy Herget,- - -,2,3,5.30,18,0,0,0,0,1,2,18.2,78,20,12,11,1,4,1,3,0,1,20,2021
590,589,Ryan Weathers,SDP,4,7,5.32,30,18,0,0,1,0,0,94.2,401,101,57,56,20,30,1,3,2,1,72,2021
591,590,Austin Voth,WSN,4,1,5.34,49,1,0,0,0,7,5,57.1,248,57,35,34,10,28,5,1,1,0,59,2021
592,591,Eli Morgan,CLE,5,7,5.34,18,18,0,0,0,0,0,89.1,379,90,54,53,20,22,0,4,0,1,81,2021
593,592,Bryse Wilson,- - -,3,7,5.35,16,16,0,0,0,0,0,74.0,322,85,45,44,15,22,3,1,2,1,46,2021
594,593,JT Brubaker,PIT,5,13,5.36,24,24,0,0,0,0,0,124.1,538,123,75,74,28,38,1,9,3,1,129,2021
595,594,Brad Keller,KCR,8,12,5.39,26,26,0,0,0,0,0,133.2,613,158,89,80,18,64,1,7,5,0,120,2021
596,595,Josh James,HOU,0,0,5.40,5,0,0,0,0,0,0,5.0,21,4,3,3,1,2,0,0,2,0,8,2021
597,596,Ryan Castellani,COL,0,0,5.40,1,1,0,0,0,0,0,3.1,17,5,2,2,1,4,0,1,0,0,2,2021
598,597,Zack Burdi,- - -,0,0,5.40,7,0,0,0,0,0,0,10.0,49,13,7,6,3,5,0,2,0,0,7,2021
599,598,Burch Smith,OAK,1,1,5.40,31,0,0,0,0,4,1,43.1,188,49,27,26,5,11,0,1,2,0,28,2021
600,599,Hoby Milner,MIL,0,0,5.40,19,0,0,0,0,1,0,21.2,99,30,15,13,8,3,0,2,0,0,30,2021
601,600,Yennsy Diaz,NYM,0,2,5.40,20,0,0,0,0,0,0,25.0,112,25,16,15,5,12,1,1,0,0,21,2021
602,601,Jordan Hicks,STL,0,0,5.40,10,0,0,0,0,3,0,10.0,44,5,6,6,0,10,0,0,3,0,10,2021
603,602,Kolby Allard,TEX,3,12,5.41,32,17,0,0,0,1,0,124.2,534,128,80,75,29,31,0,4,4,0,104,2021
604,603,Mike Foltynewicz,TEX,2,12,5.44,28,24,0,0,0,0,0,139.0,586,139,86,84,35,36,0,9,2,0,97,2021
605,604,Brandon Workman,- - -,1,2,5.46,29,0,0,0,0,4,0,28.0,136,36,20,17,4,21,2,0,1,1,25,2021
606,605,Erick Fedde,WSN,7,9,5.47,29,27,0,0,0,0,1,133.1,590,144,90,81,23,48,6,4,1,1,128,2021
607,606,Josiah Gray,- - -,2,2,5.48,14,13,0,0,0,0,0,70.2,307,63,44,43,19,33,3,2,7,0,76,2021
608,607,Wil Crowe,PIT,4,8,5.48,26,25,0,0,0,0,0,116.2,524,126,75,71,25,57,1,6,3,1,111,2021
609,608,Mike Wright Jr.,CHW,0,1,5.50,13,0,0,0,0,0,0,18.0,81,17,12,11,1,11,0,2,2,0,11,2021
610,609,Jake Faria,ARI,0,0,5.51,23,3,0,0,0,0,0,32.2,154,39,21,20,5,13,0,2,3,1,32,2021
611,610,Alex Claudio,LAA,1,2,5.51,41,0,0,0,1,2,0,32.2,148,37,22,20,6,15,1,0,1,0,30,2021
612,611,Ryan Sherriff,TBR,0,1,5.52,16,0,0,0,1,1,1,14.2,72,14,11,9,0,9,0,4,2,0,16,2021
613,612,Sammy Long,SFG,2,1,5.53,12,5,0,0,0,0,0,40.2,176,37,27,25,5,15,0,3,5,0,38,2021
614,613,David Peterson,NYM,2,6,5.54,15,15,0,0,0,0,0,66.2,287,64,44,41,11,29,0,5,6,0,69,2021
615,614,Kyle Barraclough,MIN,2,0,5.54,10,0,0,0,0,1,0,13.0,60,12,8,8,4,8,0,2,0,0,18,2021
616,615,Ben Rowen,LAA,0,0,5.56,8,0,0,0,0,0,0,11.1,49,12,8,7,3,2,0,2,0,0,8,2021
617,616,Gabe Klobosits,WSN,0,1,5.56,11,0,0,0,0,4,0,11.1,52,13,8,7,0,5,1,1,2,0,5,2021
618,617,Michael Lorenzen,CIN,1,2,5.59,27,0,0,0,4,11,0,29.0,125,26,18,18,2,14,0,1,5,0,21,2021
619,618,Heath Hembree,- - -,2,7,5.59,60,0,0,0,9,7,2,58.0,243,45,39,36,12,24,1,2,2,0,83,2021
620,619,Evan Marshall,CHW,0,2,5.60,27,0,0,0,0,6,4,27.1,113,28,17,17,5,9,1,0,0,0,26,2021
621,620,Sam Howard,PIT,3,4,5.60,54,1,0,0,0,11,1,45.0,199,34,29,28,7,32,1,3,2,0,60,2021
622,621,Sam Clay,WSN,0,5,5.60,58,0,0,0,0,11,1,45.0,214,55,32,28,4,22,5,5,3,0,34,2021
623,622,Griffin Canning,LAA,5,4,5.60,14,13,0,0,0,0,0,62.2,277,65,41,39,14,28,0,1,3,0,62,2021
624,623,Hyeon-jong Yang,TEX,0,3,5.60,12,4,0,0,0,0,0,35.1,160,42,24,22,9,16,0,1,2,0,25,2021
625,624,Fernando Abad,BAL,0,0,5.60,16,0,0,0,0,2,0,17.2,82,23,12,11,1,7,1,0,0,0,10,2021
626,625,Anthony Kay,TOR,1,2,5.61,11,5,0,0,0,0,0,33.2,156,38,22,21,7,18,0,3,2,0,39,2021
627,626,Bailey Falter,PHI,2,1,5.61,22,1,0,0,0,2,0,33.2,139,34,21,21,5,6,0,2,2,0,34,2021
628,627,Rafael Dolis,TOR,2,3,5.63,39,0,0,0,3,3,1,32.0,156,29,21,20,2,27,2,3,4,1,39,2021
629,628,Tyler Chatwood,- - -,1,3,5.63,32,0,0,0,1,10,1,32.0,145,26,22,20,2,21,0,4,1,0,38,2021
630,629,Ramon Rosso,PHI,0,0,5.63,7,0,0,0,0,0,0,8.0,35,10,6,5,2,3,0,0,2,1,7,2021
631,630,Junior Fernandez,STL,1,0,5.66,18,0,0,0,0,0,0,20.2,97,25,13,13,2,15,1,0,1,1,15,2021
632,631,Clarke Schmidt,NYY,0,0,5.68,2,1,0,0,0,0,0,6.1,38,11,8,4,1,5,0,1,0,0,6,2021
633,632,Nate Jones,- - -,0,2,5.68,20,0,0,0,0,5,1,19.0,87,16,15,12,7,12,4,1,1,0,14,2021
634,633,Daniel Lynch,KCR,4,6,5.69,15,15,0,0,0,0,0,68.0,311,80,46,43,9,31,0,4,4,1,55,2021
635,634,Erasmo Ramirez,DET,1,1,5.74,17,0,0,0,0,0,0,26.2,109,24,17,17,4,5,0,1,0,0,20,2021
636,635,Bryan Abreu,HOU,3,3,5.75,31,0,0,0,1,7,4,36.0,161,35,26,23,4,18,0,3,4,0,36,2021
637,636,Nick Ramirez,SDP,1,1,5.75,13,0,0,0,0,0,0,20.1,91,23,15,13,2,7,2,0,0,0,14,2021
638,637,Sam Selman,- - -,0,1,5.76,25,0,0,0,0,1,1,25.0,110,20,17,16,3,12,1,5,0,0,19,2021
639,638,Chase De Jong,PIT,1,4,5.77,9,9,0,0,0,0,0,43.2,196,49,28,28,11,19,2,1,0,0,39,2021
640,639,Zach Davies,CHC,6,12,5.78,32,32,0,0,0,0,0,148.0,668,162,99,95,25,75,2,5,0,0,114,2021
641,640,Jake Latz,TEX,0,1,5.79,1,1,0,0,0,0,0,4.2,19,5,3,3,3,0,0,0,0,0,4,2021
642,641,Travis Lakins Sr.,BAL,1,4,5.79,24,1,0,0,0,3,1,28.0,123,23,20,18,4,17,0,1,4,1,24,2021
643,642,J.A. Happ,- - -,10,8,5.79,30,30,0,0,0,0,0,152.1,671,177,100,98,30,48,0,3,4,0,122,2021
644,643,Matt Manning,DET,4,7,5.80,18,18,0,0,0,0,0,85.1,385,96,59,55,10,33,0,3,1,0,57,2021
645,644,Edward Cabrera,MIA,0,3,5.81,7,7,0,0,0,0,0,26.1,120,24,20,17,6,19,0,4,3,0,28,2021
646,645,Jose Urena,DET,4,8,5.81,26,18,0,0,0,1,0,100.2,456,119,70,65,14,42,0,4,4,0,67,2021
647,646,Patrick Corbin,WSN,9,16,5.82,31,31,0,0,0,0,0,171.2,751,192,114,111,37,60,2,3,0,0,143,2021
648,647,Andrew Heaney,- - -,8,9,5.83,30,23,0,0,0,0,1,129.2,558,130,85,84,29,41,0,6,4,0,150,2021
649,648,Phillips Valdez,BOS,2,0,5.85,28,0,0,0,1,2,0,40.0,177,35,29,26,4,19,1,7,5,0,35,2021
650,649,Steven Brault,PIT,0,3,5.86,7,7,0,0,0,0,0,27.2,127,33,18,18,3,12,2,1,0,0,19,2021
651,650,Paul Blackburn,OAK,1,4,5.87,9,9,0,0,0,0,0,38.1,175,52,26,25,8,10,0,2,1,0,26,2021
652,651,Cesar Valdez,BAL,2,2,5.87,39,0,0,0,8,0,5,46.0,210,62,32,30,8,14,2,1,2,0,45,2021
653,652,Zack Britton,NYY,0,1,5.89,22,0,0,0,1,11,3,18.1,82,17,14,12,2,14,0,2,2,0,16,2021
654,653,John Brebbia,SFG,0,1,5.89,18,0,0,0,0,1,0,18.1,87,25,13,12,4,4,2,2,0,0,22,2021
655,654,Jason Adam,CHC,1,0,5.91,12,0,0,0,0,2,0,10.2,50,10,7,7,1,6,0,3,0,0,19,2021
656,655,Jefry Rodriguez,WSN,0,0,5.92,14,1,0,0,0,0,0,24.1,112,25,16,16,6,17,0,1,4,0,20,2021
657,656,Charlie Barnes,MIN,0,3,5.92,9,8,0,0,0,0,0,38.0,175,46,27,25,4,16,0,4,0,0,20,2021
658,657,Joe Jimenez,DET,6,1,5.96,52,0,0,0,1,5,1,45.1,210,34,33,30,6,35,1,8,6,0,57,2021
659,658,Ryan Hendrix,CIN,5,1,5.97,36,0,0,0,0,3,1,31.2,142,33,23,21,8,16,2,1,6,0,35,2021
660,659,Stephen Nogosek,NYM,0,1,6.00,1,0,0,0,0,0,0,3.0,12,3,2,2,2,0,0,0,0,0,5,2021
661,660,Connor Seabold,BOS,0,0,6.00,1,1,0,0,0,0,0,3.0,12,3,2,2,1,2,0,0,0,0,0,2021
662,661,Matt Foster,CHW,2,1,6.00,37,0,0,0,1,2,1,39.0,174,43,27,26,9,13,0,2,1,1,40,2021
663,662,Riley Smith,ARI,1,4,6.01,24,6,0,0,1,0,0,67.1,301,86,46,45,10,15,2,4,0,0,36,2021
664,663,Carlos Carrasco,NYM,1,5,6.04,12,12,0,0,0,0,0,53.2,237,59,39,36,12,18,0,0,1,0,50,2021
665,664,Amir Garrett,CIN,0,4,6.04,63,0,0,0,7,7,4,47.2,215,46,34,32,9,29,4,0,5,1,61,2021
666,665,Dylan Bundy,LAA,2,9,6.06,23,19,0,0,0,0,0,90.2,397,89,64,61,20,34,0,6,1,0,84,2021
667,666,Junior Guerra,LAA,5,2,6.06,41,1,0,0,0,2,2,65.1,307,67,45,44,6,46,1,3,9,2,61,2021
668,667,Jorge Lopez,BAL,3,14,6.07,33,25,0,0,0,2,1,121.2,555,142,83,82,21,56,2,10,9,2,112,2021
669,668,A.J. Puk,OAK,0,3,6.08,12,0,0,0,0,0,2,13.1,65,18,9,9,1,6,0,1,2,0,16,2021
670,669,Paul Fry,BAL,4,5,6.08,52,0,0,0,2,11,2,47.1,215,37,34,32,3,35,0,4,4,0,60,2021
671,670,Manuel Rodriguez,CHC,3,3,6.11,20,0,0,0,1,1,0,17.2,83,18,18,12,3,12,1,1,1,0,16,2021
672,671,Sal Romano,- - -,0,2,6.12,19,0,0,0,0,1,0,25.0,118,31,20,17,5,11,2,1,0,1,17,2021
673,672,Daniel Norris,- - -,2,3,6.16,56,0,0,0,1,7,3,57.0,248,55,41,39,9,30,1,2,5,0,58,2021
674,673,Justin Miller,- - -,1,0,6.16,23,0,0,0,1,2,0,19.0,83,20,13,13,5,6,0,2,0,0,13,2021
675,674,Mitch Keller,PIT,5,11,6.17,23,23,0,0,0,0,0,100.2,470,131,69,69,10,49,1,7,2,0,92,2021
676,675,Will Vest,SEA,1,0,6.17,32,0,0,0,0,6,0,35.0,156,38,25,24,2,18,0,3,3,0,27,2021
677,676,Daniel Ponce de Leon,STL,1,1,6.21,24,2,0,0,2,0,1,33.1,158,32,24,23,5,22,1,5,2,0,24,2021
678,677,Carlos Martinez,STL,4,9,6.23,16,16,0,0,0,0,0,82.1,363,77,58,57,8,36,2,11,3,0,57,2021
679,678,Eric Sogard,CHC,0,0,6.23,5,0,0,0,0,0,0,4.1,21,7,3,3,2,0,0,1,0,0,1,2021
680,679,Jimmy Lambert,CHW,1,1,6.23,4,3,0,0,0,0,0,13.0,60,16,9,9,3,6,0,2,0,1,10,2021
681,680,Grant Dayton,ATL,0,0,6.23,13,0,0,0,0,1,0,13.0,61,15,10,9,2,6,1,0,0,0,14,2021
682,681,Daniel Zamora,SEA,2,0,6.23,4,0,0,0,0,0,0,4.1,18,5,4,3,1,1,0,0,0,0,3,2021
683,682,Isaac Mattson,BAL,0,0,6.23,4,0,0,0,0,0,0,4.1,23,5,3,3,0,5,0,0,1,0,3,2021
684,683,Enoli Paredes,HOU,0,0,6.23,12,0,0,0,0,2,0,8.2,53,7,10,6,0,17,0,2,1,0,15,2021
685,684,Tyler Zuber,KCR,0,3,6.26,31,0,0,0,0,4,0,27.1,123,26,20,19,6,17,1,1,2,0,25,2021
686,685,Logan Allen,CLE,2,7,6.26,14,11,0,0,0,0,0,50.1,222,58,39,35,12,17,0,4,4,0,37,2021
687,686,Matt Harvey,BAL,6,14,6.27,28,28,0,0,0,0,0,127.2,582,160,96,89,19,37,1,5,3,0,95,2021
688,687,Reymin Guduan,OAK,0,0,6.28,11,0,0,0,0,0,1,14.1,65,19,11,10,1,5,0,0,5,0,5,2021
689,688,Jacob Barnes,- - -,1,2,6.28,29,0,0,0,2,1,0,28.2,128,31,20,20,7,11,0,1,0,0,33,2021
690,689,Max Kranick,PIT,2,3,6.28,9,9,0,0,0,0,0,38.2,182,47,28,27,4,19,3,4,2,0,32,2021
691,690,Matt Moore,PHI,2,4,6.29,24,13,0,0,0,1,0,73.0,334,78,54,51,15,38,4,2,3,0,63,2021
692,691,Vince Velasquez,- - -,3,9,6.30,25,21,0,0,0,0,0,94.1,417,91,68,66,23,49,2,4,2,0,101,2021
693,692,Brad Brach,CIN,1,2,6.30,35,0,0,0,1,10,2,30.0,139,30,26,21,5,18,2,1,2,0,33,2021
694,693,Wander Suero,WSN,2,3,6.33,45,0,0,0,0,6,3,42.2,190,45,35,30,11,15,1,4,5,0,44,2021
695,694,Scott Kazmir,SFG,0,1,6.35,5,4,0,0,0,0,0,11.1,55,15,9,8,3,6,1,0,0,0,10,2021
696,695,Packy Naughton,LAA,0,4,6.35,7,5,0,0,0,0,0,22.2,108,27,18,16,3,14,1,1,0,0,12,2021
697,696,Kevin Ginkel,ARI,0,1,6.35,32,0,0,0,0,6,1,28.1,129,30,24,20,7,14,0,2,3,0,31,2021
698,697,Angel Perdomo,MIL,1,0,6.35,19,0,0,0,0,0,0,17.0,79,12,12,12,4,16,2,2,1,1,28,2021
699,698,Griffin Jax,MIN,4,5,6.37,18,14,0,0,0,0,0,82.0,360,82,62,58,23,29,1,5,6,0,65,2021
700,699,Enyel De Los Santos,- - -,2,1,6.37,33,0,0,0,0,2,2,35.1,173,43,32,25,8,18,4,4,5,1,48,2021
701,700,Buck Farmer,DET,0,0,6.37,36,0,0,0,0,2,1,35.1,171,40,25,25,9,21,1,5,2,0,37,2021
702,701,Brandon Kintzler,PHI,2,1,6.37,29,1,0,0,0,2,2,29.2,141,45,23,21,7,8,2,1,0,0,22,2021
703,702,Cionel Perez,CIN,1,2,6.38,25,0,0,0,0,0,0,24.0,111,21,21,17,5,20,1,0,1,0,25,2021
704,703,Rafael Montero,- - -,5,4,6.39,44,0,0,0,7,4,6,49.1,225,59,40,35,4,17,1,5,4,0,42,2021
705,704,David Hale,PHI,0,2,6.41,17,1,0,0,0,0,1,26.2,116,30,20,19,5,9,1,1,2,0,21,2021
706,705,Paul Campbell,MIA,2,3,6.41,16,1,0,0,0,0,0,26.2,124,32,24,19,5,10,0,2,2,0,26,2021
707,706,Tommy Milone,TOR,1,0,6.43,6,1,0,0,1,0,0,14.0,65,20,10,10,3,3,0,0,0,0,17,2021
708,707,Tanner Roark,TOR,0,1,6.43,3,1,0,0,0,0,0,7.0,31,7,7,5,3,2,0,0,0,0,5,2021
709,708,Jose Quintana,- - -,0,3,6.43,29,10,0,0,0,2,0,63.0,297,74,50,45,12,35,1,1,7,1,85,2021
710,709,Miguel Aguilar,ARI,1,1,6.43,9,0,0,0,0,2,0,7.0,29,6,6,5,0,4,1,0,0,0,3,2021
711,710,Chi Chi Gonzalez,COL,3,7,6.46,24,18,0,0,0,0,0,101.2,448,127,74,73,18,28,0,6,2,0,56,2021
712,711,Deivi Garcia,NYY,0,2,6.48,2,2,0,0,0,0,0,8.1,38,8,7,6,1,4,0,1,0,0,7,2021
713,712,Kyle Keller,PIT,1,1,6.48,32,0,0,0,0,2,0,33.1,155,30,27,24,9,22,2,5,1,0,36,2021
714,713,Ben Bowden,COL,3,2,6.56,39,0,0,0,0,1,1,35.2,177,44,30,26,6,21,2,1,1,0,42,2021
715,714,Trevor Cahill,PIT,1,5,6.57,9,8,0,0,0,0,0,37.0,166,42,29,27,4,14,0,1,2,0,32,2021
716,715,Josh Tomlin,ATL,4,0,6.57,35,0,0,0,0,1,0,49.1,218,69,36,36,10,5,0,1,0,1,37,2021
717,716,Yoan Lopez,ARI,0,0,6.57,13,0,0,0,0,2,3,12.1,61,18,10,9,3,6,2,0,0,0,13,2021
718,717,Alex Young,- - -,2,6,6.58,40,2,0,0,0,4,2,52.0,246,65,43,38,12,27,4,3,3,0,43,2021
719,718,Austin Brice,BOS,0,0,6.59,13,0,0,0,0,0,0,13.2,64,14,10,10,2,7,0,4,0,0,12,2021
720,719,T.J. Zeuch,TOR,0,2,6.60,5,3,0,0,0,0,0,15.0,74,21,16,11,6,9,0,0,0,0,8,2021
721,720,Jesus Luzardo,- - -,6,9,6.61,25,18,0,0,0,1,0,95.1,437,106,73,70,20,48,1,4,8,0,98,2021
722,721,Ryan Buchter,ARI,0,2,6.61,18,0,0,0,0,0,1,16.1,78,16,13,12,5,13,1,2,0,1,16,2021
723,722,Keegan Akin,BAL,2,10,6.63,24,17,0,0,0,0,0,95.0,427,110,70,70,17,40,1,2,5,1,82,2021
724,723,Kohei Arihara,TEX,2,4,6.64,10,10,0,0,0,0,0,40.2,178,45,31,30,11,13,0,4,1,0,24,2021
725,724,Edwin Uceta,LAD,0,3,6.64,14,1,0,0,0,0,0,20.1,92,19,18,15,3,12,1,0,1,1,25,2021
726,725,Carson Fulmer,CIN,0,0,6.66,20,0,0,0,0,1,0,25.2,116,26,20,19,3,13,0,3,2,0,24,2021
727,726,Zac Lowther,BAL,1,3,6.67,10,6,0,0,0,0,0,29.2,138,36,23,22,6,13,0,4,1,0,30,2021
728,727,Sam Hentges,CLE,1,4,6.68,30,12,0,0,0,0,0,68.2,318,90,54,51,10,32,0,0,11,0,68,2021
729,728,Adam Plutko,BAL,1,2,6.71,38,1,0,0,1,5,2,56.1,255,65,43,42,17,27,1,3,3,0,44,2021
730,729,Matt Bush,TEX,0,0,6.75,4,0,0,0,0,2,0,4.0,17,4,3,3,3,1,0,0,0,0,5,2021
731,730,Alexander Wells,BAL,2,3,6.75,11,8,0,0,0,0,0,42.2,197,53,32,32,10,16,0,3,0,0,26,2021
732,731,Cory Abbott,CHC,0,0,6.75,7,1,0,0,0,0,0,17.1,82,20,15,13,7,11,0,0,2,0,12,2021
733,732,Eric Yardley,MIL,0,0,6.75,17,0,0,0,0,1,1,18.2,89,24,15,14,3,10,2,3,1,0,5,2021
734,733,Chase Anderson,PHI,2,4,6.75,14,9,0,0,0,0,0,48.0,215,51,36,36,10,20,1,3,0,0,35,2021
735,734,Wade Davis,KCR,0,3,6.75,40,0,0,0,2,2,1,42.2,190,44,33,32,8,19,0,2,4,0,38,2021
736,735,Thomas Hatch,TOR,0,1,6.75,3,2,0,0,0,0,0,9.1,45,11,7,7,2,6,0,1,2,0,8,2021
737,736,Shawn Armstrong,- - -,1,0,6.75,31,0,0,0,0,2,1,36.0,165,39,28,27,10,15,0,2,0,0,44,2021
738,737,Kyle Ryan,CHC,0,0,6.75,13,0,0,0,1,0,0,13.1,62,17,10,10,3,6,1,0,1,0,8,2021
739,738,James Paxton,SEA,0,0,6.75,1,1,0,0,0,0,0,1.1,5,0,1,1,0,1,0,0,1,0,2,2021
740,739,James Hoyt,LAA,0,0,6.75,9,0,0,0,0,0,0,8.0,46,12,10,6,0,7,0,2,0,0,11,2021
741,740,Dan Altavilla,SDP,0,0,6.75,2,0,0,0,0,0,0,1.1,5,1,1,1,1,0,0,0,0,0,2,2021
742,741,Brandon Waddell,- - -,0,1,6.75,9,0,0,0,0,0,0,9.1,51,14,8,7,2,9,0,0,1,0,7,2021
743,742,Justus Sheffield,SEA,7,8,6.83,21,15,0,0,0,0,0,80.1,385,105,69,61,14,43,1,5,5,0,63,2021
744,743,Cody Stashak,MIN,0,0,6.89,15,0,0,0,0,2,0,15.2,75,16,12,12,2,10,0,1,1,0,26,2021
745,744,Aaron Slegers,LAA,2,2,6.97,29,0,0,0,0,2,2,31.0,149,43,24,24,6,15,0,1,1,0,25,2021
746,745,Eric Hanhold,BAL,0,0,6.97,10,0,0,0,0,0,1,10.1,47,13,9,8,2,3,1,1,4,0,6,2021
747,746,Michael Rucker,CHC,0,0,6.99,20,0,0,0,1,0,1,28.1,126,32,25,22,5,11,0,2,0,0,30,2021
748,747,JoJo Romero,PHI,0,0,7.00,11,0,0,0,0,3,0,9.0,44,12,8,7,4,4,1,1,0,0,8,2021
749,748,Cody Ponce,PIT,0,6,7.04,15,2,0,0,0,0,0,38.1,179,56,34,30,8,11,1,1,2,0,36,2021
750,749,Conner Greene,- - -,1,3,7.11,24,1,0,0,0,1,4,25.1,121,32,20,20,1,12,1,3,2,0,26,2021
751,750,Thomas Eshelman,BAL,0,3,7.16,9,6,0,0,0,0,0,27.2,126,34,22,22,6,10,0,1,0,0,11,2021
752,751,Michael Feliz,- - -,0,0,7.20,21,0,0,0,1,0,0,20.0,90,26,17,16,4,7,0,0,2,0,22,2021
753,752,Tommy Nance,CHC,1,1,7.22,27,0,0,0,0,5,0,28.2,127,25,23,23,5,13,0,3,7,0,30,2021
754,753,Shane Greene,- - -,0,1,7.23,28,0,0,0,1,2,1,23.2,113,25,19,19,6,14,0,4,1,0,24,2021
755,754,Humberto Mejia,ARI,0,3,7.25,5,5,0,0,0,0,0,22.1,105,32,19,18,5,9,1,0,0,0,20,2021
756,755,Stefan Crichton,ARI,0,4,7.33,31,0,0,0,4,5,0,23.1,117,33,22,19,3,12,3,4,3,1,17,2021
757,756,Robert Dugger,SEA,0,2,7.36,12,4,0,0,0,0,0,25.2,121,34,24,21,4,12,0,1,1,0,19,2021
758,757,Jake Arrieta,- - -,5,14,7.39,24,24,0,0,0,0,0,98.2,469,131,91,81,24,44,3,6,3,0,83,2021
759,758,Tanner Rainey,WSN,1,3,7.39,38,0,0,0,3,10,3,31.2,151,29,27,26,6,25,1,3,0,0,42,2021
760,759,Reid Detmers,LAA,1,3,7.40,5,5,0,0,0,0,0,20.2,101,26,17,17,5,11,1,2,1,0,19,2021
761,760,Spencer Howard,- - -,0,5,7.43,19,15,0,0,0,0,0,49.2,229,53,45,41,7,27,0,3,5,0,52,2021
762,761,Colin Rea,MIL,0,0,7.50,1,0,0,0,0,0,0,6.0,24,7,5,5,2,0,0,0,0,0,5,2021
763,762,Sandy Leon,MIA,0,0,7.50,6,0,0,0,0,0,0,6.0,26,7,5,5,3,1,0,0,0,0,2,2021
764,763,Dean Kremer,BAL,0,7,7.55,13,13,0,0,0,0,0,53.2,245,63,46,45,17,25,0,1,5,0,47,2021
765,764,Bryan Garcia,DET,3,2,7.55,39,0,0,0,2,3,1,39.1,192,48,38,33,10,25,1,2,7,0,32,2021
766,765,Yency Almonte,COL,1,3,7.55,48,0,0,0,0,3,3,47.2,217,47,42,40,9,29,1,4,3,0,47,2021
767,766,Brett de Geus,- - -,3,2,7.56,47,0,0,0,0,3,2,50.0,238,62,47,42,6,25,1,8,6,0,41,2021
768,767,Andrew Albers,MIN,1,2,7.58,5,3,0,0,0,0,0,19.0,89,24,16,16,9,9,1,1,0,1,12,2021
769,768,Randy Dobnak,MIN,1,7,7.64,14,6,0,0,1,0,0,50.2,228,66,44,43,11,12,0,1,2,0,27,2021
770,769,Mike Fiers,OAK,0,2,7.71,2,2,0,0,0,0,0,9.1,45,15,8,8,4,4,0,0,0,0,5,2021
771,770,Jeremy Beasley,TOR,0,1,7.71,8,0,0,0,0,0,0,9.1,47,7,9,8,3,9,2,2,2,0,13,2021
772,771,Tyler Ivey,HOU,0,0,7.71,1,1,0,0,0,0,0,4.2,20,6,4,4,1,1,0,0,1,0,3,2021
773,772,Brandyn Sittinger,ARI,0,1,7.71,5,0,0,0,0,0,2,4.2,21,5,4,4,3,2,0,1,0,0,1,2021
774,773,J.B. Bukauskas,ARI,2,2,7.79,21,0,0,0,0,1,1,17.1,81,24,19,15,4,7,1,0,0,0,14,2021
775,774,Jovani Moran,MIN,0,0,7.88,5,0,0,0,0,0,0,8.0,38,9,7,7,0,7,0,0,1,0,10,2021
776,775,Jordan Zimmermann,MIL,0,0,7.94,2,0,0,0,0,0,0,5.2,26,8,5,5,1,2,0,1,0,0,0,2021
777,776,Kyle Cody,TEX,0,2,7.94,7,0,0,0,0,0,0,11.1,55,16,11,10,3,2,0,3,1,0,14,2021
778,777,Ljay Newsome,SEA,1,1,7.98,7,1,0,0,0,0,0,14.2,69,20,14,13,5,3,1,0,1,0,16,2021
779,778,Robert Stock,- - -,0,2,8.00,3,3,0,0,0,0,0,9.0,45,10,8,8,3,9,0,1,1,0,9,2021
780,779,Darren McCaughan,SEA,0,0,8.00,2,1,0,0,0,0,0,9.0,39,8,8,8,3,4,0,1,0,0,2,2021
781,780,Adam Kolarek,OAK,0,0,8.00,12,0,0,0,0,0,0,9.0,51,15,10,8,2,5,0,1,1,0,4,2021
782,781,Matt Shoemaker,MIN,3,8,8.06,16,11,0,0,0,0,0,60.1,284,73,56,54,15,27,1,3,1,0,40,2021
783,782,Spenser Watkins,BAL,2,7,8.07,16,10,0,0,0,0,0,54.2,255,74,50,49,14,19,0,2,4,0,35,2021
784,783,Matt Strahm,SDP,0,1,8.10,6,1,0,0,0,0,1,6.2,36,15,6,6,0,1,1,0,0,0,4,2021
785,784,Darien Nunez,LAD,0,1,8.22,6,1,0,0,0,0,1,7.2,33,8,8,7,3,4,0,0,0,0,8,2021
786,785,Nick Margevicius,SEA,0,2,8.25,5,3,0,0,0,0,0,12.0,60,13,16,11,2,7,0,1,2,0,12,2021
787,786,JC Mejia,CLE,1,7,8.25,17,11,0,0,0,0,0,52.1,238,60,48,48,13,24,0,3,2,2,47,2021
788,787,Brent Honeywell,TBR,0,0,8.31,3,2,0,0,0,0,0,4.1,21,5,4,4,2,3,0,0,0,0,4,2021
789,788,Jose De Leon,CIN,0,1,8.35,9,2,0,0,0,0,0,18.1,91,22,17,17,4,11,0,2,3,0,33,2021
790,789,Trevor Megill,CHC,1,2,8.37,28,0,0,0,0,1,0,23.2,115,36,24,22,7,8,1,1,5,0,30,2021
791,790,Miguel Yajure,PIT,0,2,8.40,4,3,0,0,0,0,0,15.0,68,17,14,14,6,7,0,1,0,0,11,2021
792,791,Jesse Biddle,ATL,0,0,8.44,8,0,0,0,0,0,0,10.2,51,10,10,10,1,8,0,2,4,0,11,2021
793,792,Alberto Baldonado,WSN,0,1,8.44,14,0,0,0,0,3,4,10.2,49,10,10,10,3,7,0,0,1,0,12,2021
794,793,Shaun Anderson,- - -,0,0,8.49,16,0,0,0,0,0,0,23.1,124,36,30,22,4,12,1,2,3,0,19,2021
795,794,Chris Devenski,ARI,1,0,8.59,8,0,0,0,1,1,2,7.1,35,11,7,7,2,2,0,1,0,0,5,2021
796,795,Justin Lawrence,COL,1,0,8.64,19,0,0,0,0,2,1,16.2,86,21,16,16,0,19,1,0,2,0,17,2021
797,796,Jerad Eickhoff,NYM,0,2,8.69,5,4,0,0,0,0,0,19.2,104,30,24,19,9,10,2,3,0,0,13,2021
798,797,Wes Benjamin,TEX,0,2,8.74,13,2,0,0,0,0,1,22.2,112,29,23,22,6,17,0,0,1,0,19,2021
799,798,Nick Nelson,NYY,0,2,8.79,11,2,0,0,0,0,1,14.1,78,15,16,14,0,16,0,3,5,0,22,2021
800,799,Luis Oviedo,PIT,1,2,8.80,22,1,0,0,0,0,0,29.2,147,33,32,29,4,26,1,2,2,0,31,2021
801,800,Andrew Romine,CHC,0,0,9.00,1,0,0,0,0,0,0,1.0,5,2,1,1,1,0,0,0,0,0,1,2021
802,801,Dellin Betances,NYM,0,0,9.00,1,0,0,0,0,0,0,1.0,5,0,1,1,0,1,0,1,0,0,1,2021
803,802,Bryan Holaday,ARI,0,0,9.00,1,0,0,0,0,0,0,1.0,5,1,1,1,1,1,0,1,0,0,0,2021
804,803,Noah Syndergaard,NYM,0,1,9.00,2,2,0,0,0,0,0,2.0,8,3,2,2,1,0,0,0,0,0,2,2021
805,804,Jace Peterson,MIL,0,0,9.00,2,0,0,0,0,0,0,2.0,11,4,2,2,0,1,0,0,0,0,2,2021
806,805,Luke Maile,MIL,0,0,9.00,1,0,0,0,0,0,0,1.0,5,2,1,1,1,0,0,0,0,0,0,2021
807,806,Brett Phillips,TBR,0,0,9.00,1,0,0,0,0,0,0,1.0,7,2,1,1,0,2,0,0,0,1,0,2021
808,807,Austin Wynns,BAL,0,0,9.00,1,0,0,0,0,0,0,1.0,4,1,1,1,1,0,0,0,0,0,0,2021
809,808,Mike Tauchman,SFG,0,0,9.00,1,0,0,0,0,0,0,1.0,6,3,1,1,0,0,0,0,0,0,0,2021
810,809,Stevie Wilkerson,BAL,0,0,9.00,1,0,0,0,0,0,0,1.0,5,2,1,1,1,0,0,0,0,0,0,2021
811,810,Jordan Luplow,TBR,0,0,9.00,1,0,0,0,0,0,0,1.0,5,2,1,1,1,0,0,0,0,0,0,2021
812,811,David Paulino,PHI,0,0,9.00,1,0,0,0,0,0,0,2.0,9,3,2,2,1,0,0,0,0,0,0,2021
813,812,Yermin Mercedes,CHW,0,0,9.00,1,0,0,0,0,0,0,1.0,7,3,1,1,0,2,0,0,0,0,0,2021
814,813,Raynel Espinal,BOS,0,0,9.00,1,0,0,0,0,0,0,2.0,8,2,2,2,0,1,0,0,0,0,0,2021
815,814,Bernardo Flores Jr.,STL,0,0,9.00,1,0,0,0,0,0,0,0.0,3,1,1,1,0,2,0,0,0,0,0,2021
816,815,Dylan Lee,ATL,0,0,9.00,2,0,0,0,0,0,0,2.0,9,3,2,2,1,0,0,0,0,0,3,2021
817,816,Jonathan Arauz,BOS,0,0,9.00,1,0,0,0,0,0,0,1.0,5,2,1,1,0,0,0,0,0,0,0,2021
818,817,Luis Madero,MIA,0,0,9.00,6,0,0,0,0,0,0,12.0,56,13,12,12,3,8,1,1,0,0,4,2021
819,818,Jose Marte,LAA,0,1,9.00,4,0,0,0,0,0,1,4.0,18,4,5,4,1,3,0,0,0,0,5,2021
820,819,Neftali Feliz,- - -,0,1,9.00,5,0,0,0,0,0,1,4.0,19,5,4,4,1,1,0,1,0,0,3,2021
821,820,Will Harris,WSN,0,1,9.00,8,0,0,0,0,0,0,6.0,30,7,6,6,1,3,0,0,0,0,9,2021
822,821,Seth Frankoff,ARI,0,2,9.20,4,3,0,0,0,0,0,14.2,74,20,15,15,4,9,0,2,3,0,11,2021
823,822,Shelby Miller,- - -,0,1,9.24,13,0,0,0,0,1,0,12.2,62,16,13,13,3,11,0,1,0,0,8,2021
824,823,Glenn Otto,TEX,0,3,9.26,6,6,0,0,0,0,0,23.1,111,32,24,24,2,8,0,2,1,0,28,2021
825,824,Sean Guenther,MIA,0,1,9.30,14,0,0,0,0,0,0,20.1,103,31,22,21,1,10,1,2,2,0,15,2021
826,825,Kyle Nelson,CLE,0,0,9.31,10,0,0,0,0,0,0,9.2,49,10,10,10,0,8,0,2,0,0,8,2021
827,826,Dusten Knight,BAL,0,0,9.35,7,0,0,0,0,0,0,8.2,44,11,10,9,1,5,0,0,3,0,11,2021
828,827,Mauricio Llovera,PHI,1,0,9.45,6,0,0,0,0,0,0,6.2,35,10,7,7,5,4,0,1,1,0,7,2021
829,828,Anthony Swarzak,- - -,0,1,9.49,13,0,0,0,0,0,0,12.1,56,20,13,13,4,1,0,1,0,1,9,2021
830,829,Shawn Morimando,MIA,0,0,9.58,4,0,0,0,0,0,0,10.1,54,18,11,11,2,5,0,0,0,0,9,2021
831,830,Daniel Camarena,SDP,0,1,9.64,6,0,0,0,0,0,0,9.1,47,16,12,10,2,3,1,0,0,0,7,2021
832,831,Josh Lindblom,MIL,0,0,9.72,8,0,0,0,0,0,0,16.2,85,23,18,18,5,10,0,3,3,0,17,2021
833,832,Alex Blandino,CIN,0,0,9.82,4,0,0,0,0,0,0,3.2,18,4,5,4,1,4,0,0,0,0,1,2021
834,833,David Hess,- - -,2,2,9.90,15,1,0,0,0,2,2,20.0,102,32,24,22,10,11,1,1,0,0,18,2021
835,834,Mike Baumann,BAL,1,1,9.90,4,0,0,0,0,1,0,10.0,50,13,12,11,2,6,0,1,0,0,5,2021
836,835,Jake Jewell,CHC,0,2,9.90,10,0,0,0,0,0,0,10.0,51,18,12,11,5,5,0,0,1,0,10,2021
837,836,Kyle Wright,ATL,0,1,9.95,2,2,0,0,0,0,0,6.1,35,7,7,7,2,5,0,4,1,0,6,2021
838,837,Wyatt Mills,SEA,0,0,9.95,11,0,0,0,0,0,0,12.2,64,19,14,14,1,7,0,1,1,0,11,2021
839,838,Corbin Martin,ARI,0,3,10.69,5,3,0,0,0,0,0,16.0,86,23,19,19,5,14,0,1,0,0,13,2021
840,839,Julian Fernandez,COL,0,0,10.80,6,0,0,0,0,0,0,6.2,33,9,8,8,2,4,0,0,1,0,4,2021
841,840,Jace Fry,CHW,0,1,10.80,6,0,0,0,0,0,0,6.2,31,10,8,8,1,6,0,1,2,0,3,2021
842,841,Geoff Hartlieb,- - -,0,0,11.00,7,0,0,0,0,0,0,9.0,50,10,11,11,0,11,0,3,1,0,9,2021
843,842,Peter Lambert,COL,0,0,11.12,2,2,0,0,0,0,0,5.2,30,12,7,7,2,2,0,0,0,0,3,2021
844,843,Carl Edwards Jr.,- - -,0,0,11.12,7,0,0,0,0,0,1,5.2,31,11,7,7,3,3,0,0,2,0,6,2021
845,844,Jackson Kowar,KCR,0,6,11.27,9,8,0,0,0,0,0,30.1,154,43,38,38,7,20,0,2,8,0,29,2021
846,845,Ryan Feltner,COL,0,1,11.37,2,2,0,0,0,0,0,6.1,33,9,8,8,3,5,0,1,0,0,6,2021
847,846,Konner Wade,BAL,0,0,11.68,7,0,0,0,0,0,0,12.1,64,23,16,16,3,5,1,0,0,0,11,2021
848,847,Ryan Weber,- - -,0,0,12.10,4,0,0,0,0,0,0,9.2,45,15,13,13,5,4,0,1,0,0,8,2021
849,848,Ryan Meisinger,CHC,0,0,12.27,7,0,0,0,0,0,0,7.1,38,11,10,10,2,5,0,0,1,0,6,2021
850,849,Aaron Fletcher,SEA,0,0,12.27,4,0,0,0,0,0,0,3.2,20,7,5,5,1,1,0,0,0,0,2,2021
851,850,Edgar Garcia,- - -,0,1,12.27,11,0,0,0,0,1,1,14.2,72,19,22,20,5,8,0,1,2,0,12,2021
852,851,Luis Avilan,WSN,0,1,12.60,4,0,0,0,0,0,0,5.0,27,7,7,7,1,3,0,1,0,0,4,2021
853,852,Jon Duplantier,ARI,0,3,13.15,4,4,0,0,0,0,0,13.0,70,19,19,19,5,8,0,2,0,0,12,2021
854,853,Tyler Webb,STL,0,0,13.22,22,0,0,0,0,2,0,16.1,92,22,26,24,1,19,1,0,1,0,14,2021
855,854,Brandon Dickson,STL,0,0,13.50,2,0,0,0,0,0,0,2.0,10,5,3,3,1,0,0,0,0,0,1,2021
856,855,Mike Kickham,LAD,0,0,13.50,1,0,0,0,0,0,0,2.0,12,5,3,3,1,1,0,1,0,0,2,2021
857,856,Brady Lail,SEA,0,0,13.50,2,0,0,0,0,0,0,2.0,10,4,3,3,1,0,0,0,0,0,1,2021
858,857,Alec Bettinger,MIL,0,1,13.50,4,1,0,0,0,0,0,10.0,51,18,15,15,3,3,0,1,1,0,5,2021
859,858,Andrew Bellatti,MIA,0,0,13.50,3,0,0,0,0,0,0,3.1,19,6,5,5,0,2,0,0,0,0,4,2021
860,859,Jesse Hahn,KCR,0,0,13.50,5,0,0,0,1,1,2,3.1,19,5,5,5,2,4,0,1,1,0,3,2021
861,860,Manny Barreda,BAL,1,0,13.50,3,0,0,0,0,0,0,2.2,14,4,4,4,2,2,0,0,0,0,2,2021
862,861,Ronald Torreyes,PHI,0,0,13.50,2,0,0,0,0,0,0,2.2,14,6,4,4,2,0,0,0,0,0,1,2021
863,862,Jay Flaa,- - -,0,0,13.50,2,0,0,0,0,0,0,2.2,13,3,4,4,2,3,0,0,0,0,3,2021
864,863,Riley O'Brien,CIN,0,1,13.50,1,1,0,0,0,0,0,1.1,9,2,2,2,2,3,0,0,0,0,2,2021
865,864,Josh Reddick,ARI,0,0,13.50,1,0,0,0,0,0,0,0.2,5,2,1,1,1,1,0,0,0,0,0,2021
866,865,Beau Burrows,- - -,0,1,13.91,6,1,0,0,0,0,0,11.0,58,16,18,17,5,10,0,0,0,0,8,2021
867,866,Mac Sceroler,BAL,0,0,14.09,5,0,0,0,0,0,0,7.2,48,15,15,12,6,7,0,1,1,0,11,2021
868,867,Brooks Kriske,- - -,2,1,14.29,12,0,0,0,0,0,1,11.1,56,17,19,18,7,6,0,1,5,0,11,2021
869,868,Thomas Szapucki,NYM,0,0,14.73,1,0,0,0,0,0,0,3.2,20,7,6,6,2,3,0,0,0,0,4,2021
870,869,John Nogowski,PIT,0,0,15.00,3,0,0,0,0,0,0,3.0,16,8,5,5,0,0,0,0,0,0,0,2021
871,870,Seth Martinez,HOU,0,0,15.00,3,0,0,0,0,0,0,3.0,16,5,5,5,0,3,0,0,0,0,3,2021
872,871,Jake Petricka,LAA,0,1,15.00,7,0,0,0,0,1,1,6.0,32,6,10,10,1,7,1,1,1,0,8,2021
873,872,Brad Peacock,BOS,0,1,15.19,2,1,0,0,0,0,0,5.1,26,6,9,9,2,3,0,1,0,0,3,2021
874,873,Trevor Hildenberger,NYM,0,0,15.43,2,0,0,0,0,0,0,2.1,14,3,4,4,1,3,0,1,1,0,4,2021
875,874,Jordan Weems,- - -,0,1,15.88,7,0,0,0,0,0,1,5.2,30,6,10,10,2,6,1,1,1,0,7,2021
876,875,Zack Godley,MIL,0,1,16.20,2,1,0,0,0,0,1,3.1,20,4,7,6,2,5,0,1,2,1,5,2021
877,876,Javy Guerra,WSN,0,1,16.50,6,0,0,0,0,0,0,6.0,37,12,13,11,3,3,0,3,1,0,4,2021
878,877,Jake Newberry,KCR,0,0,16.62,4,0,0,0,0,0,0,4.1,24,10,8,8,2,3,0,0,1,0,5,2021
879,878,Blaine Hardy,MIL,0,1,18.00,1,0,0,0,0,0,0,1.0,7,3,3,2,0,1,0,0,0,0,1,2021
880,879,Darin Ruf,SFG,0,0,18.00,1,0,0,0,0,0,0,1.0,6,3,2,2,0,0,0,0,0,0,0,2021
881,880,Andy Burns,LAD,0,0,18.00,1,0,0,0,0,0,0,1.0,6,3,2,2,1,0,0,0,0,0,1,2021
882,881,Anthony Bemboom,LAA,0,0,18.00,1,0,0,0,0,0,0,1.0,7,3,2,2,1,0,0,0,0,0,0,2021
883,882,Stephen Tarpley,NYM,0,0,18.00,1,0,0,0,0,0,0,0.0,4,1,2,2,0,2,0,1,0,0,0,2021
884,883,Luis Guillorme,NYM,0,0,18.00,1,0,0,0,0,0,0,1.0,7,3,2,2,0,1,0,0,0,0,0,2021
885,884,Vinny Nittoli,SEA,0,0,18.00,1,0,0,0,0,0,0,1.0,6,1,2,2,1,2,0,0,0,0,1,2021
886,885,Jake Rogers,DET,0,0,18.00,1,0,0,0,0,0,0,1.0,6,2,2,2,0,1,0,0,0,0,0,2021
887,886,Mickey Jannis,BAL,0,0,18.90,1,0,0,0,0,0,0,3.1,21,8,7,7,3,4,0,0,0,0,1,2021
888,887,Cooper Criswell,LAA,0,1,20.25,1,1,0,0,0,0,0,1.1,10,6,3,3,0,0,0,0,0,0,0,2021
889,888,Kyle Lobstein,WSN,0,0,20.25,3,0,0,0,0,0,0,1.1,8,3,3,3,1,1,0,0,0,0,1,2021
890,889,Kutter Crawford,BOS,0,1,22.50,1,1,0,0,0,0,0,2.0,13,5,5,5,1,2,0,0,0,0,2,2021
891,890,Gregory Santos,SFG,0,2,22.50,3,0,0,0,0,1,0,2.0,13,5,6,5,3,2,0,0,0,0,3,2021
892,891,David Peralta,ARI,0,0,27.00,1,0,0,0,0,0,0,1.0,9,4,3,3,1,0,0,1,0,0,1,2021
893,892,Albert Almora Jr.,NYM,0,0,27.00,1,0,0,0,0,0,0,1.0,6,1,3,3,1,1,0,1,0,0,0,2021
894,893,Francisco Mejia,TBR,0,0,27.00,2,0,0,0,0,0,0,2.0,14,6,6,6,1,0,0,2,0,0,0,2021
895,894,Tyler Beede,SFG,0,0,27.00,1,0,0,0,0,0,0,1.0,6,2,3,3,0,0,0,1,1,0,2,2021
896,895,Jonathan Stiever,CHW,0,0,27.00,1,0,0,0,0,0,0,0.0,4,4,3,3,0,0,0,0,0,0,0,2021
897,896,Elvis Peguero,LAA,0,1,27.00,3,0,0,0,0,0,0,2.1,17,7,7,7,0,3,0,1,0,0,0,2021
898,897,Chaz Roe,TBR,0,0,27.00,1,0,0,0,0,1,0,0.2,4,1,2,2,0,1,0,0,0,0,2,2021
899,898,Brandon Drury,NYM,0,0,27.00,1,0,0,0,0,0,0,0.2,7,3,2,2,1,1,0,1,0,0,0,2021
900,899,Kevin Quackenbush,LAD,0,0,27.00,1,0,0,0,0,0,0,0.1,4,3,1,1,0,0,0,0,0,0,1,2021
901,900,Justin Topa,MIL,0,0,29.70,4,0,0,0,0,0,0,3.1,23,12,11,11,2,1,1,0,0,0,1,2021
902,901,Keury Mella,ARI,0,0,32.40,2,0,0,0,0,0,0,1.2,15,8,6,6,2,2,0,0,0,0,2,2021
903,902,Jorge Guzman,MIA,0,0,32.40,2,0,0,0,0,0,0,1.2,15,4,6,6,0,6,1,0,0,0,3,2021
904,903,Jesus Tinoco,COL,0,0,33.75,1,0,0,0,0,0,0,1.1,10,5,5,5,3,1,0,1,0,0,0,2021
905,904,Colten Brewer,BOS,0,0,36.00,1,0,0,0,0,0,0,1.0,9,4,4,4,0,3,0,0,0,0,1,2021
906,905,Robel Garcia,HOU,0,0,36.00,1,0,0,0,0,0,0,1.0,8,5,4,4,2,0,0,0,0,0,0,2021
907,906,Wilmer Difo,PIT,0,0,36.00,2,0,0,0,0,0,0,2.0,18,9,8,8,1,3,0,0,0,0,1,2021
908,907,Felix Pena,LAA,0,0,37.80,2,0,0,0,0,0,0,1.2,16,7,7,7,0,4,0,0,1,0,2,2021
909,908,John Axford,MIL,0,0,54.00,1,0,0,0,0,0,0,0.1,5,2,2,2,0,1,0,1,0,0,0,2021
910,909,Roel Ramirez,STL,0,0,81.00,1,0,0,0,0,0,0,0.1,4,1,3,3,0,2,0,0,0,0,0,2021
