#,Name,Team,G,AB,PA,H,1B,2B,3B,HR,R,RBI,BB,IBB,SO,HBP,SF,SH,GDP,SB,CS,AVG,Year
"
				
					
				
					12
				
					
				
					Page size:
						select1020501000
					
				
					  1454 items in 2 pages
				
			",,,,,,,,,,,,,,,,,,,,,,,2024
"
				
					
				
					12
				
					
				
					Page size:
						select1020501000
					
				
					  1454 items in 2 pages
				
			",,,,,,,,,,,,,,,,,,,,,,,2024
1,Stone Garrett,WSN,2,5,6,3,1,1,0,1,2,3,1,0,0,0,0,0,0,0,0,.600,2024
2,Darren Baker,WSN,9,14,14,7,5,2,0,0,1,0,0,0,3,0,0,0,0,0,0,.500,2024
3,Samad Taylor,SEA,3,5,5,2,2,0,0,0,2,0,0,0,1,0,0,0,0,0,0,.400,2024
4,Austin Wynns,CIN,7,19,20,7,3,4,0,0,3,2,0,0,5,1,0,0,0,0,0,.368,2024
5,Alex Call,WSN,30,99,113,34,22,9,0,3,15,14,12,0,19,2,0,0,2,5,1,.343,2024
6,Jose Iglesias,NYM,85,270,291,91,70,16,1,4,39,26,12,1,39,8,1,0,4,6,2,.337,2024
7,Diego Castillo,MIN,4,6,8,2,1,1,0,0,3,2,2,0,1,0,0,0,0,0,0,.333,2024
8,Matthew Batten,SDP,1,3,3,1,0,0,1,0,0,0,0,0,0,0,0,0,0,0,0,.333,2024
9,Hunter Feduccia,LAD,5,12,14,4,4,0,0,0,2,1,2,0,2,0,0,0,1,0,0,.333,2024
10,Dustin Harris,TEX,2,6,7,2,0,1,0,1,1,3,1,0,2,0,0,0,0,0,0,.333,2024
11,Orelvis Martinez,TOR,1,3,3,1,1,0,0,0,0,0,0,0,1,0,0,0,0,0,0,.333,2024
12,Bobby Witt Jr.,KCR,161,636,709,211,123,45,11,32,125,109,57,9,106,8,8,0,4,31,12,.332,2024
13,Xavier Edwards,MIA,70,265,303,87,69,12,5,1,39,26,33,1,52,0,4,1,0,31,4,.328,2024
14,Vladimir Guerrero Jr.,TOR,159,616,697,199,124,44,1,30,98,103,72,12,96,5,4,0,16,2,2,.323,2024
15,Aaron Judge,NYY,158,559,704,180,85,36,1,58,122,144,133,20,171,9,2,0,22,10,0,.322,2024
16,Cesar Salazar,HOU,12,25,32,8,6,2,0,0,5,8,2,0,6,2,2,1,0,0,0,.320,2024
17,Christian Yelich,MIL,73,270,315,85,59,12,3,11,44,42,40,3,58,2,1,1,3,21,1,.315,2024
18,Luis Arraez,- - -,150,637,672,200,161,32,3,4,83,46,24,3,29,8,1,2,18,9,3,.314,2024
19,Blake Sabol,SFG,11,32,38,10,8,2,0,0,3,1,5,1,9,1,0,0,0,0,0,.313,2024
20,Adrian Del Castillo,ARI,25,80,87,25,16,5,0,4,12,19,7,0,28,0,0,0,1,1,1,.313,2024
21,Carlos Correa,MIN,86,319,367,99,63,20,2,14,55,54,40,4,61,3,4,0,5,0,0,.310,2024
22,Shohei Ohtani,LAD,159,636,731,197,98,38,7,54,134,130,81,10,162,6,5,0,7,59,4,.310,2024
23,Yordan Alvarez,HOU,147,552,635,170,99,34,2,35,88,86,69,16,95,10,4,0,14,6,0,.308,2024
24,Luisangel Acuna,NYM,14,39,40,12,6,2,1,3,6,6,1,0,6,0,0,0,1,0,1,.308,2024
25,Victor Robles,- - -,91,254,295,78,54,20,0,4,44,28,21,0,53,11,3,6,2,34,2,.307,2024
26,Will Wagner,TOR,24,82,86,25,17,6,0,2,8,11,4,0,16,0,0,0,3,0,0,.305,2024
27,David Bote,CHC,37,46,48,14,10,4,0,0,4,6,2,0,13,0,0,0,1,0,0,.304,2024
28,Nathan Lukes,TOR,22,76,91,23,16,4,2,1,13,10,10,0,9,0,3,2,1,1,0,.303,2024
29,Marcell Ozuna,ATL,162,606,688,183,113,31,0,39,96,104,74,2,170,3,4,0,23,1,0,.302,2024
30,Ivan Herrera,STL,72,229,259,69,51,12,1,5,37,27,25,0,53,2,2,0,3,5,0,.301,2024
31,Luis Rengifo,LAA,78,283,304,85,65,13,1,6,41,30,16,0,44,4,0,1,6,24,7,.300,2024
32,Michael Helman,MIN,9,10,10,3,1,2,0,0,2,0,0,0,3,0,0,0,0,0,0,.300,2024
33,Yainer Diaz,HOU,148,585,619,175,127,29,3,16,70,84,24,1,107,2,8,0,22,2,0,.299,2024
34,Trea Turner,PHI,121,505,539,149,103,25,0,21,88,62,27,0,98,6,1,0,10,19,4,.295,2024
35,Jose Altuve,HOU,153,628,682,185,134,31,0,20,94,65,47,2,119,7,0,0,15,22,7,.295,2024
36,Rafael Marchan,PHI,17,51,56,15,8,4,0,3,8,6,3,0,8,1,0,1,1,0,0,.294,2024
37,Brent Rooker,OAK,145,546,614,160,93,26,2,39,82,112,59,4,177,5,4,0,5,11,3,.293,2024
38,Jackson Merrill,SDP,156,554,593,162,101,31,6,24,77,90,29,1,101,1,5,4,2,16,3,.292,2024
39,Ketel Marte,ARI,136,504,583,147,86,23,2,36,93,95,65,7,106,5,9,0,9,7,1,.292,2024
40,Steven Kwan,CLE,122,480,540,140,107,16,3,14,83,44,53,0,51,5,0,2,5,12,5,.292,2024
41,Randal Grichuk,ARI,106,254,279,74,40,20,2,12,40,46,20,0,46,3,2,0,5,0,0,.291,2024
42,Mookie Betts,LAD,116,450,516,130,82,24,5,19,75,75,61,2,57,1,4,0,10,16,2,.289,2024
43,Kyle Tucker,HOU,78,277,339,80,44,13,0,23,56,49,56,3,54,1,2,0,5,11,0,.289,2024
44,Juan Soto,NYY,157,576,713,166,90,31,4,41,128,109,129,2,119,4,4,0,10,7,4,.288,2024
45,Donovan Solano,SDP,96,283,309,81,60,13,0,8,31,35,22,0,65,3,1,0,6,2,1,.286,2024
46,Matt Duffy,TEX,4,7,10,2,2,0,0,0,2,0,2,0,1,1,0,0,0,0,0,.286,2024
47,Bryce Harper,PHI,145,550,631,157,85,42,0,30,85,87,76,11,138,2,2,1,18,7,4,.285,2024
48,Jake McCarthy,ARI,142,442,495,126,98,13,7,8,66,56,31,1,78,14,3,5,4,25,6,.285,2024
49,Miguel Andujar,OAK,75,302,319,86,67,14,1,4,31,30,13,0,42,3,1,0,10,3,2,.285,2024
50,Jarren Duran,BOS,160,671,735,191,108,48,14,21,111,75,54,1,160,6,3,1,6,34,7,.285,2024
51,Jose Miranda,MIN,121,401,429,114,73,28,4,9,44,49,18,1,66,6,4,0,13,2,2,.284,2024
52,Weston Wilson,PHI,41,88,98,25,14,7,1,3,13,10,8,0,29,1,1,0,2,3,0,.284,2024
53,Kerry Carpenter,DET,87,264,296,75,36,16,5,18,37,57,22,1,75,4,3,0,5,0,2,.284,2024
54,Miguel Rojas,LAD,103,307,337,87,60,21,0,6,41,36,23,0,34,3,2,2,8,8,2,.283,2024
55,Seiya Suzuki,CHC,132,512,585,145,91,27,6,21,74,73,63,3,160,6,4,0,6,16,6,.283,2024
56,Juan Yepez,WSN,62,226,249,64,43,15,0,6,32,26,18,0,42,1,3,1,9,2,1,.283,2024
57,Rob Refsnyder,BOS,93,272,307,77,49,16,1,11,32,40,28,2,78,5,1,0,6,2,2,.283,2024
58,Freddie Freeman,LAD,147,542,638,153,94,35,2,22,81,89,78,9,100,10,8,0,13,9,2,.282,2024
59,Eli White,ATL,35,39,42,11,8,1,1,1,9,4,1,0,12,2,0,0,1,3,1,.282,2024
60,Luis Garcia Jr.,WSN,140,500,528,141,97,25,1,18,58,70,27,2,86,0,1,0,12,22,5,.282,2024
61,Gunnar Henderson,BAL,159,630,719,177,102,31,7,37,118,92,78,1,159,7,4,0,2,21,4,.281,2024
62,William Contreras,MIL,155,595,679,167,105,37,2,23,99,92,78,5,139,3,3,0,19,9,2,.281,2024
63,Yandy Diaz,TBR,145,563,621,158,112,31,1,14,55,65,50,0,95,4,4,0,12,0,0,.281,2024
64,Masataka Yoshida,BOS,108,378,421,106,75,21,0,10,45,56,27,0,52,14,2,0,6,2,0,.280,2024
65,Tyler Fitzgerald,SFG,96,314,341,88,52,19,2,15,53,34,22,0,108,4,1,0,2,17,4,.280,2024
66,Jurickson Profar,SDP,158,564,668,158,105,29,0,24,94,85,76,4,101,18,5,5,14,10,3,.280,2024
67,Amed Rosario,- - -,103,332,346,93,69,18,3,3,29,32,9,0,73,4,1,0,10,13,5,.280,2024
68,Alexander Canario,CHC,15,25,28,7,5,1,0,1,4,2,2,0,11,1,0,0,0,1,0,.280,2024
69,Alec Bohm,PHI,143,554,606,155,94,44,2,15,62,97,40,2,86,6,6,0,18,5,2,.280,2024
70,Connor Wong,BOS,126,447,487,125,87,24,1,13,54,52,28,1,114,9,2,1,7,8,7,.280,2024
71,Jose Ramirez,CLE,158,620,682,173,93,39,2,39,114,118,54,12,82,1,6,0,9,41,7,.279,2024
72,Byron Buxton,MIN,102,355,388,99,51,27,3,18,62,56,20,1,99,11,2,0,3,7,2,.279,2024
73,Lourdes Gurriel Jr.,ARI,133,513,553,143,101,22,2,18,72,75,29,1,101,6,5,0,16,7,1,.279,2024
74,Corey Seager,TEX,123,475,533,132,81,21,0,30,68,74,53,11,96,3,2,0,8,1,1,.278,2024
75,Kevin Newman,ARI,111,288,311,80,59,17,1,3,41,28,15,1,48,0,2,6,7,8,1,.278,2024
76,Brendan Donovan,STL,153,587,652,163,112,34,3,14,65,73,47,0,81,13,5,0,4,5,5,.278,2024
77,Jake Fraley,CIN,116,350,382,97,71,19,2,5,44,26,26,0,70,3,3,0,6,20,5,.277,2024
78,Fernando Tatis Jr.,SDP,102,398,438,110,67,21,1,21,64,49,32,0,96,7,1,0,8,11,3,.276,2024
79,Jonah Bride,MIA,71,232,272,64,43,10,0,11,30,39,30,1,55,3,7,0,9,0,1,.276,2024
80,Joc Pederson,ARI,132,367,449,101,60,17,1,23,62,64,55,2,105,18,3,1,5,7,4,.275,2024
81,Yoan Moncada,CHW,12,40,45,11,7,3,1,0,4,0,5,0,11,0,0,0,2,1,0,.275,2024
82,Bryan Reynolds,PIT,156,622,692,171,115,29,3,24,73,88,57,3,156,10,3,0,7,10,2,.275,2024
83,Manny Machado,SDP,152,593,643,163,104,30,0,29,77,105,45,6,124,1,4,0,25,11,2,.275,2024
84,Jackson Chourio,MIL,148,528,573,145,91,29,4,21,80,79,39,4,121,3,2,1,7,22,7,.275,2024
85,Francisco Lindor,NYM,152,618,689,169,96,39,1,33,107,91,56,0,127,12,3,0,7,29,4,.273,2024
86,Julio Rodriguez,SEA,143,567,613,155,118,17,0,20,76,68,38,1,156,6,2,0,10,24,5,.273,2024
87,Nico Hoerner,CHC,151,582,641,159,116,35,1,7,86,48,44,1,66,12,3,0,8,31,6,.273,2024
88,Geraldo Perdomo,ARI,98,337,388,92,66,21,2,3,61,37,36,0,58,3,5,7,5,9,1,.273,2024
89,Jon Berti,NYY,25,66,74,18,17,0,0,1,10,6,6,0,14,1,0,1,2,5,1,.273,2024
90,Eric Haase,MIL,30,66,69,18,12,1,0,5,10,14,3,0,28,0,0,0,0,0,0,.273,2024
91,Nick Sogard,BOS,31,77,86,21,17,4,0,0,13,8,7,0,25,0,2,0,4,3,0,.273,2024
92,Oscar Colas,CHW,13,33,38,9,9,0,0,0,1,4,4,0,10,1,0,0,0,0,1,.273,2024
93,Rafael Devers,BOS,138,525,601,143,76,34,5,28,87,83,67,14,147,3,6,0,13,3,0,.272,2024
94,Teoscar Hernandez,LAD,154,589,652,160,93,32,2,33,84,99,53,3,188,8,1,0,7,12,3,.272,2024
95,Nolan Arenado,STL,152,578,635,157,118,23,0,16,70,71,44,2,92,5,7,0,15,2,2,.272,2024
96,Freddy Fermin,KCR,111,339,368,92,72,14,0,6,40,36,23,1,66,2,3,1,10,2,0,.271,2024
97,Salvador Perez,KCR,158,590,652,160,105,28,0,27,58,104,44,9,129,11,6,0,17,0,0,.271,2024
98,Ryan Mountcastle,BAL,124,473,507,128,83,30,2,13,54,63,27,0,114,1,6,0,13,3,0,.271,2024
99,Otto Lopez,MIA,117,403,434,109,79,23,1,6,49,39,25,0,75,1,2,2,13,20,4,.270,2024
100,Nick Gonzales,PIT,94,359,387,97,68,19,3,7,42,49,18,1,74,5,4,1,8,5,3,.270,2024
101,Pavin Smith,ARI,60,137,158,37,17,11,0,9,26,36,18,0,31,0,3,0,4,1,0,.270,2024
102,Heliot Ramos,SFG,121,475,518,128,80,23,3,22,54,72,37,2,135,2,4,0,12,6,1,.269,2024
103,Victor Caratini,HOU,87,245,274,66,49,8,1,8,30,30,23,1,53,3,3,0,6,0,1,.269,2024
104,Isiah Kiner-Falefa,- - -,133,465,496,125,95,18,4,8,53,43,16,0,78,10,2,3,12,11,2,.269,2024
105,Alec Burleson,STL,152,547,595,147,106,20,0,21,71,78,35,0,76,4,6,1,8,9,4,.269,2024
106,Ezequiel Tovar,COL,157,655,695,176,101,45,4,26,83,78,23,1,200,4,7,5,16,6,5,.269,2024
107,Starling Marte,NYM,94,335,370,90,67,13,3,7,46,40,27,1,81,3,2,3,8,16,1,.269,2024
108,Mauricio Dubon,HOU,137,402,428,108,79,25,0,4,45,47,16,0,55,2,5,3,6,3,2,.269,2024
109,Bligh Madris,DET,21,67,75,18,14,3,0,1,8,5,6,0,20,0,1,0,0,0,0,.269,2024
110,Griffin Conine,MIA,30,82,89,22,14,4,1,3,14,12,6,0,28,1,0,0,1,0,0,.268,2024
111,Brendan Rodgers,COL,135,501,539,134,91,29,1,13,67,54,31,1,132,4,2,1,12,1,0,.267,2024
112,Masyn Winn,STL,150,587,637,157,105,32,5,15,85,57,41,1,109,1,5,3,1,11,5,.267,2024
113,Jose Tena,- - -,44,161,168,43,35,5,0,3,14,15,7,0,41,0,0,0,1,6,1,.267,2024
114,David Peralta,SDP,91,236,260,63,44,11,0,8,35,28,22,0,54,2,0,0,3,2,0,.267,2024
115,Mark Vientos,NYM,111,413,454,110,61,22,0,27,58,71,33,0,135,3,5,0,6,0,0,.266,2024
116,Romy Gonzalez,BOS,89,199,216,53,36,10,1,6,25,29,12,0,58,1,4,0,5,11,3,.266,2024
117,J.T. Realmuto,PHI,99,380,413,101,68,18,1,14,50,47,27,1,102,5,1,0,7,2,2,.266,2024
118,Jeremy Pena,HOU,157,602,650,160,115,28,2,15,78,70,25,1,111,14,6,3,15,20,6,.266,2024
119,Gabriel Moreno,ARI,97,305,351,81,57,18,1,5,39,45,41,1,52,2,3,0,10,3,1,.266,2024
120,Cody Bellinger,CHC,130,516,569,137,93,23,3,18,72,78,45,7,89,3,5,0,10,9,2,.266,2024
121,Nathaniel Lowe,TEX,140,486,565,129,96,16,1,16,62,69,71,1,125,4,4,0,9,2,0,.265,2024
122,Spencer Horwitz,TOR,97,328,381,87,56,19,0,12,46,40,42,2,70,7,4,0,8,0,0,.265,2024
123,Joey Bart,PIT,80,253,282,67,43,11,0,13,38,45,22,0,73,6,1,0,8,0,0,.265,2024
124,Elias Diaz,- - -,96,325,351,86,60,20,0,6,27,39,20,2,69,4,2,0,15,0,0,.265,2024
125,Jordan Westburg,BAL,107,416,447,110,61,26,5,18,57,63,22,0,97,7,1,1,5,6,3,.264,2024
126,James Wood,WSN,79,295,336,78,52,13,4,9,43,41,39,1,97,2,0,0,1,14,8,.264,2024
127,Austin Barnes,LAD,54,140,156,37,33,3,0,1,12,11,14,0,36,0,0,2,3,3,0,.264,2024
128,Ryan O'Hearn,BAL,142,443,494,117,78,21,3,15,60,59,46,2,69,2,3,0,7,3,1,.264,2024
129,Josh Jung,TEX,46,178,188,47,34,5,1,7,19,16,8,0,48,1,1,0,1,4,0,.264,2024
130,Xander Bogaerts,SDP,111,428,463,113,86,15,1,11,50,44,28,0,79,1,6,0,13,13,3,.264,2024
131,Will Brennan,CLE,114,330,353,87,64,13,2,8,37,30,19,2,48,3,1,0,9,4,2,.264,2024
132,Michael Harris II,ATL,110,440,470,116,83,14,3,16,58,48,23,1,94,4,3,0,6,10,6,.264,2024
133,Jacob Stallings,COL,82,243,281,64,37,17,1,9,31,36,27,1,65,9,1,1,10,0,0,.263,2024
134,Dane Myers,MIA,44,95,108,25,15,6,1,3,17,19,8,0,36,3,2,0,0,4,1,.263,2024
135,David Fry,CLE,122,335,392,88,55,18,1,14,44,51,42,4,84,9,4,0,13,4,1,.263,2024
136,Ernie Clement,TOR,139,434,452,114,78,21,3,12,48,51,11,1,41,3,2,2,11,12,3,.263,2024
137,Willson Contreras,STL,84,301,358,79,47,17,0,15,48,36,45,2,96,12,0,0,7,4,1,.262,2024
138,Lawrence Butler,OAK,125,412,451,108,60,24,2,22,63,57,35,0,108,0,4,0,8,18,0,.262,2024
139,Vinnie Pasquantino,KCR,131,496,554,130,79,30,2,19,64,97,40,1,71,4,13,1,12,1,0,.262,2024
140,Jung Hoo Lee,SFG,37,145,158,38,32,4,0,2,15,8,10,0,13,1,2,0,2,2,3,.262,2024
141,Riley Greene,DET,137,512,584,134,77,27,6,24,82,74,64,3,156,5,2,0,2,4,2,.262,2024
142,Rece Hinds,CIN,24,46,51,12,2,4,1,5,9,11,4,0,16,1,0,0,0,2,0,.261,2024
143,Harold Ramirez,- - -,73,238,246,62,52,7,1,2,28,29,5,0,50,2,1,0,2,6,2,.261,2024
144,Brenton Doyle,COL,149,542,603,141,90,24,4,23,82,72,46,1,153,3,8,4,13,30,5,.260,2024
145,Alex Bregman,HOU,145,581,634,151,93,30,2,26,79,75,44,1,86,5,4,0,13,3,1,.260,2024
146,LaMonte Wade Jr.,SFG,117,331,401,86,62,16,0,8,45,34,62,5,90,4,3,1,2,2,1,.260,2024
147,Colt Keith,DET,148,516,556,134,102,15,4,13,54,61,36,2,110,2,2,0,4,7,1,.260,2024
148,Trevor Larnach,MIN,112,355,400,92,60,17,0,15,59,52,40,1,89,3,2,0,12,4,1,.259,2024
149,Matt Wallner,MIN,75,220,261,57,26,17,1,13,26,37,24,0,95,16,1,0,2,3,0,.259,2024
150,Michael Massey,KCR,100,332,356,86,53,17,2,14,45,45,15,1,56,3,4,2,9,1,0,.259,2024
151,Sal Frelick,MIL,145,475,524,123,95,22,4,2,66,32,39,0,78,4,1,2,8,18,3,.259,2024
152,Elly De La Cruz,CIN,160,618,696,160,89,36,10,25,105,76,69,2,218,6,1,2,12,67,16,.259,2024
153,Oneil Cruz,PIT,146,541,599,140,82,34,3,21,72,76,51,5,181,3,4,0,8,22,1,.259,2024
154,Ramon Laureano,- - -,98,286,309,74,46,16,1,11,35,33,15,0,96,7,1,0,5,8,3,.259,2024
155,Justin Turner,- - -,139,460,539,119,84,24,0,11,59,55,59,2,95,13,7,0,16,0,2,.259,2024
156,Dairon Blanco,KCR,88,120,132,31,23,4,0,4,37,13,8,0,32,1,1,1,2,31,7,.258,2024
157,Tyler Stephenson,CIN,138,457,515,118,72,26,1,19,69,66,48,2,117,8,2,0,9,1,0,.258,2024
158,Josh Smith,TEX,149,523,592,135,91,30,1,13,67,62,46,1,121,18,3,2,6,11,2,.258,2024
159,Gleyber Torres,NYY,154,587,665,151,110,26,0,15,80,63,65,0,136,3,8,2,6,4,3,.257,2024
160,David Villar,SFG,11,35,37,9,4,4,0,1,3,4,1,0,13,0,1,0,0,0,0,.257,2024
161,Edmundo Sosa,PHI,90,249,274,64,41,12,4,7,39,31,13,0,66,8,2,1,5,7,1,.257,2024
162,Matt Vierling,DET,144,518,567,133,84,28,5,16,80,57,41,1,121,3,5,0,9,6,1,.257,2024
163,Austin Riley,ATL,110,425,469,109,62,26,2,19,63,56,37,0,118,5,2,0,6,0,0,.256,2024
164,Jacob Young,WSN,150,468,521,120,92,24,1,3,75,36,30,0,102,12,2,9,11,33,10,.256,2024
165,Jazz Chisholm Jr.,- - -,147,562,621,144,95,21,4,24,74,73,53,5,152,4,2,0,6,40,10,.256,2024
166,Charlie Blackmon,COL,124,449,499,115,74,24,5,12,59,52,43,2,86,6,1,0,4,6,2,.256,2024
167,Eugenio Suarez,ARI,158,571,640,146,86,28,2,30,90,101,49,0,176,9,11,0,10,2,1,.256,2024
168,Trevor Story,BOS,26,94,106,24,15,7,0,2,8,10,11,2,33,1,0,0,2,6,3,.255,2024
169,Austin Hays,- - -,85,235,255,60,37,18,0,5,26,20,9,1,59,8,2,1,2,2,2,.255,2024
170,Garrett Mitchell,MIL,69,196,224,50,27,12,3,8,33,21,25,0,71,1,0,2,1,11,4,.255,2024
171,Nick Castellanos,PHI,162,606,659,154,97,30,4,23,80,86,41,2,139,10,2,0,14,6,2,.254,2024
172,Brice Turang,MIL,155,559,619,142,107,24,4,7,72,57,50,1,105,2,3,5,8,50,6,.254,2024
173,Jack Lopez,LAA,27,67,71,17,13,3,0,1,4,6,2,0,25,1,0,1,2,0,1,.254,2024
174,Ramon Urias,BAL,100,272,301,69,47,9,2,11,39,37,23,0,55,5,1,0,0,1,1,.254,2024
175,Lenyn Sosa,CHW,100,351,369,89,68,13,0,8,28,35,12,1,77,3,1,2,5,3,1,.254,2024
176,Jesse Winker,- - -,145,430,508,109,72,23,0,14,63,58,63,2,106,10,3,2,12,14,4,.253,2024
177,Austin Martin,MIN,93,233,257,59,39,18,1,1,41,16,20,0,47,2,0,2,4,7,3,.253,2024
178,Wilyer Abreu,BOS,132,399,447,101,51,33,2,15,59,58,40,0,125,3,5,0,7,8,3,.253,2024
179,Alejandro Kirk,TOR,103,340,386,86,61,19,1,5,23,54,35,1,51,2,9,0,11,0,0,.253,2024
180,Max Kepler,MIN,105,368,399,93,63,21,1,8,43,42,22,0,80,5,3,0,3,1,0,.253,2024
181,Heston Kjerstad,BAL,39,99,114,25,19,2,0,4,8,14,10,2,33,5,0,0,0,1,0,.253,2024
182,Wyatt Langford,TEX,134,499,557,126,81,25,4,16,74,74,51,3,115,4,3,0,6,19,3,.253,2024
183,Casey Schmitt,SFG,40,107,113,27,16,4,1,6,11,16,4,0,25,1,1,0,2,0,0,.252,2024
184,Andres Gimenez,CLE,152,583,633,147,115,22,1,9,64,63,26,1,97,15,6,3,11,30,5,.252,2024
185,Jesus Sanchez,MIA,149,489,537,123,79,25,1,18,60,64,41,2,140,4,2,1,12,16,2,.252,2024
186,Willy Adames,MIL,161,610,688,153,88,33,0,32,93,112,74,3,173,1,3,0,12,21,4,.251,2024
187,Jake Cave,COL,123,323,346,81,53,16,5,7,42,37,18,1,98,1,3,1,6,5,2,.251,2024
188,Ozzie Albies,ATL,99,399,435,100,60,29,1,10,52,53,27,0,65,5,4,0,6,8,1,.251,2024
189,Gavin Lux,LAD,139,439,487,110,74,24,2,10,59,50,44,0,110,2,2,0,8,5,2,.251,2024
190,Christian Walker,ARI,130,479,552,120,68,26,0,26,72,84,55,4,133,10,8,0,12,2,2,.251,2024
191,Nolan Schanuel,LAA,147,519,607,130,98,19,0,13,62,54,68,0,103,9,7,3,14,10,1,.250,2024
192,Jake Burger,MIA,137,535,579,134,81,23,1,29,68,76,31,2,150,9,4,0,11,1,1,.250,2024
193,Adley Rutschman,BAL,148,571,638,143,102,21,1,19,68,79,58,3,103,2,7,0,9,1,0,.250,2024
194,Gio Urshela,- - -,128,432,461,108,79,19,1,9,34,52,23,1,72,1,5,0,13,0,0,.250,2024
195,Forrest Wall,- - -,16,32,35,8,8,0,0,0,4,1,3,0,8,0,0,0,0,4,3,.250,2024
196,Chadwick Tromp,ATL,19,52,54,13,7,6,0,0,3,6,1,0,17,0,1,0,2,0,0,.250,2024
197,Myles Straw,CLE,7,4,4,1,1,0,0,0,2,0,0,0,0,0,0,0,0,2,0,.250,2024
198,David Fletcher,ATL,5,8,9,2,2,0,0,0,0,2,0,0,1,0,1,0,0,0,0,.250,2024
199,Ronald Acuna Jr.,ATL,49,192,222,48,35,8,1,4,38,15,27,0,53,3,0,0,4,16,3,.250,2024
200,Conner Capel,CIN,5,8,8,2,2,0,0,0,1,0,0,0,2,0,0,0,0,1,0,.250,2024
201,Jose Devers,MIA,3,4,4,1,1,0,0,0,1,0,0,0,1,0,0,0,0,0,0,.250,2024
202,Cal Stevenson,PHI,18,24,27,6,3,3,0,0,2,6,3,0,4,0,0,0,1,0,0,.250,2024
203,Eric Wagaman,LAA,18,72,74,18,11,5,0,2,6,10,2,0,17,0,0,0,1,0,0,.250,2024
204,Cade Marlowe,SEA,8,8,9,2,2,0,0,0,1,0,1,0,1,0,0,0,1,0,0,.250,2024
205,Jacob Wilson,OAK,28,92,103,23,19,2,2,0,11,3,8,0,10,1,1,1,4,0,0,.250,2024
206,Zach Neto,LAA,155,542,602,135,77,34,1,23,70,77,39,1,140,16,1,4,14,30,10,.249,2024
207,Josh Bell,- - -,145,538,603,134,90,23,2,19,62,71,51,1,120,6,3,0,22,0,1,.249,2024
208,Brandon Marsh,PHI,135,418,476,104,68,17,3,16,55,60,50,0,154,2,5,1,2,19,3,.249,2024
209,Junior Caminero,TBR,43,165,177,41,25,9,1,6,15,18,11,2,38,1,0,0,2,2,0,.248,2024
210,Mike Tauchman,CHC,109,298,350,74,54,12,1,7,50,29,47,0,70,4,1,0,7,6,2,.248,2024
211,David Hamilton,BOS,98,294,317,73,47,17,1,8,47,28,22,0,80,1,0,0,1,33,4,.248,2024
212,Andy Pages,LAD,116,403,443,100,63,23,1,13,65,46,29,0,108,6,4,0,8,1,2,.248,2024
213,Michael Busch,CHC,152,496,567,123,72,28,2,21,73,65,63,1,162,4,4,0,9,2,1,.248,2024
214,Will Smith,LAD,128,476,544,118,72,24,2,20,77,75,51,6,105,9,8,0,8,1,1,.248,2024
215,Kyle Schwarber,PHI,150,573,692,142,82,22,0,38,110,104,106,4,197,5,8,0,6,5,3,.248,2024
216,Jerar Encarnacion,SFG,35,113,119,28,18,5,0,5,13,19,5,0,34,0,1,0,0,1,0,.248,2024
217,Tommy Pham,- - -,116,440,478,109,77,20,3,9,49,39,35,0,106,2,1,0,5,7,3,.248,2024
218,Jonathan India,CIN,151,533,637,132,87,28,2,15,84,58,80,0,125,15,7,2,16,13,2,.248,2024
219,Tyrone Taylor,NYM,130,319,345,79,47,22,3,7,47,35,19,1,80,5,1,1,4,11,2,.248,2024
220,Oswaldo Cabrera,NYY,109,299,326,74,55,11,0,8,47,36,21,0,63,1,3,2,6,4,2,.247,2024
221,Willi Castro,MIN,158,558,635,138,90,31,5,12,89,60,51,0,150,21,4,1,8,14,9,.247,2024
222,Blaze Alexander,ARI,61,166,185,41,31,7,0,3,19,21,15,0,49,3,0,1,1,3,1,.247,2024
223,Matt Chapman,SFG,154,575,647,142,74,39,2,27,98,78,64,3,158,6,2,0,13,15,2,.247,2024
224,Ben Gamel,- - -,38,81,99,20,15,4,0,1,22,4,18,1,24,0,0,0,0,1,0,.247,2024
225,Matt Olson,ATL,162,600,685,148,81,37,1,29,78,98,71,5,170,9,5,0,15,0,0,.247,2024
226,Santiago Espinal,CIN,118,357,391,88,67,12,0,9,32,45,24,1,54,2,4,4,7,11,1,.246,2024
227,Ildemaro Vargas,WSN,97,272,303,67,50,16,0,1,21,30,19,0,31,2,5,5,9,9,4,.246,2024
228,Ceddanne Rafaela,BOS,152,544,571,134,91,23,5,15,70,75,15,1,151,7,3,2,8,19,10,.246,2024
229,Ezequiel Duran,TEX,92,268,285,66,52,11,0,3,26,20,14,0,63,2,1,0,6,1,2,.246,2024
230,Taylor Ward,LAA,156,585,663,144,91,26,2,25,73,75,63,0,163,7,8,0,11,6,4,.246,2024
231,Nasim Nunez,WSN,51,61,78,15,14,1,0,0,14,1,12,0,15,0,0,5,1,8,2,.246,2024
232,Jonatan Clase,- - -,26,61,66,15,12,2,0,1,7,5,3,0,17,2,0,0,1,3,1,.246,2024
233,CJ Abrams,WSN,138,541,602,133,78,29,6,20,79,65,40,3,128,16,4,1,4,31,12,.246,2024
234,Drew Millas,WSN,20,57,62,14,12,1,0,1,7,1,5,0,16,0,0,0,1,4,0,.246,2024
235,Andrew Vaughn,CHW,149,570,619,140,90,30,1,19,55,70,38,0,132,6,5,0,13,2,0,.246,2024
236,Paul Goldschmidt,STL,154,599,654,147,91,33,1,22,70,65,47,2,173,2,2,0,20,11,0,.245,2024
237,Eguy Rosario,SDP,30,53,57,13,4,6,0,3,5,6,2,0,20,1,0,1,1,0,0,.245,2024
238,Bryson Stott,PHI,148,506,571,124,92,19,2,11,65,57,53,1,93,3,9,0,9,32,3,.245,2024
239,Willie Calhoun,LAA,68,229,254,56,35,16,0,5,26,20,23,1,31,1,1,0,5,0,1,.245,2024
240,Parker Meadows,DET,82,270,298,66,39,12,6,9,39,28,25,0,76,1,1,1,0,9,4,.244,2024
241,Logan O'Hoppe,LAA,136,479,522,117,79,17,1,20,64,56,33,0,155,8,1,1,7,2,3,.244,2024
242,Lars Nootbaar,STL,109,348,405,85,52,18,3,12,39,45,52,2,79,1,3,1,10,7,3,.244,2024
243,Brandon Lowe,TBR,107,385,425,94,51,19,3,21,56,58,33,2,112,5,2,0,7,5,1,.244,2024
244,Josh Naylor,CLE,152,563,633,137,79,27,0,31,84,108,58,7,105,7,4,0,17,6,2,.243,2024
245,Anthony Volpe,NYY,160,637,689,155,109,27,7,12,90,60,42,1,156,4,3,2,9,28,7,.243,2024
246,Armando Alvarez,OAK,16,37,39,9,8,1,0,0,7,2,2,0,8,0,0,0,1,1,0,.243,2024
247,JJ Bleday,OAK,159,572,642,139,72,43,4,20,74,60,67,2,125,2,0,1,8,2,3,.243,2024
248,Rowdy Tellez,PIT,132,383,421,93,62,18,0,13,38,56,31,0,89,2,5,0,12,1,0,.243,2024
249,Johan Rojas,PHI,120,338,363,82,64,12,3,3,47,32,13,0,69,4,0,8,7,25,4,.243,2024
250,Luke Raley,SEA,137,404,455,98,55,19,2,22,58,58,27,0,135,20,2,2,2,11,2,.243,2024
251,Ian Happ,CHC,153,569,657,138,77,34,2,25,89,86,80,1,168,6,2,0,7,13,2,.243,2024
252,Colton Cowser,BAL,153,499,561,121,70,24,3,24,77,69,52,2,172,7,3,0,9,9,4,.242,2024
253,Zach Remillard,CHW,15,33,39,8,6,1,1,0,3,1,5,0,10,0,0,1,1,1,0,.242,2024
254,Zach Dezenzo,HOU,19,62,65,15,11,2,0,2,5,8,3,0,22,0,0,0,3,0,0,.242,2024
255,Mark Canha,- - -,125,393,462,95,68,20,0,7,46,42,51,2,96,13,5,0,10,7,0,.242,2024
256,Wenceel Perez,DET,112,389,425,94,63,16,6,9,51,37,32,0,92,1,1,2,5,9,5,.242,2024
257,Ryan McMahon,COL,153,567,645,137,89,28,0,20,68,65,69,4,185,3,4,0,9,4,6,.242,2024
258,Dansby Swanson,CHC,149,534,593,129,84,27,2,16,82,66,54,2,144,2,3,0,7,19,3,.242,2024
259,Jorge Soler,- - -,142,493,574,119,63,34,1,21,84,64,68,0,141,6,4,0,9,1,0,.241,2024
260,Nicky Lopez,CHW,124,398,445,96,80,12,3,1,40,21,37,0,67,4,0,6,3,5,7,.241,2024
261,Andy Ibanez,DET,99,224,244,54,39,9,1,5,30,32,15,0,63,3,2,0,2,2,3,.241,2024
262,Jake Cronenworth,SDP,155,577,656,139,90,29,3,17,72,83,61,0,118,11,3,1,19,5,2,.241,2024
263,Tyler O'Neill,BOS,113,411,473,99,50,18,0,31,74,61,53,5,159,7,2,0,13,4,0,.241,2024
264,Josh Lowe,TBR,106,353,387,85,54,19,2,10,37,34,32,4,123,0,2,0,2,25,1,.241,2024
265,Derek Hill,- - -,53,162,172,39,26,4,2,7,19,25,5,0,56,2,1,2,2,6,2,.241,2024
266,Yuli Gurriel,KCR,18,54,65,13,10,3,0,0,7,6,9,0,15,0,2,0,1,1,0,.241,2024
267,Triston Casas,BOS,63,212,243,51,30,8,0,13,28,32,30,4,77,1,0,0,6,0,1,.241,2024
268,Jace Jung,DET,34,79,94,19,14,5,0,0,14,3,15,0,29,0,0,0,3,0,1,.241,2024
269,Abraham Toro,OAK,94,337,364,81,57,17,1,6,34,26,20,1,62,5,0,2,4,4,2,.240,2024
270,Blake Perkins,MIL,121,383,434,92,71,13,2,6,54,43,42,1,108,3,6,0,3,23,5,.240,2024
271,Pete Alonso,NYM,162,608,695,146,81,31,0,34,91,88,70,4,172,13,4,0,14,3,0,.240,2024
272,Avisail Garcia,MIA,18,50,51,12,9,1,0,2,4,2,1,0,13,0,0,0,4,0,0,.240,2024
273,Sam Hilliard,COL,58,138,158,33,17,5,1,10,26,27,14,1,56,0,2,4,3,5,2,.239,2024
274,Gustavo Campero,LAA,13,46,48,11,9,0,1,1,6,6,0,0,8,2,0,0,0,3,0,.239,2024
275,Joey Ortiz,MIL,142,440,511,105,63,25,6,11,58,60,56,0,103,6,6,3,10,11,6,.239,2024
276,Carson Kelly,- - -,91,281,313,67,48,9,1,9,32,37,25,0,55,6,1,0,6,0,0,.238,2024
277,Jeff McNeil,NYM,129,424,472,101,63,26,0,12,57,44,35,1,68,9,3,1,6,5,1,.238,2024
278,Manuel Margot,MIN,129,315,343,75,53,17,1,4,37,31,21,0,54,3,3,1,10,5,0,.238,2024
279,Jahmai Jones,NYY,33,42,47,10,7,1,1,1,8,4,2,0,16,2,0,1,0,1,1,.238,2024
280,Brett Wisely,SFG,91,252,272,60,42,13,1,4,25,31,13,0,65,2,3,2,3,2,3,.238,2024
281,Isaac Paredes,- - -,153,542,641,129,84,25,1,19,64,80,76,2,105,17,6,0,17,1,1,.238,2024
282,Carlos Santana,MIN,150,521,594,124,75,26,0,23,63,71,65,3,99,6,2,0,11,4,0,.238,2024
283,Travis d'Arnaud,ATL,99,307,341,73,42,16,0,15,40,48,24,0,89,6,4,0,8,1,0,.238,2024
284,Emmanuel Rivera,- - -,124,265,302,63,47,9,2,5,24,29,26,0,69,5,5,1,7,2,0,.238,2024
285,Curtis Mead,TBR,38,122,132,29,25,3,0,1,10,7,6,0,30,2,1,0,2,2,0,.238,2024
286,Eloy Jimenez,- - -,98,324,349,77,57,14,0,6,25,23,22,1,70,2,1,0,13,3,0,.238,2024
287,Pedro Pages,STL,68,202,218,48,36,3,2,7,19,27,13,0,58,0,2,1,7,2,0,.238,2024
288,Michael Conforto,SFG,130,438,488,104,54,27,3,20,56,66,42,1,118,5,3,0,16,0,1,.237,2024
289,Tommy Edman,LAD,37,139,153,33,21,5,1,6,20,20,11,0,30,1,2,0,2,6,0,.237,2024
290,Lane Thomas,- - -,130,472,528,112,68,26,3,15,65,63,44,1,137,7,5,0,5,32,14,.237,2024
291,Francisco Alvarez,NYM,100,308,342,73,46,14,2,11,39,47,30,0,86,2,2,0,7,1,1,.237,2024
292,Marcus Semien,TEX,159,650,718,154,102,27,2,23,101,74,64,2,105,3,1,0,9,8,3,.237,2024
293,Pete Crow-Armstrong,CHC,123,372,410,88,59,13,6,10,46,47,21,2,98,6,3,8,4,27,3,.237,2024
294,Harrison Bader,NYM,143,402,437,95,64,19,0,12,57,51,21,1,95,8,6,0,6,17,8,.236,2024
295,Connor Norby,- - -,45,178,194,42,24,9,0,9,32,20,15,0,64,0,1,0,2,3,3,.236,2024
296,Kyle McCann,OAK,54,140,157,33,24,4,0,5,13,15,16,1,59,1,0,0,2,0,0,.236,2024
297,Anthony Santander,BAL,155,595,665,140,69,25,2,44,91,102,58,3,129,7,5,0,9,2,0,.235,2024
298,J.D. Martinez,NYM,120,434,495,102,61,24,1,16,46,69,49,0,141,6,2,0,17,0,0,.235,2024
299,Kyle Manzardo,CLE,53,145,156,34,17,12,0,5,11,15,9,0,41,1,1,0,3,0,0,.234,2024
300,Patrick Bailey,SFG,121,401,448,94,69,16,1,8,46,46,39,0,100,0,7,1,10,4,0,.234,2024
301,Jonathan Aranda,TBR,44,128,143,30,17,7,0,6,22,14,12,0,32,2,1,0,2,0,0,.234,2024
302,Cedric Mullins,BAL,147,444,499,104,67,16,3,18,69,54,41,0,98,5,2,2,1,32,6,.234,2024
303,Aaron Schunk,COL,39,94,98,22,17,3,0,2,14,7,4,1,31,0,0,0,0,0,1,.234,2024
304,Ty France,- - -,140,479,535,112,75,24,0,13,46,51,38,0,114,13,5,0,16,1,1,.234,2024
305,Jon Singleton,HOU,119,355,405,83,56,13,1,13,46,42,47,0,111,0,3,0,2,0,0,.234,2024
306,James McCann,BAL,66,214,233,50,33,9,0,8,27,31,13,0,56,2,4,0,3,1,0,.234,2024
307,Matt Carpenter,STL,59,137,157,32,21,7,0,4,15,15,15,0,51,2,2,0,0,0,2,.234,2024
308,Ha-seong Kim,SDP,121,403,470,94,64,16,3,11,60,47,58,4,77,2,3,4,8,22,5,.233,2024
309,Ke'Bryan Hayes,PIT,96,365,396,85,72,9,0,4,38,25,23,1,75,4,4,0,12,11,2,.233,2024
310,Bryan De La Cruz,- - -,149,584,622,136,90,25,0,21,61,68,29,1,170,3,5,0,10,5,2,.233,2024
311,Royce Lewis,MIN,82,292,325,68,36,16,0,16,40,47,28,2,74,0,5,0,5,0,0,.233,2024
312,Leo Rivas,SEA,43,73,86,17,15,1,1,0,10,8,10,0,24,1,0,2,1,3,0,.233,2024
313,Gavin Sheets,CHW,139,451,501,105,70,24,1,10,35,45,43,2,106,4,3,0,6,2,2,.233,2024
314,Tyler Soderstrom,OAK,61,189,213,44,25,10,0,9,18,26,20,1,53,3,1,0,7,0,0,.233,2024
315,Dominic Smith,- - -,93,275,307,64,36,22,0,6,33,34,28,0,76,4,0,0,7,1,1,.233,2024
316,Giancarlo Stanton,NYY,114,417,459,97,50,20,0,27,49,72,38,2,143,2,2,0,17,0,0,.233,2024
317,Alex Verdugo,NYY,149,559,621,130,88,28,1,13,74,61,49,0,93,1,10,2,14,2,1,.233,2024
318,Andrew McCutchen,PIT,120,448,515,104,65,18,1,20,66,50,58,1,133,7,2,0,9,3,2,.232,2024
319,Max Muncy,LAD,73,237,293,55,23,17,0,15,47,48,45,3,77,5,6,0,1,1,0,.232,2024
320,Angel Martinez,CLE,43,151,169,35,25,7,0,3,16,11,15,0,33,0,2,1,2,3,1,.232,2024
321,Miguel Amaya,CHC,117,328,363,76,53,13,2,8,32,47,23,0,62,4,3,5,5,0,0,.232,2024
322,Joey Meneses,WSN,76,281,313,65,51,11,0,3,19,42,21,1,63,5,6,0,9,2,0,.231,2024
323,Mike Yastrzemski,SFG,140,428,474,99,56,16,9,18,60,57,38,1,124,6,1,1,5,3,2,.231,2024
324,Maikel Garcia,KCR,157,575,626,133,94,27,5,7,84,58,42,0,103,0,5,4,7,37,2,.231,2024
325,Seth Brown,OAK,124,372,400,86,60,11,1,14,32,44,25,0,112,2,1,0,7,4,2,.231,2024
326,Corbin Carroll,ARI,158,589,684,136,78,22,14,22,121,74,73,0,130,10,9,3,3,35,8,.231,2024
327,Carlos Narvaez,NYY,6,13,15,3,3,0,0,0,0,0,2,0,6,0,0,0,0,0,0,.231,2024
328,Jhonny Pereda,MIA,20,39,40,9,9,0,0,0,2,4,0,0,10,1,0,0,2,0,0,.231,2024
329,Livan Soto,- - -,13,13,16,3,2,1,0,0,1,0,3,0,3,0,0,0,0,0,0,.231,2024
330,Jarred Kelenic,ATL,131,412,449,95,60,18,2,15,49,45,32,1,133,1,3,1,5,7,2,.231,2024
331,Garrett Hampson,KCR,113,213,231,49,35,13,1,0,16,16,14,0,59,0,2,2,3,7,2,.230,2024
332,Enrique Hernandez,LAD,126,362,393,83,55,16,0,12,44,42,27,0,77,0,3,1,13,0,0,.229,2024
333,Jorge Mateo,BAL,68,192,208,44,23,14,2,5,30,18,10,0,48,1,3,2,3,13,2,.229,2024
334,Leody Taveras,TEX,151,480,529,110,78,17,3,12,59,44,42,0,112,0,4,3,8,23,6,.229,2024
335,Kyle Isbel,KCR,136,384,426,88,59,13,8,8,62,42,27,0,88,5,2,8,4,11,2,.229,2024
336,Leo Jimenez,TOR,63,179,210,41,26,11,0,4,18,19,12,0,59,16,3,0,6,0,0,.229,2024
337,Kevin Pillar,- - -,100,284,314,65,40,16,1,8,38,45,16,0,69,10,3,1,10,12,3,.229,2024
338,Luis Torrens,NYM,48,118,130,27,16,8,0,3,14,15,9,0,28,2,1,0,5,0,1,.229,2024
339,Austin Wells,NYY,115,354,414,81,49,18,1,13,42,55,47,0,87,5,7,1,9,1,2,.229,2024
340,Keibert Ruiz,WSN,127,459,485,105,71,21,0,13,46,57,16,0,54,5,5,0,13,3,1,.229,2024
341,Brett Baty,NYM,50,153,171,35,28,3,0,4,15,16,16,1,42,1,0,1,3,0,0,.229,2024
342,Nick Ahmed,- - -,71,210,228,48,39,6,1,2,20,17,11,0,51,1,3,3,6,2,1,.229,2024
343,Hunter Renfroe,KCR,120,385,424,88,55,18,0,15,44,52,36,0,84,2,1,0,10,1,1,.229,2024
344,Jordyn Adams,LAA,11,35,38,8,7,0,0,1,4,4,3,0,12,0,0,0,1,2,0,.229,2024
345,Javier Sanoja,MIA,15,35,36,8,6,2,0,0,3,2,1,0,4,0,0,0,2,0,0,.229,2024
346,Andrew Benintendi,CHW,135,477,522,109,69,20,0,20,50,64,41,1,96,1,3,0,12,3,2,.229,2024
347,Anthony Rizzo,NYY,92,337,375,77,57,12,0,8,38,35,27,0,65,9,2,0,7,0,0,.228,2024
348,Michael Siani,STL,124,298,334,68,57,7,2,2,42,20,21,0,92,3,1,11,2,20,3,.228,2024
349,Connor Joe,PIT,123,364,416,83,51,22,1,9,49,36,44,1,91,6,2,0,7,2,2,.228,2024
350,Yasmani Grandal,PIT,72,215,243,49,30,10,0,9,26,27,24,0,46,0,1,3,7,1,0,.228,2024
351,Ben Rortvedt,TBR,112,290,328,66,50,13,0,3,27,31,34,0,88,4,0,0,6,1,0,.228,2024
352,Luis Campusano,SDP,91,277,299,63,42,13,0,8,37,40,20,0,41,1,1,0,11,0,0,.227,2024
353,Nick Fortes,MIA,110,308,335,70,50,16,0,4,28,29,11,0,41,4,5,7,6,0,1,.227,2024
354,Paul DeJong,- - -,139,445,482,101,60,17,0,24,54,56,23,0,156,9,5,0,9,2,2,.227,2024
355,Nick Gordon,MIA,95,260,275,59,39,11,1,8,29,32,11,0,67,1,3,0,5,5,5,.227,2024
356,Jose Herrera,ARI,42,97,114,22,16,4,1,1,11,13,9,0,27,0,1,7,1,0,0,.227,2024
357,Jose Caballero,TBR,139,441,483,100,66,24,1,9,53,44,27,1,133,9,3,3,6,44,16,.227,2024
358,Nolan Jones,COL,79,256,297,58,41,13,1,3,28,28,36,2,91,1,3,1,7,5,4,.227,2024
359,Jared Walsh,TEX,17,53,60,12,9,2,0,1,9,7,7,0,21,0,0,0,2,0,0,.226,2024
360,Ryan Jeffers,MIN,122,412,465,93,50,22,0,21,56,64,32,0,94,14,6,1,9,3,0,.226,2024
361,TJ Friedl,CIN,85,297,341,67,48,5,1,13,35,55,26,0,52,12,4,2,1,9,1,.226,2024
362,Josh Rojas,SEA,143,422,476,95,66,19,2,8,48,31,46,1,108,3,2,1,6,10,4,.225,2024
363,Bo Bichette,TOR,81,311,336,70,49,16,1,4,29,31,20,1,64,3,2,0,12,5,1,.225,2024
364,Jeimer Candelario,CIN,112,427,463,96,51,23,2,20,47,56,27,1,114,6,3,0,7,4,3,.225,2024
365,Spencer Steer,CIN,158,574,656,129,71,34,4,20,74,92,72,1,137,8,2,0,5,25,3,.225,2024
366,Billy Cook,PIT,16,49,49,11,6,2,0,3,5,8,0,0,19,0,0,0,0,1,0,.224,2024
367,Brandon Nimmo,NYM,151,571,663,128,77,25,3,23,88,90,77,1,158,12,3,0,7,15,0,.224,2024
368,Adolis Garcia,TEX,154,580,637,130,78,27,0,25,68,85,45,2,177,6,6,0,12,11,5,.224,2024
369,Edward Olivares,PIT,55,174,196,39,30,4,0,5,22,23,16,0,37,2,4,0,3,1,0,.224,2024
370,Riley Adams,WSN,41,116,130,26,18,5,1,2,10,8,10,1,35,2,2,0,4,1,0,.224,2024
371,Shea Langeliers,OAK,137,482,534,108,59,18,2,29,58,80,41,2,145,5,6,0,15,4,2,.224,2024
372,Luis Robert Jr.,CHW,100,393,425,88,55,19,0,14,47,35,28,2,141,2,1,0,8,23,6,.224,2024
373,Joshua Palacios,PIT,23,67,78,15,11,2,0,2,10,9,10,0,12,1,0,0,1,1,0,.224,2024
374,Richie Palacios,TBR,92,264,316,59,45,8,1,5,46,21,45,2,67,5,1,0,5,19,1,.223,2024
375,Joey Wendle,NYM,18,36,37,8,7,1,0,0,3,1,1,0,9,0,0,0,0,1,0,.222,2024
376,Gabriel Arias,CLE,53,153,161,34,21,9,1,3,15,15,6,0,53,1,1,0,4,5,2,.222,2024
377,Ryan Bliss,SEA,33,63,71,14,8,3,1,2,10,9,5,0,22,1,0,2,1,5,3,.222,2024
378,Whit Merrifield,- - -,95,293,335,65,49,9,3,4,44,15,35,0,52,3,0,4,7,17,3,.222,2024
379,Vidal Brujan,MIA,102,248,278,55,37,14,2,2,32,16,25,3,54,4,0,1,5,5,6,.222,2024
380,Christian Vazquez,MIN,93,294,315,65,48,10,0,7,29,27,11,0,65,1,4,5,11,3,1,.221,2024
381,Oliver Dunn,MIL,41,95,104,21,16,2,2,1,11,7,6,0,40,2,0,1,1,3,0,.221,2024
382,Nick Madrigal,CHC,51,86,94,19,16,3,0,0,5,10,4,0,10,3,0,1,2,1,0,.221,2024
383,Brooks Lee,MIN,50,172,185,38,28,6,1,3,9,27,11,2,27,0,2,0,6,3,0,.221,2024
384,Gary Sanchez,MIL,89,245,280,54,35,7,1,11,30,37,27,0,76,5,3,0,9,0,0,.220,2024
385,Mike Trout,LAA,29,109,126,24,11,1,2,10,17,14,16,1,27,1,0,0,0,6,1,.220,2024
386,George Springer,TOR,145,545,614,120,79,19,3,19,74,56,60,0,115,6,2,0,16,16,1,.220,2024
387,Jonah Heim,TEX,131,459,491,101,75,12,1,13,45,59,26,0,90,4,2,0,13,1,1,.220,2024
388,Cal Raleigh,SEA,153,546,628,120,70,16,0,34,73,100,70,4,176,6,6,0,7,6,1,.220,2024
389,Max Schuemann,OAK,133,396,459,87,66,14,0,7,55,34,47,0,119,7,4,5,8,14,1,.220,2024
390,Kyle Higashioka,SDP,84,246,263,54,26,10,1,17,29,45,15,0,74,0,1,1,3,2,0,.220,2024
391,Shay Whitcomb,HOU,20,41,46,9,6,3,0,0,1,5,5,0,8,0,0,0,1,0,0,.220,2024
392,Mickey Moniak,LAA,124,392,418,86,53,17,2,14,48,49,21,0,114,4,1,0,3,8,4,.219,2024
393,Kody Clemens,PHI,44,114,120,25,10,9,1,5,17,18,5,0,29,1,0,0,2,0,0,.219,2024
394,Spencer Torkelson,DET,92,342,381,75,43,21,1,10,45,37,33,0,105,4,1,0,6,0,0,.219,2024
395,Jose Azocar,SDP,61,73,79,16,14,2,0,0,13,2,5,0,19,0,0,1,1,5,1,.219,2024
396,Jake Meyers,HOU,148,461,513,101,65,20,3,13,51,61,35,0,117,10,4,3,17,11,3,.219,2024
397,Randy Arozarena,- - -,154,549,648,120,67,33,0,20,77,60,73,0,169,22,4,0,7,20,10,.219,2024
398,Dylan Crews,WSN,31,119,132,26,17,5,1,3,12,8,11,0,26,1,1,0,4,12,3,.218,2024
399,Anthony Rendon,LAA,57,206,238,45,35,10,0,0,21,14,23,0,35,5,4,0,4,6,1,.218,2024
400,J.D. Davis,- - -,46,142,157,31,22,5,0,4,13,6,12,0,39,3,0,0,5,0,0,.218,2024
401,Michael Stefanic,LAA,40,110,124,24,20,4,0,0,8,8,10,0,20,3,0,1,5,0,0,.218,2024
402,Trey Sweeney,DET,36,110,119,24,15,5,0,4,11,17,7,0,32,1,1,0,3,2,0,.218,2024
403,Kris Bryant,COL,37,133,155,29,22,5,0,2,9,15,13,0,48,8,1,0,6,0,0,.218,2024
404,Michael Toglia,COL,116,399,458,87,45,14,3,25,62,55,54,2,147,1,3,0,7,10,1,.218,2024
405,Jhonkensy Noel,CLE,67,179,198,39,18,7,1,13,25,28,13,0,63,5,1,0,1,0,0,.218,2024
406,Orlando Arcia,ATL,157,551,602,120,79,24,0,17,50,46,41,1,128,2,7,1,16,2,0,.218,2024
407,Daniel Schneemann,CLE,73,193,221,42,25,10,2,5,17,22,25,0,70,0,3,0,1,3,2,.218,2024
408,Tyler Wade,SDP,90,138,156,30,27,3,0,0,28,8,11,0,29,2,0,4,0,8,1,.217,2024
409,Thairo Estrada,SFG,96,364,381,79,53,15,2,9,43,47,10,0,76,5,2,0,8,2,2,.217,2024
410,Jonny DeLuca,TBR,107,332,362,72,50,12,4,6,29,31,24,1,77,4,0,2,1,16,6,.217,2024
411,Jonathan Ornelas,TEX,18,37,40,8,6,2,0,0,1,3,2,0,13,0,0,1,0,0,0,.216,2024
412,Nick Yorke,PIT,11,37,42,8,6,0,0,2,4,5,4,0,12,0,1,0,0,2,0,.216,2024
413,Jared Triolo,PIT,125,394,446,85,65,10,1,9,41,46,42,0,118,5,5,0,5,8,1,.216,2024
414,Zach McKinstry,DET,118,297,325,64,41,14,5,4,32,23,24,0,69,2,2,0,3,16,0,.215,2024
415,Jose Trevino,NYY,74,209,234,45,32,5,0,8,26,28,20,0,41,2,2,1,12,1,0,.215,2024
416,Stuart Fairchild,CIN,94,209,233,45,29,8,0,8,33,30,17,0,60,4,1,2,1,13,1,.215,2024
417,Andres Chaparro,WSN,33,121,132,26,10,12,0,4,12,15,7,0,24,4,0,0,3,1,1,.215,2024
418,Rene Pinto,TBR,19,42,49,9,4,3,0,2,5,6,4,0,18,1,1,1,0,0,0,.214,2024
419,Ryan McKenna,- - -,13,14,15,3,1,0,0,2,4,2,1,0,5,0,0,0,0,1,1,.214,2024
420,Austin Shenton,TBR,19,42,50,9,3,5,0,1,3,3,8,0,14,0,0,0,1,0,0,.214,2024
421,Joey Loperfido,- - -,81,243,262,52,31,13,4,4,24,25,13,0,95,4,1,1,3,4,2,.214,2024
422,Kyle Farmer,MIN,107,215,242,46,27,13,1,5,26,25,19,1,49,6,2,0,6,3,5,.214,2024
423,Enmanuel Valdez,BOS,76,201,223,43,25,12,0,6,23,28,17,0,53,0,4,1,4,1,1,.214,2024
424,Corey Julks,CHW,66,173,189,37,27,7,0,3,17,14,15,0,50,0,1,0,6,5,2,.214,2024
425,Rhys Hoskins,MIL,131,449,517,96,56,14,0,26,59,82,53,1,149,7,6,0,11,3,0,.214,2024
426,Tim Anderson,MIA,65,234,241,50,47,3,0,0,16,9,7,0,68,0,0,0,6,4,4,.214,2024
427,Daulton Varsho,TOR,136,459,513,98,52,21,7,18,73,58,48,1,137,4,1,1,2,10,2,.214,2024
428,Jorge Polanco,SEA,118,417,469,89,62,11,0,16,43,45,46,3,137,4,2,0,16,4,2,.213,2024
429,Luis Matos,SFG,45,150,156,32,22,5,0,5,14,25,5,1,24,0,1,0,5,0,0,.213,2024
430,Nick Martini,CIN,52,146,163,31,20,4,2,5,23,24,9,0,38,4,3,0,1,1,3,.212,2024
431,Robbie Grossman,- - -,87,208,245,44,33,8,0,3,21,16,34,0,58,1,2,0,8,3,0,.212,2024
432,David Hensley,MIA,23,52,58,11,9,1,0,1,9,4,6,0,17,0,0,0,0,1,0,.212,2024
433,Zack Gelof,OAK,138,497,547,105,66,20,2,17,60,49,38,0,188,4,5,3,7,25,3,.211,2024
434,Chas McCormick,HOU,94,242,267,51,39,6,1,5,32,27,17,0,72,4,3,1,3,8,2,.211,2024
435,Jason Heyward,- - -,87,228,258,48,24,12,2,10,33,37,22,2,53,4,3,0,3,5,0,.211,2024
436,Marco Luciano,SFG,27,76,81,16,10,5,1,0,10,3,5,0,28,0,0,0,1,0,1,.211,2024
437,Brooks Baldwin,CHW,33,114,121,24,16,6,0,2,9,8,6,0,31,0,0,1,1,4,0,.211,2024
438,Noelvi Marte,CIN,66,229,242,48,35,9,0,4,24,18,9,0,75,3,1,0,1,9,3,.210,2024
439,Korey Lee,CHW,125,377,394,79,52,14,1,12,36,37,17,0,122,0,0,0,12,6,3,.210,2024
440,Trey Cabbage,HOU,45,86,91,18,9,8,0,1,12,8,4,0,34,1,0,0,1,1,1,.209,2024
441,Tyler Freeman,CLE,118,330,383,69,47,14,1,7,48,32,28,1,53,19,3,3,15,11,6,.209,2024
442,Austin Slater,- - -,84,177,212,37,31,4,0,2,24,18,26,0,60,5,4,0,5,3,2,.209,2024
443,Zach DeLoach,CHW,22,67,75,14,8,5,0,1,10,5,8,0,21,0,0,0,0,0,1,.209,2024
444,Christian Bethancourt,- - -,62,139,147,29,17,7,0,5,18,22,5,0,36,1,0,2,2,3,0,.209,2024
445,Reese McGuire,BOS,53,139,158,29,23,3,0,3,10,18,13,0,39,2,3,1,4,3,0,.209,2024
446,Dylan Carlson,- - -,96,235,265,49,39,7,0,3,19,25,22,0,75,5,3,0,2,2,1,.209,2024
447,Kyle Stowers,- - -,69,192,209,40,24,11,2,3,15,24,13,0,74,3,1,0,2,0,1,.208,2024
448,Andruw Monasterio,MIL,59,125,142,26,20,5,0,1,14,16,16,0,40,1,0,0,3,6,2,.208,2024
449,Mitch Haniger,SEA,121,380,423,79,55,12,0,12,42,44,40,0,126,2,1,0,10,0,0,.208,2024
450,Jo Adell,LAA,130,405,451,84,47,15,2,20,54,62,35,1,126,7,3,0,9,15,10,.207,2024
451,Garrett Stubbs,PHI,56,164,187,34,28,4,1,1,18,11,17,0,50,4,1,0,0,5,0,.207,2024
452,David Dahl,PHI,19,58,62,12,7,2,0,3,6,8,3,0,21,0,1,0,0,0,0,.207,2024
453,Alika Williams,PIT,37,87,96,18,12,4,2,0,13,5,3,0,22,1,0,5,0,1,0,.207,2024
454,Bryce Johnson,SDP,47,63,73,13,11,2,0,0,9,4,7,0,12,0,0,3,1,1,1,.206,2024
455,MJ Melendez,KCR,135,412,451,85,42,23,3,17,44,44,35,1,113,3,0,0,3,4,4,.206,2024
456,Dominic Fletcher,CHW,72,223,241,46,37,8,0,1,14,17,11,1,58,3,1,2,5,0,0,.206,2024
457,Brayan Rocchio,CLE,143,383,442,79,53,18,0,8,50,36,44,1,90,8,5,2,11,10,6,.206,2024
458,Wilmer Flores,SFG,71,214,242,44,28,12,0,4,19,26,20,1,33,3,5,0,5,0,0,.206,2024
459,Garrett Cooper,- - -,36,107,116,22,15,5,1,1,6,11,7,0,35,2,0,0,3,0,0,.206,2024
460,Elehuris Montero,COL,67,224,247,46,32,10,0,4,23,28,20,0,56,0,3,0,7,0,0,.205,2024
461,Danny Jansen,- - -,94,278,324,57,35,13,0,9,35,24,40,0,61,3,3,0,4,0,0,.205,2024
462,Luis Guillorme,- - -,79,161,187,33,23,9,1,0,14,10,23,0,36,0,2,1,7,4,2,.205,2024
463,Miguel Sano,LAA,28,83,95,17,12,3,0,2,9,6,9,0,36,2,1,0,2,0,0,.205,2024
464,Tyler Nevin,OAK,87,245,278,50,33,10,0,7,22,20,25,0,64,5,3,0,5,1,0,.204,2024
465,Mason McCoy,SDP,19,49,57,10,8,2,0,0,7,3,5,0,19,0,0,3,2,1,0,.204,2024
466,Thomas Saggese,STL,18,49,52,10,7,2,0,1,5,4,2,0,14,1,0,0,0,0,0,.204,2024
467,Tyler Black,MIL,18,49,57,10,8,2,0,0,4,2,7,0,17,1,0,0,0,3,0,.204,2024
468,DJ LeMahieu,NYY,67,201,228,41,34,5,0,2,19,26,19,0,35,1,6,1,13,0,1,.204,2024
469,Matt Thaiss,LAA,57,157,186,32,21,9,0,2,14,16,28,0,58,0,1,0,2,3,0,.204,2024
470,Justyn-Henry Malloy,DET,71,202,230,41,25,7,1,8,18,21,23,0,85,3,2,0,2,1,1,.203,2024
471,Nolan Gorman,STL,107,365,402,74,40,15,0,19,42,50,34,1,151,1,2,0,2,6,1,.203,2024
472,Adam Frazier,KCR,104,262,294,53,38,10,1,4,35,22,22,0,59,7,0,3,0,3,0,.202,2024
473,Bryan Ramos,CHW,32,99,108,20,13,4,0,3,13,11,7,0,22,0,1,0,3,0,2,.202,2024
474,Chris Taylor,LAD,87,213,246,43,31,7,1,4,28,23,28,0,76,2,2,1,5,5,1,.202,2024
475,Grant McCray,SFG,37,124,130,25,15,3,2,5,13,10,6,0,56,0,0,0,3,5,0,.202,2024
476,J.P. Crawford,SEA,105,392,451,79,52,16,2,9,55,37,52,0,102,6,1,0,4,5,0,.202,2024
477,Alex Kirilloff,MIN,57,159,178,32,16,8,3,5,20,20,15,0,47,1,3,0,5,0,0,.201,2024
478,Jordan Walker,STL,51,164,178,33,17,10,1,5,16,20,10,0,50,2,2,0,4,1,0,.201,2024
479,Dylan Moore,SEA,135,368,441,74,37,23,4,10,53,42,53,1,123,14,5,1,8,32,6,.201,2024
480,Bo Naylor,CLE,123,354,389,71,46,10,2,13,39,39,29,1,122,2,2,2,3,6,3,.201,2024
481,Travis Jankowski,TEX,104,190,207,38,32,5,0,1,19,12,12,0,44,5,0,0,3,11,1,.200,2024
482,Billy McKinney,PIT,10,25,28,5,4,1,0,0,4,2,2,0,13,1,0,0,1,0,0,.200,2024
483,Daz Cameron,OAK,66,170,186,34,23,5,1,5,22,15,13,0,51,1,2,0,3,5,0,.200,2024
484,Jason Delay,PIT,7,15,19,3,0,3,0,0,1,6,3,0,0,0,0,1,0,0,0,.200,2024
485,Cristian Pache,- - -,88,165,183,33,23,8,1,1,13,16,17,0,64,0,1,0,2,1,0,.200,2024
486,Esteury Ruiz,OAK,29,55,65,11,6,2,1,2,10,8,4,0,20,2,2,2,1,5,4,.200,2024
487,Oswald Peraza,NYY,4,10,11,2,1,0,0,1,2,1,1,0,3,0,0,0,0,0,0,.200,2024
488,Nelson Velazquez,KCR,64,205,230,41,24,8,1,8,31,27,19,0,61,3,3,0,6,2,0,.200,2024
489,Liover Peguero,PIT,3,10,10,2,1,1,0,0,0,2,0,0,3,0,0,0,0,0,0,.200,2024
490,J.P. Martinez,ATL,7,10,10,2,1,1,0,0,2,0,0,0,4,0,0,0,0,1,0,.200,2024
491,Greg Jones,COL,6,5,6,1,0,0,0,1,1,1,1,0,4,0,0,0,0,0,0,.200,2024
492,Duke Ellis,- - -,11,5,5,1,1,0,0,0,1,0,0,0,2,0,0,0,0,5,0,.200,2024
493,Trey Lipscomb,WSN,61,190,211,38,34,3,0,1,20,10,16,0,40,2,1,1,7,11,2,.200,2024
494,Edouard Julien,MIN,94,266,301,53,36,9,0,8,36,21,33,0,102,2,0,0,2,6,0,.199,2024
495,Jake Bauers,MIL,117,302,346,60,37,9,2,12,45,43,39,1,118,5,0,0,0,13,1,.199,2024
496,Addison Barger,TOR,69,208,225,41,23,11,0,7,20,28,14,0,60,1,1,0,1,2,0,.197,2024
497,Danny Mendick,CHW,47,132,141,26,16,7,0,3,13,8,6,0,35,2,0,1,3,6,0,.197,2024
498,Kevin Kiermaier,- - -,116,259,281,51,34,9,3,5,31,26,12,0,86,2,1,7,4,6,2,.197,2024
499,Cavan Biggio,- - -,78,188,224,37,27,5,0,5,27,19,24,0,72,8,0,2,1,2,0,.197,2024
500,Jake Rogers,DET,102,310,337,61,34,16,1,10,43,36,22,1,99,3,2,0,6,1,0,.197,2024
501,Dominic Canzone,SEA,67,168,188,33,18,7,0,8,20,17,18,2,53,0,2,0,5,1,0,.196,2024
502,Christopher Morel,- - -,152,535,611,105,70,11,3,21,56,60,61,3,159,10,5,0,15,8,7,.196,2024
503,Luke Williams,ATL,37,46,52,9,6,3,0,0,8,4,4,0,13,1,0,1,1,3,0,.196,2024
504,Nick Senzel,- - -,74,236,267,46,28,11,0,7,25,18,28,1,61,1,0,1,6,1,3,.195,2024
505,Curt Casali,SFG,41,108,125,21,17,3,0,1,12,8,13,0,22,2,0,2,3,0,0,.194,2024
506,Miles Mastrobuoni,CHC,50,98,106,19,16,3,0,0,9,4,7,0,17,0,1,0,1,2,0,.194,2024
507,Michael A. Taylor,PIT,113,269,300,52,37,9,1,5,35,21,23,0,105,0,4,4,3,12,1,.193,2024
508,Sean Murphy,ATL,72,233,264,45,29,5,1,10,19,25,27,1,67,3,1,0,7,0,0,.193,2024
509,Ehire Adrianza,LAA,8,26,28,5,3,1,0,1,4,2,2,0,11,0,0,0,1,0,0,.192,2024
510,Tomas Nido,- - -,49,130,140,25,17,4,0,4,14,12,5,0,35,0,2,3,1,0,0,.192,2024
511,Darell Hernaiz,OAK,48,120,135,23,19,3,0,1,8,12,11,0,27,1,2,1,4,1,1,.192,2024
512,Luis Urias,SEA,41,94,109,18,7,7,0,4,11,16,9,0,34,6,0,0,2,0,0,.191,2024
513,Davis Schneider,TOR,135,397,454,76,43,19,1,13,48,46,47,0,144,5,5,0,2,6,0,.191,2024
514,Charles Leblanc,LAA,11,21,28,4,2,0,0,2,6,6,7,0,9,0,0,0,0,0,0,.190,2024
515,Buddy Kennedy,- - -,14,21,26,4,2,1,0,1,3,6,4,0,7,0,1,0,0,1,0,.190,2024
516,Vaughn Grissom,BOS,31,105,114,20,17,3,0,0,10,6,7,0,24,1,1,0,3,2,0,.190,2024
517,Trent Grisham,NYY,76,179,209,34,17,8,0,9,21,31,22,1,57,4,2,1,5,1,1,.190,2024
518,Christian Encarnacion-Strand,CIN,29,116,123,22,14,6,0,2,13,16,4,0,35,1,2,0,4,0,0,.190,2024
519,Hunter Goodman,COL,70,211,224,40,18,9,0,13,24,36,8,0,64,3,2,0,5,1,1,.190,2024
520,Alek Thomas,ARI,39,95,103,18,9,5,1,3,13,17,7,0,17,0,0,1,7,4,1,.189,2024
521,Jackson Holliday,BAL,60,190,208,36,25,4,2,5,28,23,15,0,69,2,1,0,1,4,0,.189,2024
522,Steward Berroa,TOR,28,37,45,7,6,1,0,0,7,1,8,0,14,0,0,0,0,6,2,.189,2024
523,Ji Hwan Bae,PIT,29,74,81,14,12,2,0,0,11,6,6,0,24,0,1,0,0,6,2,.189,2024
524,Nick Loftin,KCR,57,148,171,28,23,4,0,1,15,14,19,0,24,1,2,1,4,1,0,.189,2024
525,Jordan Beck,COL,55,170,184,32,23,6,0,3,14,13,12,1,65,1,1,0,3,7,1,.188,2024
526,Brett Sullivan,SDP,7,16,17,3,2,0,0,1,1,2,1,0,4,0,0,0,0,0,0,.188,2024
527,Drew Waters,KCR,7,16,19,3,2,1,0,0,2,1,2,0,6,1,0,0,0,0,0,.188,2024
528,Evan Carter,TEX,45,144,162,27,14,6,2,5,23,15,15,0,43,2,1,0,1,2,0,.188,2024
529,Sean Bouchard,COL,31,91,108,17,9,7,0,1,14,8,12,0,33,2,2,1,0,4,0,.187,2024
530,Will Benson,CIN,128,343,388,64,29,19,2,14,41,43,40,0,154,2,2,1,3,16,7,.187,2024
531,Jose Siri,TBR,130,402,448,75,40,16,1,18,50,47,31,0,170,7,4,2,5,14,7,.187,2024
532,Daniel Vogelbach,TOR,31,70,79,13,7,5,0,1,5,8,9,0,17,0,0,0,4,0,0,.186,2024
533,Owen Miller,MIL,14,27,27,5,4,1,0,0,2,3,0,0,8,0,0,0,1,0,0,.185,2024
534,Jacob Hurtubise,CIN,29,54,68,10,8,1,1,0,7,4,6,0,18,3,1,4,0,2,0,.185,2024
535,Javier Baez,DET,80,272,289,50,32,12,0,6,25,37,12,1,69,2,3,0,10,8,1,.184,2024
536,Taylor Walls,TBR,84,218,252,40,31,5,3,1,27,14,31,0,67,0,3,0,3,16,4,.183,2024
537,Pablo Reyes,- - -,22,60,64,11,9,2,0,0,5,5,3,0,19,1,0,0,1,1,2,.183,2024
538,Niko Kavadas,LAA,30,93,106,17,11,2,0,4,11,8,11,0,41,2,0,0,0,1,0,.183,2024
539,Jack Suwinski,PIT,88,247,277,45,28,8,0,9,29,26,27,2,79,1,1,1,3,9,1,.182,2024
540,Adam Duvall,ATL,104,303,330,55,34,10,0,11,29,30,21,0,99,5,1,0,6,0,0,.182,2024
541,Cole Tucker,LAA,25,50,57,9,4,4,1,0,3,3,6,0,17,0,1,0,0,3,1,.180,2024
542,Victor Scott II,STL,53,145,155,26,15,9,0,2,14,10,6,0,42,2,2,0,0,5,1,.179,2024
543,Jason Vosler,SEA,10,28,30,5,3,1,1,0,2,3,2,0,9,0,0,0,0,0,0,.179,2024
544,Jasson Dominguez,NYY,18,56,67,10,7,1,0,2,8,4,11,0,19,0,0,0,0,5,0,.179,2024
545,Luke Maile,CIN,55,135,154,24,18,4,0,2,8,8,13,0,52,4,1,1,4,2,0,.178,2024
546,Ryan Vilade,DET,17,45,49,8,7,0,0,1,5,5,2,0,12,0,1,1,2,0,0,.178,2024
547,D.J. Stewart,NYM,74,158,194,28,19,4,0,5,16,19,31,0,48,4,1,0,5,1,0,.177,2024
548,Jacob Amaya,- - -,24,68,72,12,11,1,0,0,4,3,4,0,28,0,0,0,3,1,0,.176,2024
549,Jorge Barrosa,ARI,8,17,18,3,1,2,0,0,3,1,0,0,2,0,0,1,0,1,0,.176,2024
550,Drew Romo,COL,16,51,53,9,6,3,0,0,4,6,2,0,18,0,0,0,2,0,1,.176,2024
551,Nick Allen,OAK,41,97,105,17,12,4,0,1,6,4,5,0,20,0,0,3,0,0,0,.175,2024
552,Eddie Rosario,- - -,91,297,319,52,30,12,0,10,33,35,16,0,77,0,4,2,4,9,1,.175,2024
553,Luken Baker,STL,21,40,49,7,3,1,1,2,3,10,7,0,11,0,2,0,1,1,0,.175,2024
554,Estevan Florial,CLE,36,98,111,17,6,6,2,3,11,11,11,0,41,1,0,1,2,2,1,.173,2024
555,Tucker Barnhart,ARI,31,81,96,14,11,3,0,0,13,6,13,0,31,0,0,2,0,1,0,.173,2024
556,Luis De Los Santos,TOR,13,29,31,5,3,2,0,0,2,1,2,0,10,0,0,0,2,0,0,.172,2024
557,Mitch Garver,SEA,114,367,430,63,31,17,0,15,37,51,53,0,133,7,3,0,9,0,0,.172,2024
558,Logan Driscoll,TBR,15,35,37,6,5,0,0,1,2,5,1,0,6,0,1,0,0,0,0,.171,2024
559,Adael Amador,COL,10,35,36,6,5,1,0,0,1,0,1,0,6,0,0,0,1,1,0,.171,2024
560,Ben Rice,NYY,50,152,178,26,13,6,0,7,20,23,20,0,48,1,5,0,2,0,1,.171,2024
561,Patrick Wisdom,CHC,75,158,174,27,10,7,2,8,16,23,10,0,59,4,1,1,1,5,0,.171,2024
562,Brandon Drury,LAA,97,325,360,55,44,7,0,4,28,15,27,0,81,5,3,0,13,1,0,.169,2024
563,Brandon Crawford,STL,29,71,80,12,6,5,0,1,5,4,8,0,26,1,0,0,0,0,0,.169,2024
564,Andrew Knapp,SFG,3,6,6,1,1,0,0,0,0,0,0,0,2,0,0,0,0,0,0,.167,2024
565,Ali Sanchez,MIA,31,84,96,14,12,2,0,0,5,4,4,0,24,1,1,6,2,2,1,.167,2024
566,Andrew Knizner,TEX,37,90,93,15,13,1,0,1,5,9,1,0,22,1,1,0,2,0,0,.167,2024
567,Brandon Lockridge,SDP,12,12,12,2,1,0,0,1,4,1,0,0,4,0,0,0,0,2,0,.167,2024
568,Dillon Dingler,DET,27,84,87,14,6,5,2,1,2,11,3,0,30,0,0,0,2,0,0,.167,2024
569,Joey Gallo,WSN,76,223,260,36,17,9,0,10,24,27,32,0,102,4,1,0,1,3,1,.161,2024
570,Brian Serven,TOR,28,63,71,10,6,4,0,0,6,3,5,0,22,2,0,1,0,0,0,.159,2024
571,Tyler Locklear,SEA,16,45,49,7,4,1,0,2,3,3,3,0,20,1,0,0,3,1,0,.156,2024
572,Jose Fermin,STL,45,71,79,11,9,1,1,0,7,4,7,0,11,1,0,0,3,2,1,.155,2024
573,Yan Gomes,CHC,34,91,96,14,10,2,0,2,7,7,2,0,36,1,1,1,2,0,0,.154,2024
574,Omar Narvaez,NYM,28,65,69,10,8,2,0,0,4,5,3,0,12,0,0,1,2,0,0,.154,2024
575,Seby Zavala,SEA,18,39,43,6,3,2,0,1,4,2,3,0,16,0,0,1,2,0,0,.154,2024
576,DaShawn Keirsey Jr.,MIN,6,13,14,2,1,0,0,1,1,1,0,0,1,1,0,0,0,0,0,.154,2024
577,Joey Wiemer,- - -,21,26,28,4,4,0,0,0,2,0,2,0,9,0,0,0,0,1,1,.154,2024
578,Blake Dunn,CIN,19,26,29,4,2,1,0,1,8,1,2,0,11,1,0,0,1,2,0,.154,2024
579,Austin Hedges,CLE,66,132,146,20,15,3,0,2,12,15,6,0,50,3,2,3,2,2,0,.152,2024
580,Miguel Vargas,- - -,72,206,237,31,19,7,0,5,22,16,25,0,57,3,3,0,4,3,1,.150,2024
581,Jamie Westbrook,BOS,21,40,48,6,2,2,0,2,4,7,4,0,14,1,2,0,0,0,0,.150,2024
582,Mike Ford,CIN,17,60,62,9,7,0,1,1,2,4,2,0,15,0,0,0,1,0,0,.150,2024
583,Keston Hiura,LAA,10,27,27,4,4,0,0,0,1,1,0,0,10,0,0,0,0,0,1,.148,2024
584,James Outman,LAD,53,136,156,20,12,4,0,4,12,11,16,0,55,4,0,0,0,2,1,.147,2024
585,Brett Harris,OAK,36,103,123,15,9,3,0,3,15,12,17,0,25,2,1,0,3,0,3,.146,2024
586,Henry Davis,PIT,37,104,122,15,10,4,0,1,9,5,13,0,45,1,2,1,1,0,0,.144,2024
587,Jakson Reetz,SFG,6,14,15,2,0,1,0,1,1,1,1,0,5,0,0,0,1,0,0,.143,2024
588,Taylor Trammell,- - -,10,7,8,1,1,0,0,0,2,0,1,0,3,0,0,0,0,0,0,.143,2024
589,Alan Trejo,COL,28,63,67,9,9,0,0,0,4,1,2,0,15,1,0,1,2,0,0,.143,2024
590,Aaron Hicks,LAA,18,57,63,8,7,0,0,1,6,5,6,0,23,0,0,0,1,0,0,.140,2024
591,Akil Baddoo,DET,31,73,82,10,4,2,2,2,7,5,8,0,27,0,1,0,0,1,0,.137,2024
592,Ryan Noda,OAK,36,95,111,13,8,4,0,1,8,4,14,0,37,1,0,1,0,0,0,.137,2024
593,Donovan Walton,SFG,9,22,25,3,2,0,0,1,3,2,2,0,7,1,0,0,2,0,0,.136,2024
594,Bobby Dalbec,BOS,37,83,93,11,8,2,0,1,6,8,8,0,43,1,0,1,1,3,0,.133,2024
595,Travis Blankenhorn,WSN,13,31,32,4,3,1,0,0,2,5,1,0,9,0,0,0,0,0,0,.129,2024
596,Johnathan Rodriguez,CLE,13,31,40,4,3,1,0,0,6,5,9,0,14,0,0,0,1,0,0,.129,2024
597,Zack Short,- - -,42,70,88,9,6,3,0,0,11,5,14,0,24,1,0,3,0,2,1,.129,2024
598,Chuckie Robinson,CHW,26,70,76,9,9,0,0,0,2,0,5,0,20,1,0,0,1,0,0,.129,2024
599,Davis Wendzel,TEX,27,47,49,6,3,2,0,1,2,2,1,0,12,1,0,0,1,0,0,.128,2024
600,C.J. Alexander,KCR,4,8,8,1,1,0,0,0,0,0,0,0,3,0,0,0,0,0,0,.125,2024
601,Braden Shewmake,CHW,29,64,67,8,5,2,0,1,4,4,1,0,10,0,2,0,0,5,1,.125,2024
602,Graham Pauley,SDP,13,32,32,4,2,0,0,2,4,5,0,0,15,0,0,0,1,0,0,.125,2024
603,Jose Abreu,HOU,35,113,120,14,10,2,0,2,10,7,4,0,28,2,1,0,4,0,0,.124,2024
604,Alex Jackson,TBR,58,139,155,17,7,7,0,3,17,12,12,0,53,2,1,1,2,1,0,.122,2024
605,Trenton Brooks,SFG,12,25,29,3,3,0,0,0,3,1,4,0,6,0,0,0,1,1,0,.120,2024
606,Ryan Kreidler,DET,35,59,65,7,6,0,0,1,9,2,6,0,19,0,0,0,2,5,3,.119,2024
607,Martin Maldonado,CHW,48,135,147,16,9,3,0,4,9,11,8,0,51,1,0,3,5,0,0,.119,2024
608,Tom Murphy,SFG,13,34,38,4,2,1,0,1,3,2,4,0,14,0,0,0,0,0,0,.118,2024
609,Isaac Collins,MIL,11,17,19,2,2,0,0,0,0,0,2,0,10,0,0,0,0,1,0,.118,2024
610,Kyren Paris,LAA,21,51,59,6,3,2,0,1,4,5,7,0,17,0,0,0,1,1,0,.118,2024
611,Matt Mervis,CHC,9,26,28,3,2,1,0,0,1,3,1,0,8,0,0,0,0,0,0,.115,2024
612,Rob Brantly,TBR,3,9,9,1,1,0,0,0,0,0,0,0,2,0,0,0,0,0,0,.111,2024
613,Edwin Rios,CIN,5,9,10,1,1,0,0,0,1,0,1,0,4,0,0,0,0,0,0,.111,2024
614,Bubba Thompson,CIN,17,18,18,2,1,1,0,0,5,0,0,0,11,0,0,0,1,5,0,.111,2024
615,Vinny Capra,MIL,3,9,9,1,0,1,0,0,1,0,0,0,3,0,0,0,1,0,0,.111,2024
616,Tristan Gray,- - -,15,28,31,3,2,1,0,0,0,0,3,0,16,0,0,0,0,0,0,.107,2024
617,Niko Goodrum,- - -,13,29,33,3,3,0,0,0,2,0,3,0,10,0,0,1,0,1,1,.103,2024
618,Levi Jordan,CIN,7,10,11,1,0,1,0,0,1,1,0,0,3,0,1,0,0,0,0,.100,2024
619,Kevin Alcantara,CHC,3,10,10,1,1,0,0,0,1,0,0,0,1,0,0,0,0,0,0,.100,2024
620,Pedro Leon,HOU,7,20,21,2,2,0,0,0,2,0,1,0,10,0,0,0,2,2,0,.100,2024
621,Nacho Alvarez Jr.,ATL,8,30,32,3,3,0,0,0,1,0,0,0,10,2,0,0,1,0,0,.100,2024
622,Coby Mayo,BAL,17,41,46,4,4,0,0,0,4,0,4,0,22,1,0,0,1,0,0,.098,2024
623,Aledmys Diaz,- - -,14,33,34,3,3,0,0,0,2,1,1,0,9,0,0,0,0,0,0,.091,2024
624,Tyler Heineman,- - -,8,12,16,1,1,0,0,0,2,0,3,0,6,1,0,0,0,0,0,.083,2024
625,Luis Vazquez,CHC,11,12,14,1,1,0,0,0,2,1,0,0,6,1,1,0,1,0,0,.083,2024
626,Bryce Teodosio,LAA,5,12,12,1,1,0,0,0,1,0,0,0,5,0,0,0,0,0,0,.083,2024
627,Rafael Ortega,CHW,14,14,17,1,1,0,0,0,4,1,2,0,4,0,1,0,1,2,0,.071,2024
628,Sam Haggerty,SEA,8,15,16,1,1,0,0,0,1,1,1,0,4,0,0,0,0,1,0,.067,2024
629,Kameron Misner,TBR,8,15,15,1,1,0,0,0,0,0,0,0,10,0,0,0,0,0,0,.067,2024
630,Justin Foscue,TEX,15,42,44,2,1,1,0,0,3,1,2,0,18,0,0,0,0,0,0,.048,2024
631,Jace Peterson,ARI,14,22,26,1,1,0,0,0,2,1,3,0,6,0,1,0,1,0,0,.045,2024
632,Adam Ottavino,NYM,60,0,0,0,0,0,0,0,0,0,0,0,0,0,0,0,0,0,0,.000,2024
633,Matt Moore,LAA,51,0,0,0,0,0,0,0,0,0,0,0,0,0,0,0,0,0,0,.000,2024
634,Clayton Kershaw,LAD,7,0,0,0,0,0,0,0,0,0,0,0,0,0,0,0,0,0,0,.000,2024
635,Lance Lynn,STL,23,0,0,0,0,0,0,0,0,0,0,0,0,0,0,0,0,0,0,.000,2024
636,Kenley Jansen,BOS,54,0,0,0,0,0,0,0,0,0,0,0,0,0,0,0,0,0,0,.000,2024
637,Max Scherzer,TEX,9,0,0,0,0,0,0,0,0,0,0,0,0,0,0,0,0,0,0,.000,2024
638,T.J. McFarland,OAK,79,0,0,0,0,0,0,0,0,0,0,0,0,0,0,0,0,0,0,.000,2024
639,Justin Wilson,CIN,60,0,0,0,0,0,0,0,0,0,0,0,0,0,0,0,0,0,0,.000,2024
640,Charlie Morton,ATL,30,0,0,0,0,0,0,0,0,0,0,0,0,0,0,0,0,0,0,.000,2024
641,Rich Hill,BOS,4,0,0,0,0,0,0,0,0,0,0,0,0,0,0,0,0,0,0,.000,2024
642,Jake Diekman,NYM,43,0,0,0,0,0,0,0,0,0,0,0,0,0,0,0,0,0,0,.000,2024
643,Anthony Gose,CLE,3,0,0,0,0,0,0,0,0,0,0,0,0,0,0,0,0,0,0,.000,2024
644,Jesse Chavez,ATL,46,0,0,0,0,0,0,0,0,0,0,0,0,0,0,0,0,0,0,.000,2024
645,Ryan Brasier,LAD,29,0,0,0,0,0,0,0,0,0,0,0,0,0,0,0,0,0,0,.000,2024
646,Huascar Brazoban,- - -,39,0,0,0,0,0,0,0,0,0,0,0,0,0,0,0,0,0,0,.000,2024
647,Albert Suarez,BAL,32,0,0,0,0,0,0,0,0,0,0,0,0,0,0,0,0,0,0,.000,2024
648,Jose Cisnero,LAA,15,0,0,0,0,0,0,0,0,0,0,0,0,0,0,0,0,0,0,.000,2024
649,Alex Cobb,CLE,3,0,0,0,0,0,0,0,0,0,0,0,0,0,0,0,0,0,0,.000,2024
650,Carlos Carrasco,CLE,21,0,0,0,0,0,0,0,0,0,0,0,0,0,0,0,0,0,0,.000,2024
651,Craig Kimbrel,BAL,57,0,0,0,0,0,0,0,0,0,0,0,0,0,0,0,0,0,0,.000,2024
652,Julio Teheran,NYM,1,0,0,0,0,0,0,0,0,0,0,0,0,0,0,0,0,0,0,.000,2024
653,Johnny Cueto,LAA,2,0,0,0,0,0,0,0,0,0,0,0,0,0,0,0,0,0,0,.000,2024
654,Chase Anderson,- - -,29,0,0,0,0,0,0,0,0,0,0,0,0,0,0,0,0,0,0,.000,2024
655,Martin Perez,- - -,26,0,0,0,0,0,0,0,0,0,0,0,0,0,0,0,0,0,0,.000,2024
656,Luis Garcia,- - -,60,0,0,0,0,0,0,0,0,0,0,0,0,0,0,0,0,0,0,.000,2024
657,Ryan Pressly,HOU,59,0,0,0,0,0,0,0,0,0,0,0,0,0,0,0,0,0,0,.000,2024
658,Fernando Cruz,CIN,69,0,0,0,0,0,0,0,0,0,0,0,0,0,0,0,0,0,0,.000,2024
659,Daniel Hudson,LAD,65,0,0,0,0,0,0,0,0,0,0,0,0,0,0,0,0,0,0,.000,2024
660,Jay Jackson,MIN,20,0,0,0,0,0,0,0,0,0,0,0,0,0,0,0,0,0,0,.000,2024
661,Jordan Lyles,KCR,5,0,0,0,0,0,0,0,0,0,0,0,0,0,0,0,0,0,0,.000,2024
662,Hunter Strickland,LAA,72,0,0,0,0,0,0,0,0,0,0,0,0,0,0,0,0,0,0,.000,2024
663,Will Smith,KCR,45,0,0,0,0,0,0,0,0,0,0,0,0,0,0,0,0,0,0,.000,2024
664,Bryan Shaw,CHW,5,0,0,0,0,0,0,0,0,0,0,0,0,0,0,0,0,0,0,.000,2024
665,David Robertson,TEX,68,0,0,0,0,0,0,0,0,0,0,0,0,0,0,0,0,0,0,.000,2024
666,Paolo Espino,TOR,3,0,0,0,0,0,0,0,0,0,0,0,0,0,0,0,0,0,0,.000,2024
667,Justin Verlander,HOU,17,0,0,0,0,0,0,0,0,0,0,0,0,0,0,0,0,0,0,.000,2024
668,Wade Miley,MIL,2,0,0,0,0,0,0,0,0,0,0,0,0,0,0,0,0,0,0,.000,2024
669,Kirby Yates,TEX,61,0,0,0,0,0,0,0,0,0,0,0,0,0,0,0,0,0,0,.000,2024
670,Nathan Eovaldi,TEX,29,0,0,0,0,0,0,0,0,0,0,0,0,0,0,0,0,0,0,.000,2024
671,Casey Kelly,CIN,2,0,0,0,0,0,0,0,0,0,0,0,0,0,0,0,0,0,0,.000,2024
672,Patrick Corbin,WSN,32,0,0,0,0,0,0,0,0,0,0,0,0,0,0,0,0,0,0,.000,2024
673,Dallas Keuchel,MIL,4,0,0,0,0,0,0,0,0,0,0,0,0,0,0,0,0,0,0,.000,2024
674,Joe Kelly,LAD,35,0,0,0,0,0,0,0,0,0,0,0,0,0,0,0,0,0,0,.000,2024
675,Miles Mikolas,STL,32,0,0,0,0,0,0,0,0,0,0,0,0,0,0,0,0,0,0,.000,2024
676,Tyler Matzek,ATL,11,0,0,0,0,0,0,0,0,0,0,0,0,0,0,0,0,0,0,.000,2024
677,Brooks Raley,NYM,8,0,0,0,0,0,0,0,0,0,0,0,0,0,0,0,0,0,0,.000,2024
678,Caleb Thielbar,MIN,59,0,0,0,0,0,0,0,0,0,0,0,0,0,0,0,0,0,0,.000,2024
679,Kyle Gibson,STL,30,0,0,0,0,0,0,0,0,0,0,0,0,0,0,0,0,0,0,.000,2024
680,Shelby Miller,DET,51,0,0,0,0,0,0,0,0,0,0,0,0,0,0,0,0,0,0,.000,2024
681,Aroldis Chapman,PIT,68,0,0,0,0,0,0,0,0,0,0,0,0,0,0,0,0,0,0,.000,2024
682,Zack Wheeler,PHI,32,0,0,0,0,0,0,0,0,0,0,0,0,0,0,0,0,0,0,.000,2024
683,Erasmo Ramirez,TBR,13,0,0,0,0,0,0,0,0,0,0,0,0,0,0,0,0,0,0,.000,2024
684,Michael Tonkin,- - -,57,0,0,0,0,0,0,0,0,0,0,0,0,0,0,0,0,0,0,.000,2024
685,Scott Alexander,OAK,45,0,0,0,0,0,0,0,0,0,0,0,0,0,0,0,0,0,0,.000,2024
686,Chris Sale,ATL,29,0,0,0,0,0,0,0,0,0,0,0,0,0,0,0,0,0,0,.000,2024
687,Chasen Shreve,COL,1,0,0,0,0,0,0,0,0,0,0,0,0,0,0,0,0,0,0,.000,2024
688,Jacob deGrom,TEX,3,0,0,0,0,0,0,0,0,0,0,0,0,0,0,0,0,0,0,.000,2024
689,Merrill Kelly,ARI,13,0,0,0,0,0,0,0,0,0,0,0,0,0,0,0,0,0,0,.000,2024
690,David Buchanan,CIN,1,0,0,0,0,0,0,0,0,0,0,0,0,0,0,0,0,0,0,.000,2024
691,Tommy Kahnle,NYY,50,0,0,0,0,0,0,0,0,0,0,0,0,0,0,0,0,0,0,.000,2024
692,Jose Quintana,NYM,31,0,0,0,0,0,0,0,0,0,0,0,0,0,0,0,0,0,0,.000,2024
693,Robbie Ray,SFG,7,0,0,0,0,0,0,0,0,0,0,0,0,0,0,0,0,0,0,.000,2024
694,Joely Rodriguez,BOS,14,0,0,0,0,0,0,0,0,0,0,0,0,0,0,0,0,0,0,.000,2024
695,Jose Urena,TEX,33,0,0,0,0,0,0,0,0,0,0,0,0,0,0,0,0,0,0,.000,2024
696,Jameson Taillon,CHC,28,0,0,0,0,0,0,0,0,0,0,0,0,0,0,0,0,0,0,.000,2024
697,Luke Jackson,- - -,52,0,0,0,0,0,0,0,0,0,0,0,0,0,0,0,0,0,0,.000,2024
698,Drew Smyly,CHC,50,0,0,0,0,0,0,0,0,0,0,0,0,0,0,0,0,0,0,.000,2024
699,Hector Neris,- - -,62,0,0,0,0,0,0,0,0,0,0,0,0,0,0,0,0,0,0,.000,2024
700,James Paxton,- - -,21,0,0,0,0,0,0,0,0,0,0,0,0,0,0,0,0,0,0,.000,2024
701,Taijuan Walker,PHI,19,0,0,0,0,0,0,0,0,0,0,0,0,0,0,0,0,0,0,.000,2024
702,Chris Martin,BOS,45,0,0,0,0,0,0,0,0,0,0,0,0,0,0,0,0,0,0,.000,2024
703,Jason Adam,- - -,74,0,0,0,0,0,0,0,0,0,0,0,0,0,0,0,0,0,0,.000,2024
704,Matt Andriese,MIA,4,0,0,0,0,0,0,0,0,0,0,0,0,0,0,0,0,0,0,.000,2024
705,Kyle Hendricks,CHC,29,0,0,0,0,0,0,0,0,0,0,0,0,0,0,0,0,0,0,.000,2024
706,Scott McGough,ARI,26,1,1,0,0,0,0,0,0,0,0,0,1,0,0,0,0,0,0,.000,2024
707,Yimi Garcia,- - -,39,0,0,0,0,0,0,0,0,0,0,0,0,0,0,0,0,0,0,.000,2024
708,Aaron Brooks,OAK,5,0,0,0,0,0,0,0,0,0,0,0,0,0,0,0,0,0,0,.000,2024
709,Chris Bassitt,TOR,31,0,0,0,0,0,0,0,0,0,0,0,0,0,0,0,0,0,0,.000,2024
710,Colin Rea,MIL,32,0,0,0,0,0,0,0,0,0,0,0,0,0,0,0,0,0,0,.000,2024
711,Jacob Barnes,WSN,63,0,0,0,0,0,0,0,0,0,0,0,0,0,0,0,0,0,0,.000,2024
712,Seth Lugo,KCR,33,0,0,0,0,0,0,0,0,0,0,0,0,0,0,0,0,0,0,.000,2024
713,Blake Treinen,LAD,50,0,0,0,0,0,0,0,0,0,0,0,0,0,0,0,0,0,0,.000,2024
714,Nick Ramirez,LAD,8,0,0,0,0,0,0,0,0,0,0,0,0,0,0,0,0,0,0,.000,2024
715,Adrian Houser,NYM,23,0,0,0,0,0,0,0,0,0,0,0,0,0,0,0,0,0,0,.000,2024
716,Nick Martinez,CIN,42,0,0,0,0,0,0,0,0,0,0,0,0,0,0,0,0,0,0,.000,2024
717,Rafael Montero,HOU,41,0,0,0,0,0,0,0,0,0,0,0,0,0,0,0,0,0,0,.000,2024
718,Chris Devenski,TBR,19,0,0,0,0,0,0,0,0,0,0,0,0,0,0,0,0,0,0,.000,2024
719,Sonny Gray,STL,28,0,0,0,0,0,0,0,0,0,0,0,0,0,0,0,0,0,0,.000,2024
720,John Brebbia,- - -,59,0,0,0,0,0,0,0,0,0,0,0,0,0,0,0,0,0,0,.000,2024
721,Burch Smith,- - -,50,0,0,0,0,0,0,0,0,0,0,0,0,0,0,0,0,0,0,.000,2024
722,Michael Kelly,OAK,28,0,0,0,0,0,0,0,0,0,0,0,0,0,0,0,0,0,0,.000,2024
723,Mike Clevinger,CHW,4,0,0,0,0,0,0,0,0,0,0,0,0,0,0,0,0,0,0,.000,2024
724,Andrew Kittredge,STL,74,0,0,0,0,0,0,0,0,0,0,0,0,0,0,0,0,0,0,.000,2024
725,Shawn Armstrong,- - -,57,0,0,0,0,0,0,0,0,0,0,0,0,0,0,0,0,0,0,.000,2024
726,Matt Barnes,WSN,14,0,0,0,0,0,0,0,0,0,0,0,0,0,0,0,0,0,0,.000,2024
727,Tyler Anderson,LAA,31,0,0,0,0,0,0,0,0,0,0,0,0,0,0,0,0,0,0,.000,2024
728,Joe Musgrove,SDP,19,0,0,0,0,0,0,0,0,0,0,0,0,0,0,0,0,0,0,.000,2024
729,Joe Ross,MIL,25,0,0,0,0,0,0,0,0,0,0,0,0,0,0,0,0,0,0,.000,2024
730,Andrew Chafin,- - -,62,0,0,0,0,0,0,0,0,0,0,0,0,0,0,0,0,0,0,.000,2024
731,Colten Brewer,CHC,16,0,0,0,0,0,0,0,0,0,0,0,0,0,0,0,0,0,0,.000,2024
732,Yu Darvish,SDP,16,0,0,0,0,0,0,0,0,0,0,0,0,0,0,0,0,0,0,.000,2024
733,Gerrit Cole,NYY,17,0,0,0,0,0,0,0,0,0,0,0,0,0,0,0,0,0,0,.000,2024
734,Derek Law,WSN,75,0,0,0,0,0,0,0,0,0,0,0,0,0,0,0,0,0,0,.000,2024
735,Eduardo Rodriguez,ARI,10,0,0,0,0,0,0,0,0,0,0,0,0,0,0,0,0,0,0,.000,2024
736,Jordan Weems,WSN,41,0,0,0,0,0,0,0,0,0,0,0,0,0,0,0,0,0,0,.000,2024
737,Ross Stripling,OAK,22,0,0,0,0,0,0,0,0,0,0,0,0,0,0,0,0,0,0,.000,2024
738,Matt Carasiti,COL,7,0,0,0,0,0,0,0,0,0,0,0,0,0,0,0,0,0,0,.000,2024
739,Danny Coulombe,BAL,33,0,0,0,0,0,0,0,0,0,0,0,0,0,0,0,0,0,0,.000,2024
740,Hoby Milner,MIL,61,0,0,0,0,0,0,0,0,0,0,0,0,0,0,0,0,0,0,.000,2024
741,Steven Matz,STL,12,0,0,0,0,0,0,0,0,0,0,0,0,0,0,0,0,0,0,.000,2024
742,Dylan Floro,- - -,66,0,0,0,0,0,0,0,0,0,0,0,0,0,0,0,0,0,0,.000,2024
743,Matt Koch,COL,2,0,0,0,0,0,0,0,0,0,0,0,0,0,0,0,0,0,0,.000,2024
744,Marcus Stroman,NYY,30,0,0,0,0,0,0,0,0,0,0,0,0,0,0,0,0,0,0,.000,2024
745,Pierce Johnson,ATL,58,0,0,0,0,0,0,0,0,0,0,0,0,0,0,0,0,0,0,.000,2024
746,Taylor Rogers,SFG,64,0,0,0,0,0,0,0,0,0,0,0,0,0,0,0,0,0,0,.000,2024
747,Lucas Sims,- - -,58,0,0,0,0,0,0,0,0,0,0,0,0,0,0,0,0,0,0,.000,2024
748,Matt Bowman,- - -,25,0,0,0,0,0,0,0,0,0,0,0,0,0,0,0,0,0,0,.000,2024
749,Blake Snell,SFG,20,0,0,0,0,0,0,0,0,0,0,0,0,0,0,0,0,0,0,.000,2024
750,Steven Okert,MIN,44,0,0,0,0,0,0,0,0,0,0,0,0,0,0,0,0,0,0,.000,2024
751,Carl Edwards Jr.,SDP,1,0,0,0,0,0,0,0,0,0,0,0,0,0,0,0,0,0,0,.000,2024
752,Jakob Junis,- - -,24,0,0,0,0,0,0,0,0,0,0,0,0,0,0,0,0,0,0,.000,2024
753,Clay Holmes,NYY,67,0,0,0,0,0,0,0,0,0,0,0,0,0,0,0,0,0,0,.000,2024
754,Tayler Scott,HOU,62,0,0,0,0,0,0,0,0,0,0,0,0,0,0,0,0,0,0,.000,2024
755,Max Fried,ATL,29,0,0,0,0,0,0,0,0,0,0,0,0,0,0,0,0,0,0,.000,2024
756,Tyler Duffey,KCR,9,0,0,0,0,0,0,0,0,0,0,0,0,0,0,0,0,0,0,.000,2024
757,Chris Stratton,KCR,57,0,0,0,0,0,0,0,0,0,0,0,0,0,0,0,0,0,0,.000,2024
758,Dominic Leone,CHW,23,0,0,0,0,0,0,0,0,0,0,0,0,0,0,0,0,0,0,.000,2024
759,JT Chargois,- - -,36,0,0,0,0,0,0,0,0,0,0,0,0,0,0,0,0,0,0,.000,2024
760,Zach Eflin,- - -,28,0,0,0,0,0,0,0,0,0,0,0,0,0,0,0,0,0,0,.000,2024
761,Alex Wood,OAK,9,0,0,0,0,0,0,0,0,0,0,0,0,0,0,0,0,0,0,.000,2024
762,Matt Strahm,PHI,66,0,0,0,0,0,0,0,0,0,0,0,0,0,0,0,0,0,0,.000,2024
763,Austin Adams,OAK,56,0,0,0,0,0,0,0,0,0,0,0,0,0,0,0,0,0,0,.000,2024
764,Paul Sewald,ARI,42,0,0,0,0,0,0,0,0,0,0,0,0,0,0,0,0,0,0,.000,2024
765,Chris Flexen,CHW,33,0,0,0,0,0,0,0,0,0,0,0,0,0,0,0,0,0,0,.000,2024
766,Brent Suter,CIN,47,0,0,0,0,0,0,0,0,0,0,0,0,0,0,0,0,0,0,.000,2024
767,Michael Wacha,KCR,29,0,0,0,0,0,0,0,0,0,0,0,0,0,0,0,0,0,0,.000,2024
768,Kevin Gausman,TOR,31,0,0,0,0,0,0,0,0,0,0,0,0,0,0,0,0,0,0,.000,2024
769,Jose Berrios,TOR,32,0,0,0,0,0,0,0,0,0,0,0,0,0,0,0,0,0,0,.000,2024
770,Josh Hader,HOU,71,0,0,0,0,0,0,0,0,0,0,0,0,0,0,0,0,0,0,.000,2024
771,Wandy Peralta,SDP,46,0,0,0,0,0,0,0,0,0,0,0,0,0,0,0,0,0,0,.000,2024
772,Frankie Montas,- - -,30,0,0,0,0,0,0,0,0,0,0,0,0,0,0,0,0,0,0,.000,2024
773,Joel Payamps,MIL,68,0,0,0,0,0,0,0,0,0,0,0,0,0,0,0,0,0,0,.000,2024
774,Ty Blach,COL,20,0,0,0,0,0,0,0,0,0,0,0,0,0,0,0,0,0,0,.000,2024
775,Tyler Glasnow,LAD,22,0,0,0,0,0,0,0,0,0,0,0,0,0,0,0,0,0,0,.000,2024
776,Amir Garrett,LAA,6,0,0,0,0,0,0,0,0,0,0,0,0,0,0,0,0,0,0,.000,2024
777,Joe Hudson,NYM,1,0,0,0,0,0,0,0,0,0,0,0,0,0,0,0,0,0,0,.000,2024
778,Yunior Marte,PHI,23,0,0,0,0,0,0,0,0,0,0,0,0,0,0,0,0,0,0,.000,2024
779,Jackson Stephens,ATL,3,0,0,0,0,0,0,0,0,0,0,0,0,0,0,0,0,0,0,.000,2024
780,Thyago Vieira,- - -,28,0,0,0,0,0,0,0,0,0,0,0,0,0,0,0,0,0,0,.000,2024
781,Jose Leclerc,TEX,64,0,0,0,0,0,0,0,0,0,0,0,0,0,0,0,0,0,0,.000,2024
782,Jorge Lopez,- - -,52,0,0,0,0,0,0,0,0,0,0,0,0,0,0,0,0,0,0,.000,2024
783,Carlos Estevez,- - -,54,0,0,0,0,0,0,0,0,0,0,0,0,0,0,0,0,0,0,.000,2024
784,Jose Ruiz,PHI,52,0,0,0,0,0,0,0,0,0,0,0,0,0,0,0,0,0,0,.000,2024
785,Anthony Banda,LAD,48,0,0,0,0,0,0,0,0,0,0,0,0,0,0,0,0,0,0,.000,2024
786,Edwin Diaz,NYM,55,0,0,0,0,0,0,0,0,0,0,0,0,0,0,0,0,0,0,.000,2024
787,Paul Blackburn,- - -,14,0,0,0,0,0,0,0,0,0,0,0,0,0,0,0,0,0,0,.000,2024
788,Wes Parsons,- - -,4,0,0,0,0,0,0,0,0,0,0,0,0,0,0,0,0,0,0,.000,2024
789,Emilio Pagan,CIN,38,0,0,0,0,0,0,0,0,0,0,0,0,0,0,0,0,0,0,.000,2024
790,Buck Farmer,CIN,61,0,0,0,0,0,0,0,0,0,0,0,0,0,0,0,0,0,0,.000,2024
791,Michael Lorenzen,- - -,26,0,0,0,0,0,0,0,0,0,0,0,0,0,0,0,0,0,0,.000,2024
792,Joe Mantiply,ARI,75,0,0,0,0,0,0,0,0,0,0,0,0,0,0,0,0,0,0,.000,2024
793,Sam Moll,CIN,48,0,0,0,0,0,0,0,0,0,0,0,0,0,0,0,0,0,0,.000,2024
794,Tony Kemp,BAL,5,9,10,0,0,0,0,0,1,0,1,0,1,0,0,0,0,0,0,.000,2024
795,Jon Gray,TEX,24,0,0,0,0,0,0,0,0,0,0,0,0,0,0,0,0,0,0,.000,2024
796,Ben Lively,CLE,29,0,0,0,0,0,0,0,0,0,0,0,0,0,0,0,0,0,0,.000,2024
797,Chad Kuhl,CHW,31,0,0,0,0,0,0,0,0,0,0,0,0,0,0,0,0,0,0,.000,2024
798,Giovanny Gallegos,STL,21,0,0,0,0,0,0,0,0,0,0,0,0,0,0,0,0,0,0,.000,2024
799,Scott Barlow,CLE,63,0,0,0,0,0,0,0,0,0,0,0,0,0,0,0,0,0,0,.000,2024
800,Kyle Finnegan,WSN,65,0,0,0,0,0,0,0,0,0,0,0,0,0,0,0,0,0,0,.000,2024
801,German Marquez,COL,1,0,0,0,0,0,0,0,0,0,0,0,0,0,0,0,0,0,0,.000,2024
802,Tim Mayza,- - -,50,0,0,0,0,0,0,0,0,0,0,0,0,0,0,0,0,0,0,.000,2024
803,Austin Voth,SEA,68,0,0,0,0,0,0,0,0,0,0,0,0,0,0,0,0,0,0,.000,2024
804,Yency Almonte,CHC,17,0,0,0,0,0,0,0,0,0,0,0,0,0,0,0,0,0,0,.000,2024
805,Rob Zastryzny,MIL,9,0,0,0,0,0,0,0,0,0,0,0,0,0,0,0,0,0,0,.000,2024
806,Ben Heller,PIT,8,0,0,0,0,0,0,0,0,0,0,0,0,0,0,0,0,0,0,.000,2024
807,Justin Topa,MIN,3,0,0,0,0,0,0,0,0,0,0,0,0,0,0,0,0,0,0,.000,2024
808,Alan Busenitz,CIN,3,0,0,0,0,0,0,0,0,0,0,0,0,0,0,0,0,0,0,.000,2024
809,Cole Sulser,- - -,10,0,0,0,0,0,0,0,0,0,0,0,0,0,0,0,0,0,0,.000,2024
810,Adam Cimber,LAA,28,0,0,0,0,0,0,0,0,0,0,0,0,0,0,0,0,0,0,.000,2024
811,Austin Pruitt,TEX,4,0,0,0,0,0,0,0,0,0,0,0,0,0,0,0,0,0,0,.000,2024
812,Kevin Herget,MIL,7,0,0,0,0,0,0,0,0,0,0,0,0,0,0,0,0,0,0,.000,2024
813,Andrew Heaney,TEX,32,0,0,0,0,0,0,0,0,0,0,0,0,0,0,0,0,0,0,.000,2024
814,Matthew Boyd,CLE,8,0,0,0,0,0,0,0,0,0,0,0,0,0,0,0,0,0,0,.000,2024
815,Nick Pivetta,BOS,27,0,0,0,0,0,0,0,0,0,0,0,0,0,0,0,0,0,0,.000,2024
816,Marco Gonzales,PIT,7,0,0,0,0,0,0,0,0,0,0,0,0,0,0,0,0,0,0,.000,2024
817,Antonio Senzatela,COL,3,0,0,0,0,0,0,0,0,0,0,0,0,0,0,0,0,0,0,.000,2024
818,Hunter Harvey,- - -,49,0,0,0,0,0,0,0,0,0,0,0,0,0,0,0,0,0,0,.000,2024
819,Tyler Rogers,SFG,77,0,0,0,0,0,0,0,0,0,0,0,0,0,0,0,0,0,0,.000,2024
820,Mark Leiter Jr.,- - -,60,0,0,0,0,0,0,0,0,0,0,0,0,0,0,0,0,0,0,.000,2024
821,Chad Green,TOR,53,0,0,0,0,0,0,0,0,0,0,0,0,0,0,0,0,0,0,.000,2024
822,Miguel Castro,ARI,11,0,0,0,0,0,0,0,0,0,0,0,0,0,0,0,0,0,0,.000,2024
823,Luis Castillo,SEA,30,1,1,0,0,0,0,0,0,0,0,0,1,0,0,0,0,0,0,.000,2024
824,Brad Keller,- - -,16,0,0,0,0,0,0,0,0,0,0,0,0,0,0,0,0,0,0,.000,2024
825,Joe Jimenez,ATL,69,0,0,0,0,0,0,0,0,0,0,0,0,0,0,0,0,0,0,.000,2024
826,Devin Williams,MIL,22,0,0,0,0,0,0,0,0,0,0,0,0,0,0,0,0,0,0,.000,2024
827,Zack Littell,TBR,29,0,0,0,0,0,0,0,0,0,0,0,0,0,0,0,0,0,0,.000,2024
828,Kent Emanuel,MIA,12,0,0,0,0,0,0,0,0,0,0,0,0,0,0,0,0,0,0,.000,2024
829,Wander Suero,HOU,1,0,0,0,0,0,0,0,0,0,0,0,0,0,0,0,0,0,0,.000,2024
830,Sean Manaea,NYM,32,0,0,0,0,0,0,0,0,0,0,0,0,0,0,0,0,0,0,.000,2024
831,Luis Severino,NYM,31,0,0,0,0,0,0,0,0,0,0,0,0,0,0,0,0,0,0,.000,2024
832,Ryne Stanek,- - -,63,0,0,0,0,0,0,0,0,0,0,0,0,0,0,0,0,0,0,.000,2024
833,Brady Feigl,PIT,1,0,0,0,0,0,0,0,0,0,0,0,0,0,0,0,0,0,0,.000,2024
834,Cam Booser,BOS,43,0,0,0,0,0,0,0,0,0,0,0,0,0,0,0,0,0,0,.000,2024
835,Nick Burdi,NYY,12,0,0,0,0,0,0,0,0,0,0,0,0,0,0,0,0,0,0,.000,2024
836,Jordan Romano,TOR,15,0,0,0,0,0,0,0,0,0,0,0,0,0,0,0,0,0,0,.000,2024
837,John Curtiss,COL,3,0,0,0,0,0,0,0,0,0,0,0,0,0,0,0,0,0,0,.000,2024
838,Brandon Leibrandt,CIN,2,0,0,0,0,0,0,0,0,0,0,0,0,0,0,0,0,0,0,.000,2024
839,Carlos Rodon,NYY,32,0,0,0,0,0,0,0,0,0,0,0,0,0,0,0,0,0,0,.000,2024
840,Aaron Nola,PHI,33,0,0,0,0,0,0,0,0,0,0,0,0,0,0,0,0,0,0,.000,2024
841,Justin Anderson,CHW,56,0,0,0,0,0,0,0,0,0,0,0,0,0,0,0,0,0,0,.000,2024
842,Spencer Turnbull,PHI,17,0,0,0,0,0,0,0,0,0,0,0,0,0,0,0,0,0,0,.000,2024
843,Tejay Antone,CIN,4,0,0,0,0,0,0,0,0,0,0,0,0,0,0,0,0,0,0,.000,2024
844,Kyle Freeland,COL,22,0,0,0,0,0,0,0,0,0,0,0,0,0,0,0,0,0,0,.000,2024
845,Aaron Bummer,ATL,56,0,0,0,0,0,0,0,0,0,0,0,0,0,0,0,0,0,0,.000,2024
846,John Means,BAL,4,0,0,0,0,0,0,0,0,0,0,0,0,0,0,0,0,0,0,.000,2024
847,Jesus Tinoco,- - -,32,0,0,0,0,0,0,0,0,0,0,0,0,0,0,0,0,0,0,.000,2024
848,Gerardo Reyes,OAK,3,0,0,0,0,0,0,0,0,0,0,0,0,0,0,0,0,0,0,.000,2024
849,Ricardo Pinto,PHI,6,0,0,0,0,0,0,0,0,0,0,0,0,0,0,0,0,0,0,.000,2024
850,Ryan Borucki,PIT,14,0,0,0,0,0,0,0,0,0,0,0,0,0,0,0,0,0,0,.000,2024
851,Tyler Mahle,TEX,3,0,0,0,0,0,0,0,0,0,0,0,0,0,0,0,0,0,0,.000,2024
852,Reynaldo Lopez,ATL,26,0,0,0,0,0,0,0,0,0,0,0,0,0,0,0,0,0,0,.000,2024
853,Yonny Chirinos,MIA,6,0,0,0,0,0,0,0,0,0,0,0,0,0,0,0,0,0,0,.000,2024
854,Victor Gonzalez,NYY,27,0,0,0,0,0,0,0,0,0,0,0,0,0,0,0,0,0,0,.000,2024
855,Scott Blewett,MIN,12,0,0,0,0,0,0,0,0,0,0,0,0,0,0,0,0,0,0,.000,2024
856,Brent Honeywell,- - -,20,0,0,0,0,0,0,0,0,0,0,0,0,0,0,0,0,0,0,.000,2024
857,Ryan Yarbrough,- - -,44,0,0,0,0,0,0,0,0,0,0,0,0,0,0,0,0,0,0,.000,2024
858,Dan Altavilla,KCR,5,0,0,0,0,0,0,0,0,0,0,0,0,0,0,0,0,0,0,.000,2024
859,Jordan Montgomery,ARI,25,0,0,0,0,0,0,0,0,0,0,0,0,0,0,0,0,0,0,.000,2024
860,Austin Gomber,COL,30,0,0,0,0,0,0,0,0,0,0,0,0,0,0,0,0,0,0,.000,2024
861,Erik Swanson,TOR,45,0,0,0,0,0,0,0,0,0,0,0,0,0,0,0,0,0,0,.000,2024
862,Bryan Abreu,HOU,78,0,0,0,0,0,0,0,0,0,0,0,0,0,0,0,0,0,0,.000,2024
863,J.P. Feyereisen,LAD,10,0,0,0,0,0,0,0,0,0,0,0,0,0,0,0,0,0,0,.000,2024
864,Ryan Thompson,ARI,67,0,0,0,0,0,0,0,0,0,0,0,0,0,0,0,0,0,0,.000,2024
865,Julian Merryweather,CHC,15,0,0,0,0,0,0,0,0,0,0,0,0,0,0,0,0,0,0,.000,2024
866,Brock Stewart,MIN,16,0,0,0,0,0,0,0,0,0,0,0,0,0,0,0,0,0,0,.000,2024
867,Vinny Nittoli,- - -,9,0,0,0,0,0,0,0,0,0,0,0,0,0,0,0,0,0,0,.000,2024
868,Tim Hill,- - -,62,0,0,0,0,0,0,0,0,0,0,0,0,0,0,0,0,0,0,.000,2024
869,Brennan Bernardino,BOS,57,0,0,0,0,0,0,0,0,0,0,0,0,0,0,0,0,0,0,.000,2024
870,Reed Garrett,NYM,53,0,0,0,0,0,0,0,0,0,0,0,0,0,0,0,0,0,0,.000,2024
871,Luke Weaver,NYY,62,0,0,0,0,0,0,0,0,0,0,0,0,0,0,0,0,0,0,.000,2024
872,Aramis Garcia,PHI,3,7,7,0,0,0,0,0,0,0,0,0,3,0,0,0,1,0,0,.000,2024
873,Touki Toussaint,CHW,11,0,0,0,0,0,0,0,0,0,0,0,0,0,0,0,0,0,0,.000,2024
874,Elieser Hernandez,- - -,9,0,0,0,0,0,0,0,0,0,0,0,0,0,0,0,0,0,0,.000,2024
875,Luis F. Ortiz,PHI,1,0,0,0,0,0,0,0,0,0,0,0,0,0,0,0,0,0,0,.000,2024
876,Sean Newcomb,OAK,7,0,0,0,0,0,0,0,0,0,0,0,0,0,0,0,0,0,0,.000,2024
877,Grant Holmes,ATL,26,0,0,0,0,0,0,0,0,0,0,0,0,0,0,0,0,0,0,.000,2024
878,Eddy Alvarez,NYM,13,9,11,0,0,0,0,0,2,0,1,0,2,1,0,0,0,0,0,.000,2024
879,Trevor Williams,WSN,13,0,0,0,0,0,0,0,0,0,0,0,0,0,0,0,0,0,0,.000,2024
880,Tyler Beede,CLE,13,0,0,0,0,0,0,0,0,0,0,0,0,0,0,0,0,0,0,.000,2024
881,Tanner Banks,- - -,63,0,0,0,0,0,0,0,0,0,0,0,0,0,0,0,0,0,0,.000,2024
882,Sean Reid-Foley,NYM,23,0,0,0,0,0,0,0,0,0,0,0,0,0,0,0,0,0,0,.000,2024
883,Pablo Lopez,MIN,32,0,0,0,0,0,0,0,0,0,0,0,0,0,0,0,0,0,0,.000,2024
884,Austin Davis,SDP,7,0,0,0,0,0,0,0,0,0,0,0,0,0,0,0,0,0,0,.000,2024
885,Raisel Iglesias,ATL,66,0,0,0,0,0,0,0,0,0,0,0,0,0,0,0,0,0,0,.000,2024
886,Domingo German,PIT,7,0,0,0,0,0,0,0,0,0,0,0,0,0,0,0,0,0,0,.000,2024
887,Gabe Speier,SEA,29,0,0,0,0,0,0,0,0,0,0,0,0,0,0,0,0,0,0,.000,2024
888,Dinelson Lamet,LAD,3,0,0,0,0,0,0,0,0,0,0,0,0,0,0,0,0,0,0,.000,2024
889,Jalen Beeks,- - -,71,0,0,0,0,0,0,0,0,0,0,0,0,0,0,0,0,0,0,.000,2024
890,Ranger Suarez,PHI,27,0,0,0,0,0,0,0,0,0,0,0,0,0,0,0,0,0,0,.000,2024
891,Michael Kopech,- - -,67,0,0,0,0,0,0,0,0,0,0,0,0,0,0,0,0,0,0,.000,2024
892,Framber Valdez,HOU,28,0,0,0,0,0,0,0,0,0,0,0,0,0,0,0,0,0,0,.000,2024
893,Emmanuel Ramirez,MIA,15,0,0,0,0,0,0,0,0,0,0,0,0,0,0,0,0,0,0,.000,2024
894,Justin Steele,CHC,24,0,0,0,0,0,0,0,0,0,0,0,0,0,0,0,0,0,0,.000,2024
895,Erick Fedde,- - -,31,0,0,0,0,0,0,0,0,0,0,0,0,0,0,0,0,0,0,.000,2024
896,Jeff Hoffman,PHI,68,0,0,0,0,0,0,0,0,0,0,0,0,0,0,0,0,0,0,.000,2024
897,Jonathan Hernandez,- - -,29,0,0,0,0,0,0,0,0,0,0,0,0,0,0,0,0,0,0,.000,2024
898,Jack Flaherty,- - -,28,0,0,0,0,0,0,0,0,0,0,0,0,0,0,0,0,0,0,.000,2024
899,Daniel Duarte,MIN,2,0,0,0,0,0,0,0,0,0,0,0,0,0,0,0,0,0,0,.000,2024
900,Genesis Cabrera,TOR,69,0,0,0,0,0,0,0,0,0,0,0,0,0,0,0,0,0,0,.000,2024
901,Diego Castillo,MIN,7,0,0,0,0,0,0,0,0,0,0,0,0,0,0,0,0,0,0,.000,2024
902,Ryan Burr,TOR,34,0,0,0,0,0,0,0,0,0,0,0,0,0,0,0,0,0,0,.000,2024
903,Jimmy Herget,ATL,8,0,0,0,0,0,0,0,0,0,0,0,0,0,0,0,0,0,0,.000,2024
904,Tanner Scott,- - -,72,0,0,0,0,0,0,0,0,0,0,0,0,0,0,0,0,0,0,.000,2024
905,Mitch Keller,PIT,31,0,0,0,0,0,0,0,0,0,0,0,0,0,0,0,0,0,0,.000,2024
906,Cristian Javier,HOU,7,0,0,0,0,0,0,0,0,0,0,0,0,0,0,0,0,0,0,.000,2024
907,Tanner Rainey,WSN,50,0,0,0,0,0,0,0,0,0,0,0,0,0,0,0,0,0,0,.000,2024
908,Justin Lawrence,COL,56,0,0,0,0,0,0,0,0,0,0,0,0,0,0,0,0,0,0,.000,2024
909,Jeffrey Springs,TBR,7,0,0,0,0,0,0,0,0,0,0,0,0,0,0,0,0,0,0,.000,2024
910,Jose Cuas,- - -,13,0,0,0,0,0,0,0,0,0,0,0,0,0,0,0,0,0,0,.000,2024
911,Trevor Megill,MIL,48,0,0,0,0,0,0,0,0,0,0,0,0,0,0,0,0,0,0,.000,2024
912,Nabil Crismatt,LAD,5,0,0,0,0,0,0,0,0,0,0,0,0,0,0,0,0,0,0,.000,2024
913,Evan Phillips,LAD,61,0,0,0,0,0,0,0,0,0,0,0,0,0,0,0,0,0,0,.000,2024
914,Tyler Alexander,TBR,23,0,0,0,0,0,0,0,0,0,0,0,0,0,0,0,0,0,0,.000,2024
915,Drew Smith,NYM,19,0,0,0,0,0,0,0,0,0,0,0,0,0,0,0,0,0,0,.000,2024
916,Jose Alvarado,PHI,66,0,0,0,0,0,0,0,0,0,0,0,0,0,0,0,0,0,0,.000,2024
917,Trey Wingenter,- - -,7,0,0,0,0,0,0,0,0,0,0,0,0,0,0,0,0,0,0,.000,2024
918,Dillon Tate,- - -,33,0,0,0,0,0,0,0,0,0,0,0,0,0,0,0,0,0,0,.000,2024
919,Adbert Alzolay,CHC,18,0,0,0,0,0,0,0,0,0,0,0,0,0,0,0,0,0,0,.000,2024
920,Ian Gibaut,CIN,2,0,0,0,0,0,0,0,0,0,0,0,0,0,0,0,0,0,0,.000,2024
921,Nestor Cortes,NYY,31,0,0,0,0,0,0,0,0,0,0,0,0,0,0,0,0,0,0,.000,2024
922,Dennis Santana,- - -,62,0,0,0,0,0,0,0,0,0,0,0,0,0,0,0,0,0,0,.000,2024
923,Tayler Saucedo,SEA,53,0,0,0,0,0,0,0,0,0,0,0,0,0,0,0,0,0,0,.000,2024
924,Garrett Cleavinger,TBR,68,0,0,0,0,0,0,0,0,0,0,0,0,0,0,0,0,0,0,.000,2024
925,Trent Thornton,SEA,71,0,0,0,0,0,0,0,0,0,0,0,0,0,0,0,0,0,0,.000,2024
926,Tyler Jay,- - -,5,0,0,0,0,0,0,0,0,0,0,0,0,0,0,0,0,0,0,.000,2024
927,Tyler Gilbert,PHI,6,0,0,0,0,0,0,0,0,0,0,0,0,0,0,0,0,0,0,.000,2024
928,Brock Burke,- - -,34,0,0,0,0,0,0,0,0,0,0,0,0,0,0,0,0,0,0,.000,2024
929,Peter Lambert,COL,28,0,0,0,0,0,0,0,0,0,0,0,0,0,0,0,0,0,0,.000,2024
930,Logan Webb,SFG,33,0,0,0,0,0,0,0,0,0,0,0,0,0,0,0,0,0,0,.000,2024
931,Pete Fairbanks,TBR,46,0,0,0,0,0,0,0,0,0,0,0,0,0,0,0,0,0,0,.000,2024
932,Triston McKenzie,CLE,16,0,0,0,0,0,0,0,0,0,0,0,0,0,0,0,0,0,0,.000,2024
933,Phil Maton,- - -,71,0,0,0,0,0,0,0,0,0,0,0,0,0,0,0,0,0,0,.000,2024
934,Ryan Helsley,STL,65,0,0,0,0,0,0,0,0,0,0,0,0,0,0,0,0,0,0,.000,2024
935,Anthony Misiewicz,NYY,1,0,0,0,0,0,0,0,0,0,0,0,0,0,0,0,0,0,0,.000,2024
936,Brian Anderson,ATL,3,5,5,0,0,0,0,0,0,0,0,0,2,0,0,0,1,0,0,.000,2024
937,Tyler Kinley,COL,67,0,0,0,0,0,0,0,0,0,0,0,0,0,0,0,0,0,0,.000,2024
938,Carson Fulmer,LAA,37,0,0,0,0,0,0,0,0,0,0,0,0,0,0,0,0,0,0,.000,2024
939,Jacob Waguespack,TBR,4,0,0,0,0,0,0,0,0,0,0,0,0,0,0,0,0,0,0,.000,2024
940,Josh Sborz,TEX,17,0,0,0,0,0,0,0,0,0,0,0,0,0,0,0,0,0,0,.000,2024
941,Alex Young,- - -,17,0,0,0,0,0,0,0,0,0,0,0,0,0,0,0,0,0,0,.000,2024
942,Josh Staumont,MIN,25,0,0,0,0,0,0,0,0,0,0,0,0,0,0,0,0,0,0,.000,2024
943,Nick Anderson,KCR,37,0,0,0,0,0,0,0,0,0,0,0,0,0,0,0,0,0,0,.000,2024
944,Michael Soroka,CHW,25,0,0,0,0,0,0,0,0,0,0,0,0,0,0,0,0,0,0,.000,2024
945,Scott Effross,NYY,3,0,0,0,0,0,0,0,0,0,0,0,0,0,0,0,0,0,0,.000,2024
946,Enyel De Los Santos,- - -,64,0,0,0,0,0,0,0,0,0,0,0,0,0,0,0,0,0,0,.000,2024
947,Danny Young,NYM,42,0,0,0,0,0,0,0,0,0,0,0,0,0,0,0,0,0,0,.000,2024
948,Kenta Maeda,DET,29,0,0,0,0,0,0,0,0,0,0,0,0,0,0,0,0,0,0,.000,2024
949,Josh Rogers,COL,6,0,0,0,0,0,0,0,0,0,0,0,0,0,0,0,0,0,0,.000,2024
950,Phil Bickford,NYY,8,0,0,0,0,0,0,0,0,0,0,0,0,0,0,0,0,0,0,.000,2024
951,Dylan Cease,SDP,33,0,0,0,0,0,0,0,0,0,0,0,0,0,0,0,0,0,0,.000,2024
952,Sam Hentges,CLE,25,0,0,0,0,0,0,0,0,0,0,0,0,0,0,0,0,0,0,.000,2024
953,Logan Allen,ARI,12,0,0,0,0,0,0,0,0,0,0,0,0,0,0,0,0,0,0,.000,2024
954,A.J. Minter,ATL,39,0,0,0,0,0,0,0,0,0,0,0,0,0,0,0,0,0,0,.000,2024
955,Jake Woodford,- - -,9,0,0,0,0,0,0,0,0,0,0,0,0,0,0,0,0,0,0,.000,2024
956,Freddy Peralta,MIL,32,0,0,0,0,0,0,0,0,0,0,0,0,0,0,0,0,0,0,.000,2024
957,Kolby Allard,PHI,7,0,0,0,0,0,0,0,0,0,0,0,0,0,0,0,0,0,0,.000,2024
958,Cody Poteet,NYY,5,0,0,0,0,0,0,0,0,0,0,0,0,0,0,0,0,0,0,.000,2024
959,Miguel Diaz,HOU,1,0,0,0,0,0,0,0,0,0,0,0,0,0,0,0,0,0,0,.000,2024
960,Pedro Avila,- - -,54,0,0,0,0,0,0,0,0,0,0,0,0,0,0,0,0,0,0,.000,2024
961,Tommy Nance,TOR,20,0,0,0,0,0,0,0,0,0,0,0,0,0,0,0,0,0,0,.000,2024
962,Kirby Snead,SEA,11,0,0,0,0,0,0,0,0,0,0,0,0,0,0,0,0,0,0,.000,2024
963,Jose Quijada,LAA,22,0,0,0,0,0,0,0,0,0,0,0,0,0,0,0,0,0,0,.000,2024
964,Dakota Hudson,COL,18,0,0,0,0,0,0,0,0,0,0,0,0,0,0,0,0,0,0,.000,2024
965,Lake Bachar,MIA,10,0,0,0,0,0,0,0,0,0,0,0,0,0,0,0,0,0,0,.000,2024
966,Mitch White,- - -,13,0,0,0,0,0,0,0,0,0,0,0,0,0,0,0,0,0,0,.000,2024
967,Cole Irvin,- - -,29,0,0,0,0,0,0,0,0,0,0,0,0,0,0,0,0,0,0,.000,2024
968,Seranthony Dominguez,- - -,63,0,0,0,0,0,0,0,0,0,0,0,0,0,0,0,0,0,0,.000,2024
969,Ian Hamilton,NYY,35,0,0,0,0,0,0,0,0,0,0,0,0,0,0,0,0,0,0,.000,2024
970,Jacob Webb,BAL,60,0,0,0,0,0,0,0,0,0,0,0,0,0,0,0,0,0,0,.000,2024
971,Vladimir Gutierrez,MIA,1,0,0,0,0,0,0,0,0,0,0,0,0,0,0,0,0,0,0,.000,2024
972,Nick Hernandez,HOU,5,0,0,0,0,0,0,0,0,0,0,0,0,0,0,0,0,0,0,.000,2024
973,Zac Gallen,ARI,28,0,0,0,0,0,0,0,0,0,0,0,0,0,0,0,0,0,0,.000,2024
974,Trevor Richards,- - -,55,0,0,0,0,0,0,0,0,0,0,0,0,0,0,0,0,0,0,.000,2024
975,Cal Quantrill,COL,29,0,0,0,0,0,0,0,0,0,0,0,0,0,0,0,0,0,0,.000,2024
976,Matt Krook,BAL,1,0,0,0,0,0,0,0,0,0,0,0,0,0,0,0,0,0,0,.000,2024
977,Joey Lucchesi,NYM,2,0,0,0,0,0,0,0,0,0,0,0,0,0,0,0,0,0,0,.000,2024
978,Matt Festa,- - -,19,0,0,0,0,0,0,0,0,0,0,0,0,0,0,0,0,0,0,.000,2024
979,Richard Lovelady,- - -,35,0,0,0,0,0,0,0,0,0,0,0,0,0,0,0,0,0,0,.000,2024
980,A.J. Puk,- - -,62,0,0,0,0,0,0,0,0,0,0,0,0,0,0,0,0,0,0,.000,2024
981,Daulton Jefferies,- - -,6,0,0,0,0,0,0,0,0,0,0,0,0,0,0,0,0,0,0,.000,2024
982,Caleb Ferguson,- - -,62,0,0,0,0,0,0,0,0,0,0,0,0,0,0,0,0,0,0,.000,2024
983,Dean Kremer,BAL,24,0,0,0,0,0,0,0,0,0,0,0,0,0,0,0,0,0,0,.000,2024
984,Lucas Erceg,- - -,61,0,0,0,0,0,0,0,0,0,0,0,0,0,0,0,0,0,0,.000,2024
985,Corbin Burnes,BAL,32,0,0,0,0,0,0,0,0,0,0,0,0,0,0,0,0,0,0,.000,2024
986,Keegan Akin,BAL,66,0,0,0,0,0,0,0,0,0,0,0,0,0,0,0,0,0,0,.000,2024
987,Walker Buehler,LAD,16,0,0,0,0,0,0,0,0,0,0,0,0,0,0,0,0,0,0,.000,2024
988,Colin Poche,TBR,43,0,0,0,0,0,0,0,0,0,0,0,0,0,0,0,0,0,0,.000,2024
989,Ronel Blanco,HOU,30,0,0,0,0,0,0,0,0,0,0,0,0,0,0,0,0,0,0,.000,2024
990,Dane Dunning,TEX,26,0,0,0,0,0,0,0,0,0,0,0,0,0,0,0,0,0,0,.000,2024
991,Shane Bieber,CLE,2,0,0,0,0,0,0,0,0,0,0,0,0,0,0,0,0,0,0,.000,2024
992,Yohan Ramirez,- - -,38,0,0,0,0,0,0,0,0,0,0,0,0,0,0,0,0,0,0,.000,2024
993,Patrick Sandoval,LAA,16,0,0,0,0,0,0,0,0,0,0,0,0,0,0,0,0,0,0,.000,2024
994,Shaun Anderson,- - -,6,0,0,0,0,0,0,0,0,0,0,0,0,0,0,0,0,0,0,.000,2024
995,Cooper Hummel,HOU,6,8,8,0,0,0,0,0,0,0,0,0,2,0,0,0,1,1,0,.000,2024
996,Jorge Alcala,MIN,54,0,0,0,0,0,0,0,0,0,0,0,0,0,0,0,0,0,0,.000,2024
997,Aaron Civale,- - -,31,0,0,0,0,0,0,0,0,0,0,0,0,0,0,0,0,0,0,.000,2024
998,Tyler Ferguson,OAK,48,0,0,0,0,0,0,0,0,0,0,0,0,0,0,0,0,0,0,.000,2024
999,Jason Foley,DET,69,0,0,0,0,0,0,0,0,0,0,0,0,0,0,0,0,0,0,.000,2024
1000,Geoff Hartlieb,COL,5,0,0,0,0,0,0,0,0,0,0,0,0,0,0,0,0,0,0,.000,2024
