#,Name,Team,W,L,ERA,G,GS,CG,ShO,SV,HLD,BS,IP,TBF,H,R,ER,HR,BB,IBB,HBP,WP,BK,SO,Year
1,Sean Doolittle,WSN,0,0,0.00,6,0,0,0,0,2,0,5.1,17,1,0,0,0,0,0,0,0,0,6,2022
2,Charlie Culberson,TEX,0,0,0.00,2,0,0,0,0,0,0,2.0,8,1,0,0,0,1,0,0,0,0,0,2022
3,Sandy Leon,CLE,0,0,0.00,1,0,0,0,0,0,0,2.0,6,0,0,0,0,0,0,0,0,0,0,2022
4,Marwin Gonzalez,NYY,0,0,0.00,1,0,0,0,0,0,0,0.1,1,0,0,0,0,0,0,0,0,0,0,2022
5,Jay Jackson,ATL,0,0,0.00,2,0,0,0,0,0,0,1.1,5,1,0,0,0,0,0,0,0,0,1,2022
6,Ehire Adrianza,WSN,0,0,0.00,1,0,0,0,0,0,0,1.0,4,0,0,0,0,1,0,0,0,0,1,2022
7,Darin Ruf,NYM,0,0,0.00,1,0,0,0,0,0,0,2.0,7,1,0,0,0,0,0,0,0,0,0,2022
8,Randal Grichuk,COL,0,0,0.00,1,0,0,0,0,0,0,1.0,3,0,0,0,0,0,0,0,0,0,0,2022
9,Corey Dickerson,STL,0,0,0.00,1,0,0,0,0,0,0,1.0,6,2,0,0,0,1,0,0,0,0,0,2022
10,Phil Gosselin,LAA,0,0,0.00,1,0,0,0,0,0,0,1.0,3,0,0,0,0,0,0,0,0,0,0,2022
11,Parker Markel,OAK,0,0,0.00,3,0,0,0,0,0,0,3.0,13,1,0,0,0,5,0,0,0,0,3,2022
12,Jace Peterson,MIL,0,0,0.00,1,0,0,0,0,0,0,1.0,3,0,0,0,0,0,0,0,0,0,0,2022
13,Alex Claudio,NYM,0,0,0.00,3,0,0,0,0,0,0,3.1,13,1,0,0,0,2,0,0,0,0,2,2022
14,Ken Giles,SEA,0,0,0.00,5,0,0,0,0,0,0,4.1,18,1,0,0,0,4,0,0,1,0,6,2022
15,Orlando Arcia,ATL,0,0,0.00,1,0,0,0,0,0,0,1.0,4,0,0,0,0,1,0,0,0,0,0,2022
16,Ildemaro Vargas,WSN,0,0,0.00,1,0,0,0,0,0,0,1.0,3,0,0,0,0,0,0,0,0,0,0,2022
17,Austin Adams,SDP,1,0,0.00,2,0,0,0,0,0,0,2.1,9,0,0,0,0,3,0,0,0,0,2,2022
18,Kevin Plawecki,BOS,0,0,0.00,1,0,0,0,0,0,0,1.0,4,1,0,0,0,0,0,0,0,0,0,2022
19,Franmil Reyes,CHC,0,0,0.00,1,0,0,0,0,0,0,1.0,3,0,0,0,0,0,0,1,0,0,1,2022
20,Jack Mayfield,LAA,0,0,0.00,1,0,0,0,0,0,0,1.0,4,1,0,0,0,0,0,0,0,0,0,2022
21,Willians Astudillo,MIA,0,0,0.00,2,0,0,0,0,0,0,2.0,7,0,0,0,0,2,0,0,0,0,0,2022
22,Reese McGuire,BOS,0,0,0.00,1,0,0,0,0,0,0,1.0,3,0,0,0,0,0,0,0,0,0,0,2022
23,Pablo Reyes,MIL,0,0,0.00,1,0,0,0,0,0,0,1.0,3,0,0,0,0,0,0,0,0,0,0,2022
24,Ryan Castellani,OAK,0,0,0.00,3,0,0,0,0,1,0,2.2,11,2,1,0,0,0,0,0,2,0,1,2022
25,Yonny Chirinos,TBR,1,0,0.00,2,1,0,0,0,0,0,7.0,30,7,0,0,0,1,0,1,1,0,6,2022
26,J.P. Feyereisen,TBR,4,0,0.00,22,2,0,0,1,7,1,24.1,86,7,1,0,0,5,0,0,0,0,25,2022
27,Vinny Nittoli,PHI,0,0,0.00,2,0,0,0,0,1,0,2.0,8,0,0,0,0,1,0,1,0,0,1,2022
28,Jermaine Palacios,MIN,0,0,0.00,2,0,0,0,0,0,0,0.2,3,1,0,0,0,0,0,0,0,0,1,2022
29,Conner Menez,CHC,0,0,0.00,1,0,0,0,0,0,0,1.0,5,1,0,0,0,0,0,1,0,0,1,2022
30,Kyle Dowdy,CIN,0,0,0.00,2,0,0,0,0,0,0,6.1,27,5,0,0,0,3,0,1,0,0,3,2022
31,Brian Serven,COL,0,0,0.00,1,0,0,0,0,0,0,1.0,3,0,0,0,0,1,0,0,0,0,0,2022
32,Jorge Alcala,MIN,0,0,0.00,2,0,0,0,0,0,0,2.1,10,2,0,0,0,2,0,0,0,0,2,2022
33,Andrew Knizner,STL,0,0,0.00,1,0,0,0,0,0,0,0.2,3,1,0,0,0,0,0,0,0,0,0,2022
34,Sheldon Neuse,OAK,0,0,0.00,3,0,0,0,0,0,0,3.2,12,1,0,0,0,0,0,0,0,0,0,2022
35,Jordan Sheffield,COL,0,0,0.00,2,0,0,0,0,0,0,2.0,8,2,0,0,0,2,0,0,0,0,1,2022
36,Mike Brosseau,MIL,0,0,0.00,3,0,0,0,0,0,0,3.0,13,2,0,0,0,1,0,0,0,0,0,2022
37,Darick Hall,PHI,0,0,0.00,1,0,0,0,0,0,0,0.1,2,1,0,0,0,0,0,0,0,0,0,2022
38,Michel Baez,SDP,0,0,0.00,2,0,0,0,0,0,0,2.0,7,1,0,0,0,0,0,0,1,0,2,2022
39,Riley O'Brien,SEA,0,0,0.00,1,0,0,0,0,0,0,1.0,5,1,0,0,0,1,0,0,0,0,1,2022
40,Bowden Francis,TOR,0,0,0.00,1,0,0,0,0,0,0,0.2,3,1,0,0,0,0,0,0,0,0,1,2022
41,Luis Castillo,DET,0,0,0.00,3,0,0,0,0,0,0,3.2,14,2,0,0,0,0,0,0,0,0,4,2022
42,Aneurys Zabala,MIA,0,0,0.00,2,0,0,0,0,0,0,2.2,11,3,0,0,0,1,0,0,0,0,2,2022
43,Nick Duron,PHI,0,0,0.00,1,0,0,0,0,0,0,1.0,4,2,0,0,0,0,0,0,0,0,1,2022
44,Yerry Rodriguez,TEX,0,0,0.00,1,0,0,0,0,1,0,1.0,4,1,0,0,0,0,0,0,1,0,1,2022
45,Angel Rondon,STL,1,0,0.00,1,0,0,0,0,0,0,5.0,20,1,0,0,0,3,0,0,0,0,4,2022
46,Kyle Tyler,SDP,1,0,0.00,2,0,0,0,0,0,0,4.0,14,2,0,0,0,1,0,0,0,0,2,2022
47,Max Kranick,PIT,0,0,0.00,2,0,0,0,0,1,0,5.0,19,3,0,0,0,3,0,0,1,0,4,2022
48,Easton McGee,TBR,0,0,0.00,1,0,0,0,0,0,0,3.0,14,4,1,0,0,0,0,0,0,0,1,2022
49,Freddy Tarnok,ATL,0,0,0.00,1,0,0,0,0,0,0,0.2,3,1,0,0,0,0,0,0,0,0,1,2022
50,William Woods,ATL,0,0,0.00,2,0,0,0,0,0,0,2.0,8,2,0,0,0,1,0,0,0,0,2,2022
51,Cam Alldred,PIT,0,0,0.00,1,0,0,0,0,0,0,1.0,4,1,0,0,0,0,0,0,0,0,1,2022
52,Nick Mears,PIT,0,0,0.00,2,0,0,0,0,1,0,2.0,8,1,0,0,0,1,0,0,0,0,2,2022
53,Nash Walters,LAA,0,0,0.00,1,0,0,0,0,0,0,0.1,3,1,0,0,0,1,0,0,0,0,0,2022
54,Nate Fisher,NYM,0,0,0.00,1,0,0,0,0,0,0,3.0,11,1,0,0,0,2,0,0,0,0,1,2022
55,Tyler Kinley,COL,1,1,0.75,25,0,0,0,0,10,0,24.0,100,21,5,2,0,6,0,1,2,0,27,2022
56,Ryan Weber,NYY,0,0,0.84,5,0,0,0,1,0,0,10.2,37,6,1,1,1,1,0,0,0,0,3,2022
57,Hunter Brown,HOU,2,0,0.89,7,2,0,0,0,1,0,20.1,80,15,2,2,0,7,0,0,0,0,22,2022
58,Yency Almonte,LAD,0,0,1.02,33,0,0,0,1,8,1,35.1,135,18,4,4,2,10,1,4,0,0,33,2022
59,Luis F. Ortiz,SFG,0,0,1.04,6,0,0,0,0,0,0,8.2,33,5,1,1,0,3,0,0,0,0,6,2022
60,Scott Alexander,SFG,0,0,1.04,17,4,0,0,2,5,0,17.1,63,12,2,2,1,1,0,0,0,0,10,2022
61,Jose Cisnero,DET,1,0,1.08,28,0,0,0,0,5,0,25.0,105,15,4,3,0,19,0,1,1,0,23,2022
62,Pete Fairbanks,TBR,0,0,1.13,24,0,0,0,8,6,0,24.0,87,13,3,3,1,3,0,0,0,0,38,2022
63,Evan Phillips,LAD,7,3,1.14,64,0,0,0,2,19,2,63.0,233,33,11,8,2,15,1,3,0,0,77,2022
64,Ryne Stanek,HOU,2,1,1.15,59,0,0,0,1,17,4,54.2,224,36,8,7,2,31,1,0,4,0,62,2022
65,Fernando Cruz,CIN,0,1,1.23,14,2,0,0,0,1,0,14.2,64,9,3,2,1,9,0,1,1,0,21,2022
66,Ryan Helsley,STL,9,1,1.25,54,0,0,0,19,7,4,64.2,239,28,11,9,6,20,1,0,1,0,94,2022
67,Edwin Diaz,NYM,3,1,1.31,61,0,0,0,32,4,3,62.0,235,34,9,9,3,18,1,2,2,0,118,2022
68,Tyler Glasnow,TBR,0,0,1.35,2,2,0,0,0,0,0,6.2,26,4,1,1,1,2,0,0,1,0,10,2022
69,Matthew Boyd,SEA,2,0,1.35,10,0,0,0,0,1,0,13.1,53,5,2,2,0,8,3,1,0,0,13,2022
70,Emmanuel Clase,CLE,3,4,1.36,77,0,0,0,42,0,4,72.2,271,43,18,11,3,10,2,1,4,0,77,2022
71,Matt Gage,TOR,0,1,1.38,11,0,0,0,0,0,1,13.0,50,6,4,2,1,6,1,1,0,0,12,2022
72,Cionel Perez,BAL,7,1,1.40,66,0,0,0,1,24,0,57.2,234,46,11,9,2,21,1,1,4,0,55,2022
73,Danny Coulombe,MIN,0,0,1.46,10,0,0,0,0,0,0,12.1,53,7,3,2,0,9,0,0,1,0,9,2022
74,Ryne Nelson,ARI,1,1,1.47,3,3,0,0,0,0,0,18.1,69,9,4,3,2,6,1,0,0,0,16,2022
75,Drey Jameson,ARI,3,0,1.48,4,4,0,0,0,0,0,24.1,98,20,4,4,2,7,0,1,1,0,24,2022
76,Anthony Bass,- - -,4,3,1.54,73,0,0,0,0,23,3,70.1,275,51,15,12,6,20,1,0,2,0,73,2022
77,Jason Adam,TBR,2,3,1.56,67,0,0,0,8,21,4,63.1,237,31,12,11,5,17,2,6,2,0,75,2022
78,Marcos Diplan,BAL,0,0,1.59,5,0,0,0,0,0,0,5.2,27,4,2,1,0,5,0,0,0,0,8,2022
79,Angel Zerpa,KCR,2,1,1.64,3,2,0,0,0,0,0,11.0,44,9,3,2,2,3,0,0,1,0,3,2022
80,Erik Swanson,SEA,3,2,1.68,57,1,0,0,3,14,2,53.2,206,39,11,10,3,10,1,1,1,0,70,2022
81,Mark Appel,PHI,0,0,1.74,6,0,0,0,0,0,0,10.1,40,9,2,2,0,3,0,0,0,0,5,2022
82,Justin Verlander,HOU,18,4,1.75,28,28,0,0,0,0,0,175.0,666,116,43,34,12,29,0,6,3,0,185,2022
83,Daniel Bard,COL,6,4,1.79,57,0,0,0,34,0,3,60.1,245,35,15,12,3,25,1,3,3,0,69,2022
84,Blake Treinen,LAD,1,1,1.80,5,0,0,0,0,1,0,5.0,17,1,1,1,1,1,0,0,0,0,6,2022
85,Luke Bard,- - -,1,1,1.80,9,0,0,0,0,0,0,15.0,59,7,3,3,0,7,0,2,0,1,8,2022
86,Caleb Ferguson,LAD,1,0,1.82,37,1,0,0,0,7,0,34.2,142,23,9,7,1,17,0,2,0,0,37,2022
87,Alexis Diaz,CIN,7,3,1.84,59,0,0,0,10,13,4,63.2,255,28,18,13,5,33,3,5,7,0,83,2022
88,Jhoan Duran,MIN,2,4,1.86,57,0,0,0,8,18,0,67.2,266,50,15,14,6,16,3,4,6,0,89,2022
89,Andre Jackson,LAD,0,0,1.86,4,0,0,0,1,1,0,9.2,42,9,3,2,0,4,0,0,0,0,9,2022
90,Devin Williams,MIL,6,4,1.93,65,0,0,0,15,26,2,60.2,240,31,17,13,2,30,1,3,5,0,96,2022
91,Bryan Abreu,HOU,4,0,1.94,55,0,0,0,2,8,0,60.1,248,45,16,13,2,26,0,4,7,0,88,2022
92,Matt Moore,TEX,5,2,1.95,63,0,0,0,5,14,1,74.0,304,49,20,16,3,38,2,1,8,0,83,2022
93,Brock Burke,TEX,7,5,1.97,52,0,0,0,0,9,5,82.1,328,63,25,18,9,24,1,2,2,1,90,2022
94,Ron Marinaccio,NYY,1,0,2.05,40,0,0,0,0,6,0,44.0,181,22,12,10,2,24,0,6,5,0,56,2022
95,Adam Ottavino,NYM,6,3,2.06,66,0,0,0,3,18,3,65.2,258,48,15,15,6,16,2,5,7,0,79,2022
96,A.J. Minter,ATL,5,4,2.06,75,0,0,0,5,34,4,70.0,271,49,21,16,5,15,0,3,3,0,94,2022
97,Drew Carlton,DET,0,0,2.08,5,0,0,0,0,0,0,8.2,32,4,4,2,1,0,0,0,1,0,7,2022
98,James Karinchak,CLE,2,0,2.08,38,0,0,0,3,8,1,39.0,160,22,9,9,2,21,0,1,4,0,62,2022
99,Zack Thompson,STL,1,1,2.08,22,1,0,0,1,0,0,34.2,136,20,9,8,3,14,0,0,1,0,27,2022
100,Seth Martinez,HOU,1,1,2.09,29,0,0,0,0,2,0,38.2,155,26,10,9,3,14,1,1,0,0,38,2022
101,Jordan Romano,TOR,5,4,2.11,63,0,0,0,36,2,6,64.0,258,44,18,15,4,21,4,4,0,0,73,2022
102,Angel De Jesus,DET,0,0,2.13,8,0,0,0,0,0,0,12.2,54,9,3,3,2,4,0,2,2,0,7,2022
103,Dylan Lee,ATL,5,1,2.13,46,0,0,0,0,9,3,50.2,201,40,16,12,5,10,1,0,0,0,59,2022
104,Tony Gonsolin,LAD,16,1,2.14,24,24,0,0,0,0,0,130.1,498,79,32,31,11,35,1,4,5,0,119,2022
105,Alex Vesia,LAD,5,0,2.15,63,0,0,0,1,16,2,54.1,227,37,14,13,2,24,1,2,2,0,79,2022
106,Julio Urias,LAD,17,7,2.16,31,31,0,0,0,0,0,175.0,689,127,51,42,23,41,0,5,0,1,166,2022
107,Jesus Tinoco,TEX,0,0,2.18,17,2,0,0,0,4,0,20.2,84,12,5,5,2,10,0,1,0,0,18,2022
108,Scott Barlow,KCR,7,4,2.18,69,0,0,0,24,6,4,74.1,290,52,23,18,9,22,1,3,5,0,77,2022
109,Hayden Wesneski,CHC,3,2,2.18,6,4,0,0,0,0,0,33.0,132,24,9,8,3,7,0,3,0,0,33,2022
110,Kyle Nelson,ARI,2,1,2.19,43,1,0,0,0,11,0,37.0,151,26,10,9,1,14,0,3,1,0,30,2022
111,Felix Bautista,BAL,4,4,2.19,65,0,0,0,15,13,2,65.2,253,38,18,16,7,23,1,1,2,0,88,2022
112,Dylan Cease,CHW,14,8,2.20,32,32,1,1,0,0,0,184.0,747,126,55,45,16,78,2,3,7,1,227,2022
113,Jovani Moran,MIN,0,1,2.21,31,0,0,0,1,2,0,40.2,164,25,11,10,0,18,0,0,2,0,54,2022
114,John Schreiber,BOS,4,4,2.22,64,0,0,0,8,22,2,65.0,257,45,19,16,3,19,0,4,4,0,74,2022
115,Daniel Hudson,LAD,2,3,2.22,25,0,0,0,5,9,1,24.1,97,17,7,6,1,5,0,2,4,0,30,2022
116,Jake Woodford,STL,4,0,2.23,27,1,0,0,0,0,0,48.1,188,43,13,12,1,11,1,1,3,0,24,2022
117,Alek Manoah,TOR,16,7,2.24,31,31,0,0,0,0,0,196.2,786,144,55,49,16,51,0,15,5,0,180,2022
118,Christian Bethancourt,- - -,0,0,2.25,4,0,0,0,0,0,0,4.0,19,6,1,1,1,1,0,0,0,0,1,2022
119,Michael Kelly,PHI,0,0,2.25,4,0,0,0,0,0,0,4.0,16,3,1,1,1,1,0,1,0,0,4,2022
120,Matt Wisler,TBR,3,3,2.25,39,5,0,0,1,5,3,44.0,176,30,18,11,6,14,1,0,1,1,35,2022
121,Nick Sandlin,CLE,5,2,2.25,46,0,0,0,0,7,3,44.0,180,27,13,11,2,24,3,3,1,0,41,2022
122,Lance McCullers Jr.,HOU,4,2,2.27,8,8,0,0,0,0,0,47.2,195,37,12,12,4,22,0,0,1,0,50,2022
123,Robert Suarez,SDP,5,1,2.27,45,0,0,0,1,11,3,47.2,191,29,13,12,4,21,0,4,2,1,61,2022
124,Clayton Kershaw,LAD,12,3,2.28,22,22,0,0,0,0,0,126.1,493,96,36,32,10,23,0,2,0,1,137,2022
125,Cody Morris,CLE,1,2,2.28,7,5,0,0,0,1,0,23.2,100,21,8,6,3,12,0,0,1,0,23,2022
126,Sandy Alcantara,MIA,14,9,2.28,32,32,6,1,0,0,0,228.2,886,174,67,58,16,50,1,9,3,0,207,2022
127,Max Scherzer,NYM,11,5,2.29,23,23,0,0,0,0,0,145.1,565,108,39,37,13,24,0,11,1,0,173,2022
128,Michael King,NYY,6,3,2.29,34,0,0,0,1,16,2,51.0,199,35,15,13,3,16,2,0,2,0,66,2022
129,Ronny Henriquez,MIN,0,1,2.31,3,0,0,0,0,0,0,11.2,50,8,4,3,1,3,0,2,0,0,9,2022
130,Sam Hentges,CLE,3,2,2.32,57,0,0,0,1,8,0,62.0,245,41,17,16,3,19,1,3,3,0,72,2022
131,Gabe Speier,KCR,0,1,2.33,17,1,0,0,0,2,1,19.1,77,16,5,5,2,5,0,0,1,0,14,2022
132,Shohei Ohtani,LAA,15,9,2.33,28,28,0,0,0,0,0,166.0,660,124,45,43,14,44,0,2,14,0,219,2022
133,Denyi Reyes,BAL,0,0,2.35,3,1,0,0,0,0,0,7.2,31,8,2,2,0,1,0,0,0,0,3,2022
134,Alex Young,- - -,1,1,2.36,25,1,0,0,0,5,1,26.2,116,29,11,7,0,11,0,1,3,0,21,2022
135,Aaron Bummer,CHW,2,1,2.36,32,0,0,0,2,10,4,26.2,117,30,11,7,2,10,0,2,0,0,30,2022
136,Rafael Montero,HOU,5,2,2.37,71,0,0,0,14,23,2,68.1,270,47,22,18,3,23,2,2,1,0,73,2022
137,David Robertson,- - -,4,3,2.40,58,0,0,0,20,3,8,63.2,264,39,18,17,6,35,1,3,4,0,81,2022
138,Junior Fernandez,- - -,0,0,2.41,16,0,0,0,0,3,1,18.2,84,18,6,5,3,12,0,1,2,0,14,2022
139,Tommy Hunter,NYM,0,1,2.42,18,0,0,0,0,1,0,22.1,94,21,8,6,4,6,0,0,1,0,22,2022
140,JT Chargois,TBR,2,0,2.42,21,3,0,0,0,3,0,22.1,86,16,7,6,3,5,0,2,0,0,17,2022
141,Nestor Cortes,NYY,12,4,2.44,28,28,1,1,0,0,0,158.1,615,108,44,43,16,38,0,2,1,0,163,2022
142,Stephen Nogosek,NYM,1,1,2.45,12,0,0,0,0,0,0,22.0,95,20,10,6,4,7,0,1,1,0,21,2022
143,David Price,LAD,2,0,2.45,40,0,0,0,2,4,2,40.1,167,38,11,11,6,9,2,0,0,0,37,2022
144,Miguel Diaz,DET,0,0,2.45,3,0,0,0,0,0,0,3.2,14,1,1,1,0,2,0,0,1,0,3,2022
145,Justin Wilson,CIN,0,1,2.45,5,0,0,0,0,0,0,3.2,13,3,1,1,0,0,0,0,0,0,7,2022
146,Jeffrey Springs,TBR,9,5,2.46,33,25,0,0,0,0,0,135.1,549,114,42,37,14,31,0,1,1,1,144,2022
147,Raisel Iglesias,- - -,2,6,2.47,67,0,0,0,17,15,4,62.0,246,46,20,17,5,14,1,3,3,0,78,2022
148,Max Fried,ATL,14,7,2.48,30,30,0,0,0,0,0,185.1,733,156,55,51,12,32,2,4,9,0,170,2022
149,Jimmy Herget,LAA,2,1,2.48,49,1,0,0,9,6,3,69.0,266,48,20,19,4,15,3,3,0,0,63,2022
150,Andres Munoz,SEA,2,5,2.49,64,0,0,0,4,22,4,65.0,248,43,20,18,5,15,3,4,4,0,96,2022
151,Hunter Harvey,WSN,2,1,2.52,38,0,0,0,0,6,1,39.1,157,33,12,11,1,12,0,0,2,0,45,2022
152,Camilo Doval,SFG,6,6,2.53,68,0,0,0,27,1,3,67.2,286,54,27,19,4,30,2,3,4,0,80,2022
153,Jorge Lopez,- - -,4,7,2.54,67,0,0,0,23,1,6,71.0,298,53,26,20,4,31,5,7,5,2,72,2022
154,Scott Effross,- - -,1,4,2.54,60,1,0,0,4,16,2,56.2,229,45,23,16,3,15,3,1,0,1,62,2022
155,Cristian Javier,HOU,11,9,2.54,30,25,0,0,0,0,0,148.2,585,89,44,42,17,52,0,6,5,1,194,2022
156,Shane McClanahan,TBR,12,8,2.54,28,28,0,0,0,0,0,166.1,641,116,52,47,19,38,1,3,9,0,194,2022
157,Zac Gallen,ARI,12,4,2.54,31,31,0,0,0,0,0,184.0,714,121,56,52,15,47,0,12,5,0,192,2022
158,Clay Holmes,NYY,7,4,2.54,62,0,0,0,20,7,5,63.2,260,45,21,18,2,20,2,9,1,0,65,2022
159,Tyler Anderson,LAD,15,5,2.57,30,28,0,0,0,0,0,178.2,707,145,57,51,14,34,0,9,6,0,138,2022
160,Wily Peralta,DET,2,0,2.58,28,1,0,0,0,2,0,38.1,168,34,12,11,2,24,0,1,1,0,32,2022
161,Collin McHugh,ATL,3,2,2.60,58,0,0,0,0,17,5,69.1,272,51,20,20,5,14,1,5,3,0,75,2022
162,Jaime Barria,LAA,3,3,2.61,35,1,0,0,0,5,3,79.1,316,63,29,23,11,19,0,3,3,0,54,2022
163,David Bednar,PIT,3,4,2.61,45,0,0,0,19,4,4,51.2,210,42,19,15,4,16,2,1,2,1,69,2022
164,Chase De Jong,PIT,6,3,2.64,42,0,0,0,1,3,3,71.2,293,52,24,21,10,30,1,5,4,0,59,2022
165,Spencer Strider,ATL,11,5,2.67,31,20,0,0,0,2,1,131.2,528,86,42,39,7,45,1,3,6,0,202,2022
166,Lucas Luetge,NYY,4,4,2.67,50,0,0,0,2,6,1,57.1,251,63,19,17,4,17,1,4,1,0,60,2022
167,Paul Sewald,SEA,5,4,2.67,65,0,0,0,20,8,5,64.0,242,32,21,19,10,17,4,4,1,0,72,2022
168,Brooks Raley,TBR,1,2,2.68,60,0,0,0,6,22,3,53.2,219,37,19,16,3,15,0,6,3,0,61,2022
169,Trevor Stephan,CLE,6,5,2.69,66,0,0,0,3,19,2,63.2,267,57,24,19,3,18,2,4,3,0,82,2022
170,Michael Feliz,BOS,0,0,2.70,1,0,0,0,0,0,0,3.1,13,1,2,1,1,2,0,0,0,0,4,2022
171,Cooper Criswell,TBR,0,0,2.70,1,1,0,0,0,0,0,3.1,13,2,1,1,0,1,0,0,0,0,4,2022
172,Jake Cousins,MIL,2,1,2.70,12,0,0,0,0,1,1,13.1,59,10,4,4,1,8,1,2,4,0,21,2022
173,Tyler Cyr,- - -,1,0,2.70,12,0,0,0,0,1,0,13.1,55,11,4,4,2,5,0,1,0,0,16,2022
174,Wandy Peralta,NYY,3,4,2.72,56,0,0,0,4,9,5,56.1,223,42,19,17,2,17,1,1,2,1,47,2022
175,Connor Overton,CIN,1,0,2.73,6,4,0,0,0,0,0,33.0,124,21,10,10,1,11,0,0,0,0,14,2022
176,Eduard Bazardo,BOS,1,0,2.76,12,0,0,0,0,0,0,16.1,65,12,5,5,4,4,0,2,1,0,11,2022
177,Reynaldo Lopez,CHW,6,4,2.76,61,1,0,0,0,9,5,65.1,254,51,24,20,1,11,1,1,4,0,63,2022
178,Carl Edwards Jr.,WSN,6,3,2.76,57,0,0,0,2,13,3,62.0,256,51,22,19,8,25,0,1,2,0,56,2022
179,Zach Pop,- - -,4,0,2.77,35,0,0,0,0,3,0,39.0,157,41,13,12,2,4,0,2,1,0,25,2022
180,Dylan Coleman,KCR,5,2,2.78,68,0,0,0,0,16,3,68.0,289,47,26,21,5,37,1,6,7,0,71,2022
181,Brad Hand,PHI,3,2,2.80,55,0,0,0,5,13,2,45.0,198,37,18,14,2,23,1,6,1,0,38,2022
182,Adam Cimber,TOR,10,6,2.80,77,0,0,0,4,19,4,70.2,293,66,28,22,6,13,1,8,1,0,58,2022
183,Jalen Beeks,TBR,2,3,2.80,42,7,0,0,2,4,4,61.0,250,49,22,19,7,22,0,2,3,0,70,2022
184,Liam Hendriks,CHW,4,4,2.81,58,0,0,0,37,0,4,57.2,235,44,22,18,7,16,1,2,8,0,85,2022
185,Framber Valdez,HOU,17,6,2.82,31,31,3,1,0,0,0,201.1,827,166,71,63,11,67,0,11,11,1,194,2022
186,Zack Wheeler,PHI,12,7,2.82,26,26,0,0,0,0,0,153.0,607,125,52,48,13,34,1,7,1,1,163,2022
187,Andrew Chafin,DET,2,3,2.83,64,0,0,0,3,19,1,57.1,243,48,26,18,5,19,0,3,4,0,67,2022
188,David Phelps,TOR,0,2,2.83,65,1,0,0,1,9,1,63.2,272,52,22,20,2,31,0,4,3,0,64,2022
189,Peter Strzelecki,MIL,2,1,2.83,30,0,0,0,1,4,2,35.0,148,28,13,11,2,15,2,1,0,0,40,2022
190,Jose Leclerc,TEX,0,3,2.83,39,0,0,0,7,4,2,47.2,198,33,17,15,5,21,0,3,2,0,54,2022
191,Drew Rasmussen,TBR,11,7,2.84,28,28,0,0,0,0,0,146.0,584,121,51,46,13,31,0,3,10,0,125,2022
192,Tommy Kahnle,LAD,0,0,2.84,13,0,0,0,1,1,0,12.2,46,5,4,4,2,3,0,3,1,0,14,2022
193,Joe Mantiply,ARI,2,5,2.85,69,0,0,0,2,22,6,60.0,243,59,22,19,6,6,0,3,3,1,61,2022
194,Shane Bieber,CLE,13,8,2.88,31,31,1,0,0,0,0,200.0,791,172,70,64,18,36,0,2,5,1,198,2022
195,Carlos Rodon,SFG,14,8,2.88,31,31,1,0,0,0,0,178.0,710,131,59,57,12,52,0,3,10,0,237,2022
196,Martin Perez,TEX,12,8,2.89,32,32,1,1,0,0,0,196.1,821,178,70,63,11,69,0,6,6,2,169,2022
197,Logan Webb,SFG,15,9,2.90,32,32,0,0,0,0,0,192.1,787,174,76,62,11,49,0,7,6,0,163,2022
198,Patrick Sandoval,LAA,6,9,2.91,27,27,1,1,0,0,0,148.2,638,139,56,48,8,60,0,5,6,0,151,2022
199,Sam Moll,OAK,2,1,2.91,53,0,0,0,0,16,2,43.1,187,33,16,14,5,22,6,3,2,0,46,2022
200,Erasmo Ramirez,WSN,4,2,2.92,60,2,0,0,0,5,0,86.1,347,79,31,28,11,14,1,6,1,0,61,2022
201,Mason Thompson,WSN,1,1,2.92,24,0,0,0,1,0,1,24.2,101,19,8,8,2,9,0,1,1,0,15,2022
202,Jose Quintana,- - -,6,7,2.93,32,32,0,0,0,0,0,165.2,679,154,61,54,8,47,1,3,1,0,137,2022
203,Joe Musgrove,SDP,10,7,2.93,30,30,0,0,0,0,0,181.0,740,154,67,59,22,42,1,14,4,0,184,2022
204,Jhonathan Diaz,LAA,1,1,2.93,4,3,0,0,0,0,0,15.1,66,13,5,5,1,10,0,0,0,0,11,2022
205,Corbin Burnes,MIL,12,8,2.94,33,33,0,0,0,0,0,202.0,797,144,73,66,23,51,0,13,10,0,243,2022
206,Nabil Crismatt,SDP,5,2,2.94,50,1,0,0,0,5,4,67.1,280,57,29,22,5,22,1,2,0,2,65,2022
207,Brad Boxberger,MIL,4,3,2.95,70,0,0,0,1,29,7,64.0,268,52,23,21,6,27,1,2,0,0,68,2022
208,Triston McKenzie,CLE,11,11,2.96,31,30,0,0,0,0,0,191.1,741,138,65,63,25,44,0,5,8,0,190,2022
209,Jonathan Hernandez,TEX,2,3,2.97,29,0,0,0,4,3,2,30.1,131,26,14,10,2,17,3,1,5,1,27,2022
210,Ryan Pressly,HOU,3,3,2.98,50,0,0,0,33,0,4,48.1,182,30,17,16,4,13,0,0,0,0,65,2022
211,Steven Okert,MIA,5,5,2.98,60,0,0,0,0,19,4,51.1,221,34,19,17,7,26,2,7,1,0,63,2022
212,Penn Murfee,SEA,4,0,2.99,64,1,0,0,0,7,0,69.1,272,48,23,23,7,18,1,2,2,0,76,2022
213,Luis Castillo,- - -,8,6,2.99,25,25,0,0,0,0,0,150.1,615,118,56,50,13,45,0,8,0,1,167,2022
214,Enoli Paredes,HOU,0,0,3.00,3,0,0,0,0,0,0,3.0,14,3,1,1,0,3,0,0,0,0,2,2022
215,Kyle Barraclough,LAA,0,1,3.00,8,0,0,0,0,2,0,9.0,37,7,3,3,0,4,0,0,2,0,9,2022
216,Chad Green,NYY,1,1,3.00,14,0,0,0,1,3,3,15.0,62,13,6,5,1,5,0,0,0,0,16,2022
217,Seranthony Dominguez,PHI,6,5,3.00,54,0,0,0,9,15,2,51.0,207,36,18,17,4,22,1,1,3,0,61,2022
218,Tyler Holton,ARI,0,0,3.00,10,0,0,0,0,0,0,9.0,39,8,3,3,1,2,0,1,1,0,6,2022
219,Zach Jackson,OAK,2,3,3.00,54,0,0,0,3,26,3,48.0,202,28,18,16,1,33,3,2,9,0,67,2022
220,Steven Brault,CHC,0,0,3.00,9,0,0,0,0,1,1,9.0,39,8,4,3,0,5,0,1,1,0,8,2022
221,Edward Cabrera,MIA,6,4,3.01,14,14,0,0,0,0,0,71.2,291,44,24,24,10,33,0,9,2,0,75,2022
222,Ross Stripling,TOR,10,4,3.01,32,24,0,0,1,0,0,134.1,536,117,49,45,12,20,0,2,0,0,111,2022
223,Dylan Floro,MIA,1,3,3.02,56,0,0,0,10,5,4,53.2,220,48,23,18,4,15,3,0,1,0,48,2022
224,Joey Wentz,DET,2,2,3.03,7,7,0,0,0,0,0,32.2,135,23,13,11,2,13,0,1,2,0,27,2022
225,Enyel De Los Santos,CLE,5,0,3.04,50,0,0,0,1,3,1,53.1,215,40,18,18,3,17,1,2,3,1,61,2022
226,Giovanny Gallegos,STL,3,6,3.05,57,0,0,0,14,12,6,59.0,235,42,23,20,6,18,1,0,2,1,73,2022
227,Brandon Woodruff,MIL,13,4,3.05,27,27,0,0,0,0,0,153.1,620,122,56,52,18,42,0,5,2,0,190,2022
228,Chris Martin,- - -,4,1,3.05,60,0,0,0,2,9,2,56.0,225,50,20,19,6,5,1,1,7,1,74,2022
229,Dillon Tate,BAL,4,4,3.05,67,0,0,0,5,16,1,73.2,292,57,29,25,6,16,2,7,3,0,60,2022
230,Tanner Banks,CHW,2,0,3.06,35,0,0,0,0,1,0,53.0,217,42,25,18,5,18,0,1,2,0,49,2022
231,Steven Wilson,SDP,4,2,3.06,50,1,0,0,1,5,2,53.0,214,36,20,18,7,20,0,3,4,0,53,2022
232,Phoenix Sanders,TBR,0,0,3.07,8,0,0,0,0,0,0,14.2,57,12,5,5,0,3,0,0,0,0,12,2022
233,Jacob deGrom,NYM,5,4,3.08,11,11,0,0,0,0,0,64.1,239,40,22,22,9,8,0,0,0,0,102,2022
234,Sonny Gray,MIN,8,5,3.08,24,24,0,0,0,0,0,119.2,488,99,44,41,11,36,0,6,3,0,117,2022
235,Huascar Brazoban,MIA,1,1,3.09,27,0,0,0,0,4,1,32.0,141,26,13,11,3,21,1,2,7,0,40,2022
236,Andrew Heaney,LAD,4,4,3.10,16,14,0,0,0,0,0,72.2,310,60,34,25,14,19,0,9,0,0,110,2022
237,Yu Darvish,SDP,16,8,3.10,30,30,0,0,0,0,0,194.2,771,148,67,67,22,37,0,12,4,1,197,2022
238,Yimi Garcia,TOR,4,5,3.10,61,0,0,0,1,22,4,61.0,247,48,26,21,6,16,3,4,1,1,58,2022
239,Adrian Sampson,CHC,4,5,3.11,21,19,0,0,0,0,0,104.1,428,101,40,36,10,27,0,2,0,1,73,2022
240,Javier Assad,CHC,2,2,3.11,9,8,0,0,0,0,0,37.2,166,35,14,13,4,20,0,0,1,0,30,2022
241,Logan Gillaspie,BAL,1,0,3.12,17,0,0,0,0,0,1,17.1,74,20,8,6,1,3,0,2,1,0,10,2022
242,A.J. Puk,OAK,4,3,3.12,62,0,0,0,4,20,5,66.1,281,53,27,23,7,23,3,10,6,1,76,2022
243,Clarke Schmidt,NYY,5,5,3.12,29,3,0,0,2,4,1,57.2,236,46,23,20,5,23,3,2,0,0,56,2022
244,Brandon Hughes,CHC,2,3,3.12,57,0,0,0,8,8,4,57.2,239,42,22,20,11,21,3,6,3,0,68,2022
245,Tim Mayza,TOR,8,1,3.14,63,0,0,0,2,16,4,48.2,193,42,19,17,7,12,2,1,2,1,44,2022
246,Andrew Kittredge,TBR,3,1,3.15,17,0,0,0,5,0,3,20.0,75,15,7,7,4,2,0,0,0,0,14,2022
247,Tanner Houck,BOS,5,4,3.15,32,4,0,0,8,1,1,60.0,247,49,22,21,3,22,3,6,3,0,56,2022
248,Wade Miley,CHC,2,2,3.16,9,8,0,0,0,0,0,37.0,159,31,20,13,3,14,0,2,1,0,28,2022
249,Bryce Elder,ATL,2,4,3.17,10,9,1,1,0,0,0,54.0,227,44,19,19,4,23,1,3,0,0,47,2022
250,Andre Pallante,STL,6,5,3.17,47,10,0,0,0,9,1,108.0,457,113,39,38,9,40,2,1,4,0,73,2022
251,Luis Severino,NYY,7,3,3.18,19,19,0,0,0,0,0,102.0,405,72,37,36,14,30,0,4,1,0,112,2022
252,Justin Steele,CHC,4,7,3.18,24,24,0,0,0,0,0,119.0,512,111,53,42,8,50,0,3,4,1,126,2022
253,Chris Sale,BOS,0,1,3.18,2,2,0,0,0,0,0,5.2,25,5,3,2,0,1,0,1,0,0,5,2022
254,Jeremiah Estrada,CHC,0,0,3.18,5,0,0,0,0,0,0,5.2,25,6,2,2,1,3,0,0,1,0,8,2022
255,Cole Waites,SFG,0,0,3.18,7,0,0,0,0,0,0,5.2,25,6,2,2,1,4,0,0,0,0,4,2022
256,John Brebbia,SFG,6,2,3.18,76,11,0,0,0,18,4,68.0,288,71,27,24,5,18,2,1,0,0,54,2022
257,Jose Alvarado,PHI,4,2,3.18,59,0,0,0,2,22,2,51.0,214,38,21,18,2,24,4,1,5,0,81,2022
258,Kendall Graveman,CHW,3,4,3.18,65,0,0,0,6,27,6,65.0,285,65,29,23,5,26,2,3,3,0,66,2022
259,Kyle Wright,ATL,21,5,3.19,30,30,0,0,0,0,0,180.1,738,156,67,64,19,53,0,9,7,0,174,2022
260,Keegan Akin,BAL,3,3,3.20,45,1,0,0,2,3,0,81.2,329,69,35,29,10,20,0,1,1,0,77,2022
261,Logan Gilbert,SEA,13,6,3.20,32,32,0,0,0,0,0,185.2,766,170,71,66,19,49,2,6,5,0,174,2022
262,Trevor Williams,NYM,3,5,3.21,30,9,0,0,1,1,1,89.2,372,87,34,32,12,23,1,4,1,0,84,2022
263,Bailey Ober,MIN,2,3,3.21,11,11,0,0,0,0,0,56.0,227,48,22,20,4,11,0,2,0,1,51,2022
264,Johan Oviedo,- - -,4,3,3.21,21,8,0,0,0,0,0,56.0,242,49,21,20,5,23,0,3,2,1,54,2022
265,Andrew Wantz,LAA,2,1,3.22,42,1,0,0,0,7,1,50.1,204,37,19,18,8,21,0,2,2,1,52,2022
266,Brady Singer,KCR,10,5,3.23,27,24,0,0,0,0,0,153.1,621,140,58,55,18,35,0,11,3,1,150,2022
267,Dean Kremer,BAL,8,7,3.23,22,21,1,1,0,0,0,125.1,512,123,48,45,11,34,0,5,5,0,87,2022
268,Joel Payamps,- - -,3,6,3.23,41,0,0,0,0,3,2,55.2,241,60,24,20,7,16,2,2,3,0,41,2022
269,Aaron Nola,PHI,11,13,3.25,32,32,2,1,0,0,0,205.0,807,168,75,74,19,29,1,9,2,0,235,2022
270,Jimmy Lambert,CHW,1,2,3.26,42,2,0,0,0,10,1,47.0,204,40,18,17,4,24,0,1,5,0,45,2022
271,Albert Abreu,- - -,2,2,3.26,33,0,0,0,0,1,1,38.2,172,35,15,14,5,22,0,3,6,0,38,2022
272,Anthony Bender,MIA,1,3,3.26,22,0,0,0,6,3,2,19.1,78,17,7,7,3,8,0,1,1,0,17,2022
273,Brusdar Graterol,LAD,2,4,3.26,46,1,0,0,4,10,1,49.2,197,39,20,18,3,10,1,3,0,0,43,2022
274,Connor Brogdon,PHI,2,2,3.27,47,0,0,0,2,6,2,44.0,188,44,16,16,6,11,0,1,3,0,50,2022
275,Gregory Soto,DET,2,11,3.28,64,0,0,0,30,2,3,60.1,263,49,32,22,2,34,1,7,3,0,60,2022
276,Miles Mikolas,STL,12,13,3.29,33,32,1,0,0,0,0,202.1,805,170,81,74,25,39,0,6,1,1,153,2022
277,Manuel Rodriguez,CHC,2,0,3.29,14,0,0,0,4,2,2,13.2,57,10,6,5,1,9,0,0,2,0,8,2022
278,Tanner Rainey,WSN,1,3,3.30,29,0,0,0,12,1,4,30.0,128,26,16,11,5,13,0,0,1,0,36,2022
279,Andrew Bellatti,PHI,4,4,3.31,59,1,0,0,2,9,1,54.1,230,47,25,20,5,25,1,1,1,0,78,2022
280,Tyler Thornburg,- - -,0,1,3.32,14,0,0,0,0,0,1,19.0,87,16,10,7,1,11,0,1,0,0,14,2022
281,Jesus Luzardo,MIA,4,7,3.32,18,18,0,0,0,0,0,100.1,400,69,40,37,10,35,0,2,5,0,120,2022
282,Michael Wacha,BOS,11,2,3.32,23,23,1,1,0,0,0,127.1,515,111,49,47,18,31,0,4,4,0,104,2022
283,Domingo Acevedo,OAK,4,4,3.33,70,0,0,0,4,20,4,67.2,266,50,26,25,9,17,4,3,1,1,58,2022
284,Drew Smith,NYM,3,3,3.33,44,0,0,0,0,14,2,46.0,187,38,17,17,9,15,0,0,0,0,53,2022
285,Andres Machado,WSN,2,0,3.34,51,0,0,0,0,3,0,59.1,261,55,32,22,7,26,0,2,3,0,46,2022
286,Ralph Garza,TBR,2,2,3.34,19,0,0,0,0,0,2,35.0,153,38,14,13,4,16,2,2,2,0,17,2022
287,Kevin Gausman,TOR,12,10,3.35,31,31,0,0,0,0,0,174.2,725,188,72,65,15,28,0,1,2,2,205,2022
288,Johnny Cueto,CHW,8,10,3.35,25,24,1,0,0,0,0,158.1,651,161,66,59,15,33,2,6,2,1,102,2022
289,Griffin Jax,MIN,7,4,3.36,65,0,0,0,1,18,6,72.1,290,56,29,27,7,20,3,3,2,0,78,2022
290,Merrill Kelly,ARI,13,8,3.37,33,33,0,0,0,0,0,200.1,804,167,77,75,21,61,2,2,4,1,177,2022
291,John Means,BAL,0,0,3.38,2,2,0,0,0,0,0,8.0,34,8,3,3,0,2,0,0,0,0,7,2022
292,Adbert Alzolay,CHC,2,1,3.38,6,0,0,0,0,1,0,13.1,52,9,5,5,1,2,0,1,0,0,19,2022
293,Blake Snell,SDP,8,10,3.38,24,24,0,0,0,0,0,128.0,535,103,51,48,11,51,0,2,6,0,171,2022
294,Kenley Jansen,ATL,5,2,3.38,65,0,0,0,41,0,7,64.0,260,45,25,24,8,22,3,2,1,1,85,2022
295,Jeff Brigham,MIA,0,1,3.38,16,0,0,0,1,2,0,24.0,101,22,10,9,3,10,0,0,1,0,28,2022
296,Eli Morgan,CLE,5,3,3.38,50,1,0,0,0,10,4,66.2,256,46,29,25,10,13,0,2,0,0,72,2022
297,Mychal Givens,- - -,7,3,3.38,59,1,0,0,2,7,4,61.1,260,56,27,23,8,25,4,5,2,0,71,2022
298,Zack Weiss,LAA,0,1,3.38,12,0,0,0,0,1,0,13.1,56,7,6,5,2,7,2,1,2,0,18,2022
299,Kevin Ginkel,ARI,1,1,3.38,30,0,0,0,1,4,2,29.1,124,27,14,11,1,11,0,1,1,0,30,2022
300,Jordan Holloway,MIA,0,0,3.38,1,0,0,0,0,0,0,2.2,11,3,1,1,0,1,0,0,0,0,2,2022
301,Cal Quantrill,CLE,15,5,3.38,32,32,0,0,0,0,0,186.1,770,178,78,70,21,47,0,10,3,0,128,2022
302,George Kirby,SEA,8,5,3.39,25,25,0,0,0,0,0,130.0,542,135,54,49,13,22,0,5,4,0,133,2022
303,Michael Fulmer,- - -,5,6,3.39,67,0,0,0,3,25,4,63.2,276,59,27,24,4,28,6,5,3,0,61,2022
304,Luis Garcia,SDP,4,6,3.39,64,0,0,0,3,19,1,61.0,259,57,28,23,3,17,0,5,7,0,68,2022
305,Dany Jimenez,OAK,3,4,3.41,34,0,0,0,11,4,3,34.1,145,23,16,13,2,18,4,0,2,0,34,2022
306,Alex Lange,DET,7,4,3.41,71,0,0,0,0,21,4,63.1,271,47,30,24,5,31,1,5,15,0,82,2022
307,Chris Bassitt,NYM,15,9,3.42,30,30,0,0,0,0,0,181.2,745,159,71,69,19,49,0,13,5,1,167,2022
308,Corey Knebel,PHI,3,5,3.43,46,0,0,0,12,2,4,44.2,194,33,22,17,4,28,3,2,2,0,41,2022
309,Matt Manning,DET,2,3,3.43,12,12,0,0,0,0,0,63.0,263,55,27,24,6,19,0,1,2,0,48,2022
310,Garrett Whitlock,BOS,4,2,3.45,31,9,0,0,6,4,2,78.1,311,65,32,30,10,15,0,1,2,0,82,2022
311,Ryan Pepiot,LAD,3,0,3.47,9,7,0,0,0,0,0,36.1,160,26,15,14,6,27,0,3,1,0,42,2022
312,Matt Bush,- - -,2,3,3.47,65,6,0,0,3,18,7,59.2,244,43,31,23,11,18,2,3,4,0,74,2022
313,Drew Smyly,CHC,7,8,3.47,22,22,0,0,0,0,0,106.1,447,101,46,41,16,26,0,5,3,0,91,2022
314,Nick Martinez,SDP,4,4,3.47,47,10,0,0,8,8,1,106.1,448,96,44,41,15,41,0,4,4,0,95,2022
315,Carlos Estevez,COL,4,4,3.47,62,0,0,0,2,13,4,57.0,235,44,27,22,7,23,1,1,6,0,54,2022
316,Jordan Montgomery,- - -,9,6,3.48,32,32,1,1,0,0,0,178.1,724,159,72,69,21,36,0,8,4,0,158,2022
317,Bryan Baker,BAL,4,3,3.49,66,2,0,0,1,9,2,69.2,291,60,29,27,3,26,1,3,2,0,76,2022
318,Caleb Thielbar,MIN,4,3,3.49,67,0,0,0,1,18,1,59.1,245,51,26,23,5,18,1,0,1,2,80,2022
319,Taijuan Walker,NYM,12,5,3.49,29,29,0,0,0,0,0,157.1,649,143,63,61,15,45,1,6,0,0,132,2022
320,Joe Jimenez,DET,3,2,3.49,62,0,0,0,2,11,2,56.2,231,49,24,22,4,13,0,0,0,0,77,2022
321,Gerrit Cole,NYY,13,8,3.50,33,33,0,0,0,0,0,200.2,793,154,81,78,33,50,0,2,2,2,257,2022
322,Tyler Matzek,ATL,4,2,3.50,42,0,0,0,1,8,0,43.2,184,26,21,17,3,29,2,2,7,0,36,2022
323,Marcus Stroman,CHC,6,7,3.50,25,25,0,0,0,0,0,138.2,569,123,61,54,16,36,0,4,2,2,119,2022
324,Kyle Finnegan,WSN,6,4,3.51,66,0,0,0,11,14,4,66.2,268,54,28,26,9,22,2,0,0,1,70,2022
325,Tarik Skubal,DET,7,8,3.52,21,21,0,0,0,0,0,117.2,477,104,53,46,9,32,0,1,1,0,117,2022
326,Dereck Rodriguez,MIN,0,1,3.52,2,0,0,0,0,0,0,7.2,34,7,5,3,3,4,1,0,0,0,4,2022
327,Roenis Elias,SEA,0,0,3.52,7,0,0,0,0,0,0,7.2,33,7,3,3,1,3,0,0,0,0,6,2022
328,Bryan Garcia,DET,2,0,3.54,4,4,0,0,0,0,0,20.1,84,14,8,8,3,10,0,3,1,0,17,2022
329,Michael Kopech,CHW,5,9,3.54,25,25,0,0,0,0,0,119.1,494,85,53,47,15,57,0,3,2,2,105,2022
330,Joe Ryan,MIN,13,8,3.55,27,27,0,0,0,0,0,147.0,604,115,60,58,20,47,0,10,2,0,151,2022
331,Richard Bleier,MIA,2,2,3.55,55,1,0,0,1,7,2,50.2,222,63,22,20,3,10,3,1,3,3,32,2022
332,Jharel Cotton,- - -,4,2,3.56,30,0,0,0,0,2,2,43.0,181,34,20,17,7,20,0,2,3,0,39,2022
333,Tim Hill,SDP,3,0,3.56,55,0,0,0,0,7,0,48.0,199,45,20,19,1,14,1,4,1,0,25,2022
334,Tyler Rogers,SFG,3,4,3.57,68,0,0,0,0,15,1,75.2,319,73,34,30,3,23,0,5,1,1,49,2022
335,Freddy Peralta,MIL,4,4,3.58,18,17,0,0,0,0,1,78.0,317,54,31,31,6,27,0,3,1,0,86,2022
336,Braxton Garrett,MIA,3,7,3.58,17,17,0,0,0,0,0,88.0,373,86,38,35,9,24,1,10,2,0,90,2022
337,Jose Cuas,KCR,4,2,3.58,47,0,0,0,1,11,0,37.2,180,39,18,15,2,24,2,6,1,0,34,2022
338,Nick Neidert,MIA,0,1,3.60,1,1,0,0,0,0,0,5.0,20,5,2,2,1,0,0,0,0,0,3,2022
339,Jhon Romero,MIN,0,0,3.60,4,0,0,0,0,0,0,5.0,24,9,2,2,0,1,0,0,0,0,6,2022
340,Simeon Woods Richardson,MIN,0,1,3.60,1,1,0,0,0,0,0,5.0,20,3,3,2,1,2,0,0,1,0,3,2022
341,Seth Lugo,NYM,3,2,3.60,62,0,0,0,3,16,3,65.0,272,58,26,26,9,18,1,3,2,0,69,2022
342,Domingo German,NYY,2,5,3.61,15,14,0,0,0,0,0,72.1,298,65,31,29,11,19,0,4,0,1,58,2022
343,Ryan Tepera,LAA,5,4,3.61,59,0,0,0,6,17,5,57.1,232,42,27,23,7,20,3,2,5,0,47,2022
344,Sam Long,SFG,1,3,3.61,28,6,0,0,1,0,0,42.1,181,39,23,17,8,14,1,1,3,0,33,2022
345,Beau Sulser,- - -,0,0,3.63,10,0,0,0,0,0,0,22.1,99,24,14,9,3,9,2,1,0,0,19,2022
346,Taylor Widener,ARI,0,1,3.63,14,0,0,0,0,1,1,17.1,82,22,8,7,2,5,1,3,0,0,14,2022
347,Diego Castillo,SEA,7,3,3.64,59,0,0,0,7,9,0,54.1,222,40,27,22,5,22,4,2,1,0,53,2022
348,Brandon Bielak,HOU,0,0,3.65,5,0,0,0,0,1,0,12.1,54,11,5,5,2,4,0,3,1,0,12,2022
349,Ranger Suarez,PHI,10,7,3.65,29,29,0,0,0,0,0,155.1,662,149,74,63,15,58,0,2,4,2,129,2022
350,Nick Lodolo,CIN,4,7,3.66,19,19,0,0,0,0,0,103.1,441,90,44,42,13,39,0,19,6,0,131,2022
351,Zack Greinke,KCR,4,9,3.68,26,26,0,0,0,0,0,137.0,585,157,65,56,14,27,0,3,7,0,73,2022
352,Michael Plassmeyer,PHI,0,1,3.68,2,0,0,0,0,0,0,7.1,29,9,3,3,1,1,0,0,0,0,7,2022
353,Parker Mushinski,HOU,0,0,3.68,7,0,0,0,0,1,0,7.1,30,5,3,3,0,3,0,1,0,0,8,2022
354,Eric Lauer,MIL,11,7,3.69,29,29,0,0,0,0,0,158.2,661,135,71,65,27,59,0,2,5,2,157,2022
355,Jackson Stephens,ATL,3,3,3.69,39,1,0,0,2,2,1,53.2,235,49,32,22,3,23,4,3,1,0,47,2022
356,Oliver Ortega,LAA,1,3,3.71,27,0,0,0,1,5,0,34.0,148,32,18,14,5,18,0,1,5,0,33,2022
357,Adam Wainwright,STL,11,12,3.71,32,32,1,0,0,0,0,191.2,803,192,80,79,16,54,1,7,5,0,143,2022
358,Devin Smeltzer,MIN,5,2,3.71,15,12,0,0,0,0,0,70.1,287,67,30,29,13,19,0,1,2,0,40,2022
359,Robbie Ray,SEA,12,12,3.71,32,32,0,0,0,0,0,189.0,775,163,80,78,32,62,0,7,5,0,212,2022
360,Luis Garcia,HOU,15,8,3.72,28,28,0,0,0,0,0,157.1,643,131,70,65,23,47,0,1,8,1,157,2022
361,Hector Neris,HOU,6,4,3.72,70,0,0,0,3,25,4,65.1,263,49,29,27,3,17,0,6,6,1,79,2022
362,Chris Flexen,SEA,8,9,3.73,33,22,0,0,2,0,0,137.2,590,132,61,57,17,51,3,2,7,0,95,2022
363,Alex Cobb,SFG,7,8,3.73,28,28,0,0,0,0,0,149.2,631,152,72,62,9,43,0,3,4,1,151,2022
364,Hirokazu Sawamura,BOS,1,1,3.73,49,0,0,0,0,3,0,50.2,221,45,23,21,4,27,2,0,8,0,40,2022
365,Jarlin Garcia,SFG,1,4,3.74,58,0,0,0,1,4,2,65.0,270,60,34,27,10,18,1,1,2,0,56,2022
366,Pablo Lopez,MIA,10,10,3.75,32,32,0,0,0,0,0,180.0,736,157,78,75,21,53,1,8,4,0,174,2022
367,Craig Kimbrel,LAD,6,7,3.75,63,0,0,0,22,2,5,60.0,260,51,31,25,4,28,2,5,7,1,72,2022
368,Keegan Thompson,CHC,10,5,3.76,29,17,0,0,1,0,1,115.0,485,103,54,48,16,43,0,9,5,0,108,2022
369,Hoby Milner,MIL,3,3,3.76,67,0,0,0,0,9,1,64.2,272,61,29,27,5,15,0,7,1,0,64,2022
370,Jesse Chavez,- - -,4,3,3.76,60,1,0,0,0,10,5,69.1,292,71,34,29,8,20,0,1,2,1,74,2022
371,Reid Detmers,LAA,7,6,3.77,25,25,1,1,0,0,0,129.0,539,110,56,54,13,46,1,8,2,0,122,2022
372,Brent Suter,MIL,5,3,3.78,54,0,0,0,0,1,0,66.2,272,58,32,28,9,22,0,3,0,0,53,2022
373,Roansy Contreras,PIT,5,5,3.79,21,18,0,0,0,0,0,95.0,408,82,45,40,13,39,1,2,11,0,86,2022
374,Ryan Thompson,TBR,3,3,3.80,47,0,0,0,3,10,5,42.2,181,39,24,18,4,11,2,2,1,1,39,2022
375,Luis Perdomo,MIL,3,0,3.80,14,0,0,0,0,1,0,23.2,96,24,10,10,4,3,0,1,0,0,12,2022
376,Justin Bruihl,LAD,1,1,3.80,24,0,0,0,1,3,1,23.2,100,22,11,10,4,6,2,3,0,0,13,2022
377,Louie Varland,MIN,1,2,3.81,5,5,0,0,0,0,0,26.0,106,26,11,11,4,6,1,1,1,0,21,2022
378,Colin Holderman,- - -,5,0,3.81,24,0,0,0,0,2,0,28.1,118,20,14,12,0,14,1,4,0,0,24,2022
379,Jeff Hoffman,CIN,2,0,3.83,35,1,0,0,0,1,1,44.2,197,40,22,19,5,23,1,3,3,0,45,2022
380,Matt Strahm,BOS,4,4,3.83,50,0,0,0,4,12,5,44.2,193,38,24,19,5,17,1,5,2,1,52,2022
381,Buck Farmer,CIN,2,2,3.83,44,0,0,0,2,5,1,47.0,199,36,21,20,2,25,0,1,4,0,54,2022
382,David Peterson,NYM,7,5,3.83,28,19,0,0,0,1,1,105.2,454,93,50,45,11,48,1,7,3,0,126,2022
383,Aaron Loup,LAA,0,5,3.84,65,0,0,0,1,18,5,58.2,260,54,38,25,4,22,3,8,0,0,52,2022
384,Phil Maton,HOU,0,2,3.84,67,0,0,0,0,14,2,65.2,281,58,34,28,10,24,2,8,0,0,73,2022
385,Kody Clemens,DET,0,0,3.86,7,0,0,0,0,0,0,7.0,33,12,3,3,0,1,0,0,0,0,1,2022
386,Joe Barlow,TEX,3,1,3.86,35,0,0,0,13,0,4,35.0,146,27,18,15,5,13,0,4,0,0,28,2022
387,Bailey Falter,PHI,6,4,3.86,20,16,0,0,0,0,0,84.0,349,85,39,36,16,17,0,6,2,0,74,2022
388,JP Sears,- - -,6,3,3.86,17,11,0,0,0,0,0,70.0,288,67,31,30,8,23,1,2,0,0,51,2022
389,Justus Sheffield,SEA,1,0,3.86,6,1,0,0,0,0,0,11.2,51,9,5,5,1,6,0,1,0,0,7,2022
390,Cody Poteet,MIA,0,1,3.86,12,2,0,0,0,1,0,28.0,114,23,12,12,4,11,0,0,1,0,21,2022
391,Cody Stashak,MIN,3,0,3.86,11,0,0,0,0,1,0,16.1,65,16,7,7,1,0,0,0,0,0,15,2022
392,Jandel Gustave,MIL,2,0,3.86,27,0,0,0,0,2,0,28.0,120,25,13,12,4,11,0,2,2,1,27,2022
393,Brennan Bernardino,SEA,0,1,3.86,2,0,0,0,0,0,0,2.1,13,3,3,1,0,2,1,0,0,0,0,2022
394,Spencer Patton,TEX,0,0,3.86,7,0,0,0,0,1,0,7.0,29,4,3,3,1,3,0,2,1,0,5,2022
395,Nathan Eovaldi,BOS,6,3,3.87,20,20,2,1,0,0,0,109.1,460,115,55,47,21,20,0,1,2,0,103,2022
396,Jason Foley,DET,1,0,3.88,60,0,0,0,0,4,1,60.1,256,72,27,26,2,11,0,2,0,1,43,2022
397,Konnor Pilkington,CLE,1,2,3.88,15,11,0,0,0,0,0,58.0,258,53,30,25,6,32,0,2,1,0,50,2022
398,Joey Krehbiel,BAL,5,5,3.90,56,0,0,0,1,10,0,57.2,244,53,28,25,9,18,1,3,1,0,45,2022
399,Mitch Keller,PIT,5,12,3.91,31,29,0,0,0,0,0,159.0,687,162,77,69,14,60,1,12,2,1,138,2022
400,Jameson Taillon,NYY,14,5,3.91,32,32,0,0,0,0,0,177.1,728,168,78,77,26,32,0,5,3,0,151,2022
401,Garrett Cleavinger,- - -,1,1,3.91,17,0,0,0,0,0,1,23.0,92,14,12,10,2,7,0,1,0,0,32,2022
402,Blake Taylor,HOU,1,1,3.94,19,0,0,0,0,4,0,16.0,75,15,7,7,1,10,0,1,2,0,9,2022
403,Noah Syndergaard,- - -,10,10,3.94,25,24,1,0,0,0,0,134.2,565,138,62,59,14,31,0,4,1,0,95,2022
404,Jose Urquidy,HOU,13,8,3.94,29,28,0,0,0,0,0,164.1,681,154,74,72,29,38,0,7,5,0,134,2022
405,Zack Kelly,BOS,1,0,3.95,13,0,0,0,0,1,0,13.2,59,14,6,6,2,4,0,0,0,0,11,2022
406,Michael Rucker,CHC,3,1,3.95,41,0,0,0,0,4,0,54.2,229,50,25,24,8,20,0,0,4,0,50,2022
407,Reiss Knehr,SDP,0,0,3.95,5,1,0,0,0,0,0,13.2,59,11,6,6,1,4,0,4,0,1,10,2022
408,Jon Gray,TEX,7,7,3.96,24,24,0,0,0,0,0,127.1,521,105,61,56,17,39,0,6,4,2,134,2022
409,Jose Suarez,LAA,8,8,3.96,22,20,0,0,0,0,0,109.0,462,103,49,48,14,33,2,4,1,0,103,2022
410,Will Smith,- - -,0,3,3.97,65,0,0,0,5,16,3,59.0,261,58,35,26,9,25,3,2,2,3,65,2022
411,Carlos Carrasco,NYM,15,7,3.97,29,29,0,0,0,0,0,152.0,645,161,71,67,17,41,2,8,5,0,152,2022
412,Cole Irvin,OAK,9,13,3.98,30,30,0,0,0,0,0,181.0,741,174,87,80,25,36,3,7,3,0,128,2022
413,Jose Quijada,LAA,0,5,3.98,42,0,0,0,3,12,2,40.2,169,25,19,18,5,21,4,2,1,0,52,2022
414,Colin Poche,TBR,4,2,3.99,65,0,0,0,7,23,6,58.2,245,46,30,26,11,22,0,1,4,0,64,2022
415,Mark Leiter Jr.,CHC,2,7,3.99,35,4,0,0,3,4,2,67.2,282,52,32,30,10,25,2,7,5,0,73,2022
416,Lance Lynn,CHW,8,7,3.99,21,21,0,0,0,0,0,121.2,512,119,65,54,19,19,0,10,4,0,124,2022
417,Will Vest,DET,3,3,4.00,59,2,0,0,1,4,0,63.0,272,62,30,28,6,22,0,3,7,0,63,2022
418,Dominic Leone,SFG,4,5,4.01,55,0,0,0,3,11,4,49.1,222,55,24,22,6,24,5,0,3,0,52,2022
419,Walker Buehler,LAD,6,3,4.02,12,12,1,1,0,0,0,65.0,274,67,30,29,8,17,0,2,1,0,58,2022
420,Kyle Crick,CHW,2,0,4.02,14,0,0,0,0,3,0,15.2,66,10,7,7,0,11,0,2,0,0,19,2022
421,Garrett Hill,DET,3,3,4.03,17,8,0,0,0,1,0,60.1,263,53,29,27,8,29,0,4,2,0,40,2022
422,Chris Paddack,MIN,1,2,4.03,5,5,0,0,0,0,0,22.1,93,25,10,10,0,2,0,1,1,0,20,2022
423,John King,TEX,1,4,4.03,39,0,0,0,0,8,5,51.1,222,61,27,23,5,14,3,1,2,0,30,2022
424,Miguel Castro,NYY,5,0,4.03,34,0,0,0,0,9,1,29.0,131,27,16,13,2,15,0,4,2,0,31,2022
425,Daniel Castano,MIA,1,3,4.04,10,7,0,0,0,0,0,35.2,156,42,20,16,5,9,0,2,2,0,20,2022
426,Taylor Clarke,KCR,3,1,4.04,47,0,0,0,3,10,5,49.0,203,50,25,22,6,8,0,1,3,0,48,2022
427,Zach Eflin,PHI,3,5,4.04,20,13,0,0,1,2,0,75.2,313,70,38,34,8,15,1,5,0,0,65,2022
428,Austin Brice,PIT,0,0,4.05,4,0,0,0,0,0,0,6.2,27,4,3,3,0,3,0,0,0,0,5,2022
429,Miguel Sanchez,MIL,1,1,4.05,12,0,0,0,0,2,0,13.1,58,12,7,6,3,8,2,0,0,0,9,2022
430,Frankie Montas,- - -,5,12,4.05,27,27,0,0,0,0,0,144.1,608,137,72,65,18,43,3,6,7,0,142,2022
431,Eduardo Rodriguez,DET,5,5,4.05,17,17,0,0,0,0,0,91.0,391,87,49,41,12,34,0,2,1,0,72,2022
432,Zach Davies,ARI,2,5,4.09,27,27,0,0,0,0,0,134.1,570,122,66,61,21,52,0,2,1,0,102,2022
433,Hanser Alberto,LAD,0,0,4.09,10,0,0,0,0,0,0,11.0,47,10,5,5,2,3,0,1,0,0,1,2022
434,Jake Fishman,MIA,0,0,4.09,7,0,0,0,0,2,0,11.0,48,13,5,5,0,0,0,3,0,0,6,2022
435,Nick Vespi,BAL,5,0,4.10,25,0,0,0,1,1,1,26.1,112,29,12,12,5,8,1,1,0,0,28,2022
436,Trent Thornton,TOR,0,2,4.11,32,0,0,0,0,3,1,46.0,189,40,21,21,7,17,0,1,1,0,37,2022
437,Justin Grimm,OAK,0,0,4.11,15,0,0,0,0,3,0,15.1,71,18,8,7,1,7,0,2,0,1,11,2022
438,Caleb Smith,ARI,1,3,4.11,44,1,0,0,0,4,0,70.0,302,57,35,32,14,39,1,1,1,0,65,2022
439,Derek Law,- - -,2,3,4.12,17,0,0,0,0,3,1,19.2,92,23,13,9,3,8,0,2,1,0,17,2022
440,Jonathan Loaisiga,NYY,2,3,4.13,50,0,0,0,2,10,1,48.0,203,43,25,22,3,19,1,0,0,0,37,2022
441,Marco Gonzales,SEA,10,15,4.13,32,32,0,0,0,0,0,183.0,783,194,97,84,30,50,1,7,1,0,103,2022
442,Trevor Gott,MIL,3,4,4.14,45,0,0,0,0,11,4,45.2,186,35,25,21,8,12,0,3,0,0,44,2022
443,Brett Martin,TEX,1,7,4.14,55,1,0,0,3,7,3,50.0,212,50,27,23,4,18,3,0,7,0,40,2022
444,Cristofer Ogando,TBR,0,0,4.15,3,0,0,0,0,0,0,4.1,17,4,2,2,0,1,0,1,0,0,2,2022
445,Evan Lee,WSN,0,1,4.15,4,1,0,0,0,0,0,8.2,43,9,5,4,1,7,0,1,2,0,7,2022
446,Darren O'Day,ATL,2,2,4.15,28,0,0,0,0,5,1,21.2,94,19,12,10,3,10,2,1,0,0,26,2022
447,Matt Festa,SEA,2,0,4.17,53,0,0,0,2,6,1,54.0,219,43,26,25,10,18,0,2,1,0,64,2022
448,Lucas Gilbreath,COL,2,0,4.19,47,0,0,0,0,12,2,43.0,187,37,22,20,2,26,0,4,2,0,49,2022
449,Beau Brieske,DET,3,6,4.19,15,15,0,0,0,0,0,81.2,339,73,39,38,14,25,0,1,2,1,54,2022
450,Steve Cishek,WSN,1,4,4.21,69,0,0,0,1,6,2,66.1,287,54,33,31,11,27,1,13,3,0,74,2022
451,Kenny Rosenberg,LAA,0,0,4.22,3,1,0,0,0,0,0,10.2,47,9,5,5,1,6,0,0,0,0,8,2022
452,Rowan Wick,CHC,4,7,4.22,64,0,0,0,9,4,5,64.0,294,79,37,30,9,29,2,1,3,0,69,2022
453,Austin Pruitt,OAK,0,1,4.23,39,1,0,0,1,2,2,55.1,224,48,29,26,11,9,0,1,0,0,38,2022
454,James Kaprielian,OAK,5,9,4.23,26,26,0,0,0,0,0,134.0,577,121,68,63,16,59,0,5,2,0,98,2022
455,Adrian Morejon,SDP,5,1,4.24,26,0,0,0,0,5,0,34.0,141,31,18,16,4,9,1,1,0,0,28,2022
456,Michael Lorenzen,LAA,8,6,4.24,18,18,0,0,0,0,0,97.2,411,81,48,46,11,44,0,4,3,0,85,2022
457,Jack Flaherty,STL,2,1,4.25,9,8,0,0,0,0,0,36.0,167,36,18,17,4,22,0,5,0,0,33,2022
458,Tyler Wells,BAL,7,7,4.25,23,23,0,0,0,0,0,103.2,423,90,49,49,16,28,0,2,0,0,76,2022
459,Danny Young,- - -,0,0,4.26,3,0,0,0,0,0,0,6.1,32,11,3,3,1,2,0,0,0,0,6,2022
460,Chris Stratton,- - -,10,4,4.26,60,1,0,0,2,8,5,63.1,279,72,34,30,4,25,2,2,4,0,60,2022
461,Rich Hill,BOS,8,7,4.27,26,26,0,0,0,0,0,124.1,526,125,67,59,15,37,0,4,0,2,109,2022
462,Anibal Sanchez,WSN,4,6,4.28,14,14,0,0,0,0,0,69.1,292,55,34,33,13,33,2,4,2,0,48,2022
463,Paul Blackburn,OAK,7,6,4.28,21,21,0,0,0,0,0,111.1,467,110,53,53,15,30,2,5,1,0,89,2022
464,Reyes Moronta,- - -,2,2,4.30,39,0,0,0,2,4,2,37.2,161,30,20,18,5,18,1,2,8,0,38,2022
465,Zach Plesac,CLE,3,12,4.31,25,24,0,0,0,0,0,131.2,568,136,74,63,19,38,0,5,4,0,100,2022
466,Tanner Scott,MIA,4,5,4.31,67,0,0,0,20,4,7,62.2,289,55,34,30,5,46,1,4,3,0,90,2022
467,Matt Barnes,BOS,0,4,4.31,44,0,0,0,8,4,2,39.2,176,36,22,19,2,21,1,3,4,0,34,2022
468,Tommy Nance,MIA,2,3,4.33,35,2,0,0,0,2,2,43.2,196,45,22,21,5,21,3,4,5,0,57,2022
469,Mike Clevinger,SDP,7,7,4.33,23,22,0,0,0,0,0,114.1,485,102,56,55,20,35,0,10,3,0,91,2022
470,Corey Kluber,TBR,10,10,4.34,31,31,0,0,0,0,0,164.0,689,178,82,79,20,21,0,10,2,0,139,2022
471,Austin Voth,- - -,5,4,4.34,41,17,0,0,0,1,0,101.2,442,111,52,49,14,31,0,3,5,0,90,2022
472,Charlie Morton,ATL,9,6,4.34,31,31,0,0,0,0,0,172.0,728,149,85,83,28,63,0,18,4,0,205,2022
473,Anthony Misiewicz,- - -,1,2,4.34,32,0,0,0,0,4,0,29.0,121,27,15,14,4,10,2,0,1,0,27,2022
474,Shawn Armstrong,- - -,2,3,4.38,50,3,0,0,2,2,1,61.2,269,66,32,30,7,17,2,4,3,0,66,2022
475,Wil Crowe,PIT,6,10,4.38,60,1,0,0,4,16,6,76.0,332,68,40,37,8,38,0,3,3,0,68,2022
476,Manny Banuelos,- - -,2,1,4.39,35,0,0,0,1,5,1,41.0,175,32,23,20,2,21,1,3,0,0,42,2022
477,Duane Underwood Jr.,PIT,1,6,4.40,51,1,0,0,1,10,3,57.1,259,58,35,28,1,25,1,5,5,0,57,2022
478,Sean Poppen,ARI,2,2,4.40,29,0,0,0,0,4,1,28.2,120,27,15,14,5,12,3,1,2,0,22,2022
479,Matt Foster,CHW,1,2,4.40,48,0,0,0,1,5,0,45.0,193,43,25,22,6,17,1,0,1,0,42,2022
480,Tyler Mahle,- - -,6,8,4.40,23,23,0,0,0,0,0,120.2,503,104,61,59,16,43,0,2,3,1,126,2022
481,Jake Odorizzi,- - -,6,6,4.40,22,22,0,0,0,0,0,106.1,453,106,58,52,14,35,1,3,2,0,86,2022
482,Phillips Valdez,BOS,0,1,4.41,13,0,0,0,0,0,0,16.1,72,12,11,8,0,7,0,6,1,1,13,2022
483,Mauricio Llovera,SFG,0,0,4.41,17,1,0,0,0,1,0,16.1,72,14,8,8,2,8,1,0,1,0,20,2022
484,Rony Garcia,DET,3,3,4.41,16,8,0,0,0,0,0,51.0,206,40,27,25,9,13,0,4,3,0,48,2022
485,Ronald Bolanos,KCR,0,0,4.42,8,0,0,0,0,0,0,18.1,87,20,9,9,2,12,1,3,1,0,12,2022
486,Jakob Junis,SFG,5,7,4.42,23,17,0,0,0,0,0,112.0,478,120,57,55,13,25,0,4,1,0,98,2022
487,Jordan Lyles,BAL,12,11,4.42,32,32,1,0,0,0,0,179.0,774,196,94,88,26,52,0,8,5,0,144,2022
488,Craig Stammen,SDP,1,2,4.43,33,1,0,0,0,2,1,40.2,177,45,22,20,9,10,0,2,3,0,35,2022
489,Emilio Pagan,MIN,4,6,4.43,59,0,0,0,9,7,7,63.0,274,60,36,31,12,26,2,1,3,0,84,2022
490,Hunter Greene,CIN,5,13,4.44,24,24,1,1,0,0,0,125.2,531,104,64,62,24,48,0,10,4,0,164,2022
491,Matt Brash,SEA,4,4,4.44,39,5,0,0,0,9,0,50.2,222,46,25,25,3,33,1,2,3,0,62,2022
492,Ross Detwiler,CIN,0,2,4.44,30,0,0,0,1,1,0,26.1,122,31,13,13,5,10,2,3,0,0,28,2022
493,Aaron Ashby,MIL,2,10,4.44,27,19,0,0,1,1,0,107.1,475,106,62,53,15,47,0,6,7,1,126,2022
494,Dakota Hudson,STL,8,7,4.45,27,26,0,0,0,0,0,139.2,596,141,71,69,9,61,0,9,4,0,78,2022
495,Aroldis Chapman,NYY,4,4,4.46,43,0,0,0,9,1,0,36.1,160,24,18,18,4,28,0,1,6,0,43,2022
496,Dane Dunning,TEX,4,8,4.46,29,29,0,0,0,0,0,153.1,671,158,80,76,20,62,0,11,6,0,137,2022
497,Joely Rodriguez,NYM,2,4,4.47,55,0,0,0,0,9,0,50.1,216,42,28,25,3,26,1,1,2,0,57,2022
498,Harold Castro,DET,0,0,4.50,4,0,0,0,0,0,0,4.0,18,6,2,2,0,1,0,1,0,0,1,2022
499,Luis Torrens,SEA,1,0,4.50,2,0,0,0,0,0,0,2.0,10,3,2,1,1,0,0,0,0,0,0,2022
500,Gerardo Reyes,LAA,0,0,4.50,2,0,0,0,0,0,0,2.0,12,3,1,1,1,3,0,0,0,0,0,2022
501,Pedro Avila,SDP,0,0,4.50,2,0,0,0,0,0,0,4.0,18,3,3,2,1,1,0,1,1,0,5,2022
502,Dustin May,LAD,2,3,4.50,6,6,0,0,0,0,0,30.0,127,21,17,15,3,14,0,5,0,0,29,2022
503,Matthew Batten,SDP,0,0,4.50,2,0,0,0,0,0,0,2.0,8,2,1,1,1,0,0,0,0,0,1,2022
504,Anthony Kay,TOR,0,0,4.50,1,0,0,0,0,0,0,2.0,10,2,1,1,0,1,0,1,0,0,3,2022
505,MacKenzie Gore,SDP,4,4,4.50,16,13,0,0,0,1,0,70.0,309,66,35,35,7,37,0,4,6,0,72,2022
506,Ryan Yarbrough,TBR,3,8,4.50,20,9,0,0,0,0,0,80.0,355,88,44,40,12,22,0,11,3,0,61,2022
507,Luis L. Ortiz,PIT,0,2,4.50,4,4,0,0,0,0,0,16.0,69,8,9,8,1,10,0,0,0,0,17,2022
508,Rico Garcia,BAL,0,0,4.50,6,0,0,0,0,0,0,8.0,35,8,4,4,2,3,0,0,0,0,2,2022
509,Ian Gibaut,- - -,1,2,4.50,34,0,0,0,1,3,2,36.0,160,39,18,18,3,18,0,1,0,1,48,2022
510,Victor Arano,WSN,1,1,4.50,43,0,0,0,1,7,1,42.0,187,47,30,21,5,12,0,4,6,0,44,2022
511,Lou Trivino,- - -,2,8,4.53,64,0,0,0,11,4,3,53.2,250,64,31,27,6,24,2,4,3,0,67,2022
512,Drew Hutchison,DET,3,9,4.53,28,18,0,0,0,0,0,105.1,464,114,58,53,15,42,1,2,3,0,68,2022
513,Kyle Freeland,COL,9,11,4.53,31,31,0,0,0,0,0,174.2,766,193,96,88,19,53,0,16,4,0,131,2022
514,Kirk McCarty,CLE,4,3,4.54,13,2,0,0,0,0,0,37.2,159,37,23,19,11,13,1,1,0,0,26,2022
515,Chris Archer,MIN,2,8,4.56,25,25,0,0,0,0,0,102.2,437,87,56,52,12,48,0,3,3,0,84,2022
516,Nick Pivetta,BOS,10,12,4.56,33,33,1,0,0,0,0,179.2,773,175,91,91,27,73,0,5,10,1,175,2022
517,Luis Cessa,CIN,4,4,4.57,46,10,0,0,0,5,1,80.2,336,76,44,41,14,28,0,2,3,0,59,2022
518,Dillon Peters,PIT,5,2,4.58,22,4,0,0,0,3,0,39.1,165,35,20,20,5,17,0,0,1,0,26,2022
519,Yohan Ramirez,- - -,4,1,4.58,30,0,0,0,1,2,1,37.1,167,32,19,19,4,20,1,6,2,0,32,2022
520,Adam Kolarek,OAK,0,1,4.58,15,0,0,0,0,0,0,17.2,79,20,9,9,1,8,0,3,0,0,9,2022
521,Jose Ruiz,CHW,1,0,4.60,63,0,0,0,0,11,0,60.2,265,53,32,31,9,33,0,0,4,1,68,2022
522,Michael Grove,LAD,1,0,4.60,7,6,0,0,0,0,0,29.1,133,32,21,15,6,10,1,0,2,0,24,2022
523,Wyatt Mills,- - -,0,1,4.60,27,0,0,0,0,4,0,29.1,128,26,15,15,1,13,2,5,3,0,26,2022
524,Joe Smith,MIN,1,1,4.61,34,0,0,0,0,14,2,27.1,122,33,18,14,7,9,1,1,0,1,17,2022
525,Touki Toussaint,LAA,1,1,4.62,8,2,0,0,0,0,0,25.1,108,15,13,13,2,19,0,4,2,0,26,2022
526,Genesis Cabrera,STL,4,2,4.63,39,0,0,0,1,13,1,44.2,194,39,24,23,8,20,3,4,1,0,32,2022
527,Glenn Otto,TEX,7,10,4.64,27,27,0,0,0,0,0,135.2,587,119,74,70,21,62,0,13,5,0,107,2022
528,Collin Wiles,OAK,0,0,4.66,4,0,0,0,0,0,0,9.2,41,11,6,5,1,2,0,1,0,0,9,2022
529,Mark Melancon,ARI,3,10,4.66,62,0,0,0,18,1,3,56.0,247,63,37,29,5,21,2,1,6,0,35,2022
530,Erich Uelmen,CHC,2,1,4.67,25,0,0,0,1,3,1,27.0,122,25,15,14,3,12,1,6,1,0,21,2022
531,JT Brubaker,PIT,3,12,4.69,28,28,0,0,0,0,0,144.0,646,157,85,75,17,54,0,9,6,2,147,2022
532,Robert Gsellman,CHC,0,2,4.70,8,0,0,0,1,0,1,15.1,64,17,10,8,2,3,0,0,0,0,9,2022
533,Spenser Watkins,BAL,5,6,4.70,23,20,0,0,0,0,0,105.1,459,119,59,55,11,30,0,4,3,1,63,2022
534,Josh Winder,MIN,4,6,4.70,15,11,0,0,0,0,0,67.0,287,69,37,35,11,18,0,5,2,0,47,2022
535,Brayan Bello,BOS,2,8,4.71,13,11,1,0,0,0,0,57.1,268,75,34,30,1,27,1,2,2,0,55,2022
536,Anthony Gose,CLE,3,0,4.71,22,0,0,0,0,0,1,21.0,92,15,13,11,4,14,1,1,2,0,28,2022
537,Mike Baumann,BAL,1,3,4.72,13,4,0,0,0,1,0,34.1,149,43,19,18,3,9,0,2,1,0,23,2022
538,Phil Bickford,LAD,2,1,4.72,60,0,0,0,0,6,1,61.0,247,53,33,32,12,14,0,2,0,0,67,2022
539,Adrian Houser,MIL,6,10,4.73,22,21,0,0,0,0,0,102.2,455,103,66,54,8,47,1,2,2,0,69,2022
540,Taylor Rogers,- - -,4,8,4.76,66,0,0,0,31,4,10,64.1,274,57,38,34,7,19,2,11,1,0,84,2022
541,Vince Velasquez,CHW,3,3,4.78,27,9,0,0,0,1,0,75.1,319,68,42,40,11,25,0,2,1,1,69,2022
542,Packy Naughton,STL,0,2,4.78,26,3,0,0,1,3,1,32.0,141,39,17,17,3,7,1,1,1,0,31,2022
543,Jeremy Beasley,TOR,0,0,4.80,9,0,0,0,0,0,0,15.0,64,14,9,8,4,5,0,2,0,0,19,2022
544,Trevor Megill,MIN,4,3,4.80,39,0,0,0,0,3,2,45.0,196,50,29,24,4,17,0,1,2,0,49,2022
545,Kyle Hendricks,CHC,4,6,4.80,16,16,0,0,0,0,0,84.1,356,85,45,45,15,24,0,3,0,0,66,2022
546,Tyler Alexander,DET,4,11,4.81,27,17,0,0,0,1,0,101.0,427,108,58,54,18,25,1,1,0,0,61,2022
547,Archie Bradley,LAA,0,1,4.82,21,0,0,0,2,4,2,18.2,78,17,13,10,1,7,1,0,1,0,15,2022
548,Davis Martin,CHW,3,6,4.83,14,9,0,0,0,0,1,63.1,269,63,36,34,8,19,1,3,3,0,48,2022
549,Corbin Martin,ARI,0,1,4.84,7,2,0,0,0,0,0,22.1,101,25,14,12,3,12,0,0,2,0,21,2022
550,Jordan Hicks,STL,3,6,4.84,35,8,0,0,0,8,1,61.1,263,46,33,33,5,35,0,7,5,0,63,2022
551,Paolo Espino,WSN,0,9,4.84,42,19,1,0,0,0,0,113.1,487,131,64,61,24,24,0,2,1,0,92,2022
552,Nick Nelson,PHI,3,2,4.85,47,2,0,0,1,3,0,68.2,306,66,38,37,1,36,0,4,13,0,69,2022
553,Madison Bumgarner,ARI,7,15,4.88,30,30,0,0,0,0,0,158.2,698,179,97,86,25,49,0,9,2,0,112,2022
554,Dylan Bundy,MIN,8,8,4.89,29,29,0,0,0,0,0,140.0,595,151,79,76,24,28,0,3,3,0,94,2022
555,Graham Ashcraft,CIN,5,6,4.89,19,19,0,0,0,0,0,105.0,464,119,61,57,11,30,1,8,9,0,71,2022
556,Kyle Bradish,BAL,4,7,4.90,23,23,0,0,0,0,0,117.2,509,119,68,64,17,46,0,7,7,0,111,2022
557,Lucas Giolito,CHW,11,9,4.90,30,30,0,0,0,0,0,161.2,698,171,92,88,24,61,1,4,3,0,177,2022
558,Hunter Strickland,CIN,3,3,4.91,66,0,0,0,7,4,4,62.1,284,61,37,34,8,33,1,7,1,0,60,2022
559,Tyler Duffey,MIN,2,4,4.91,40,0,0,0,2,9,3,44.0,185,45,24,24,8,15,1,1,2,0,39,2022
560,Jake Bird,COL,2,4,4.91,38,0,0,0,0,5,1,47.2,211,45,29,26,7,23,3,4,4,0,42,2022
561,Yerry De Los Santos,PIT,0,3,4.91,26,0,0,0,3,2,2,25.2,112,22,18,14,3,11,1,1,0,0,26,2022
562,Alex Wells,BAL,0,0,4.91,2,0,0,0,0,0,0,3.2,16,5,2,2,2,0,0,0,0,0,6,2022
563,Gregory Santos,SFG,0,0,4.91,2,0,0,0,0,0,0,3.2,17,3,2,2,0,3,0,0,0,0,2,2022
564,Sam Selman,OAK,0,0,4.91,16,0,0,0,0,0,1,18.1,75,16,10,10,4,5,0,1,0,0,18,2022
565,Justin Topa,MIL,0,0,4.91,7,0,0,0,0,1,0,7.1,35,9,6,4,0,4,1,0,0,0,4,2022
566,Aaron Civale,CLE,5,6,4.92,20,20,0,0,0,0,0,97.0,407,93,58,53,14,22,1,7,1,0,98,2022
567,Ken Waldichuk,OAK,2,2,4.93,7,7,0,0,0,0,0,34.2,146,32,19,19,5,10,0,4,1,0,33,2022
568,Cole Ragans,TEX,0,3,4.95,9,9,0,0,0,0,0,40.0,174,43,24,22,6,16,0,0,2,0,27,2022
569,German Marquez,COL,9,13,4.95,31,31,0,0,0,0,0,181.2,779,185,109,100,30,63,0,4,8,2,150,2022
570,Sean Manaea,SDP,8,9,4.96,30,28,0,0,0,0,0,158.0,671,155,95,87,29,50,1,3,0,0,156,2022
571,JoJo Romero,- - -,0,0,4.96,17,0,0,0,0,0,0,16.1,67,13,9,9,3,10,0,0,0,0,17,2022
572,Amir Garrett,KCR,3,1,4.96,60,0,0,0,0,10,1,45.1,196,28,26,25,0,32,0,5,7,1,49,2022
573,Jake Diekman,- - -,5,4,4.99,70,0,0,0,1,16,3,57.2,269,52,40,32,9,42,2,8,7,0,79,2022
574,Ian Anderson,ATL,10,6,5.00,22,22,0,0,0,0,0,111.2,493,115,63,62,12,54,0,1,4,0,97,2022
575,Shane Baz,TBR,1,2,5.00,6,6,0,0,0,0,0,27.0,117,27,15,15,5,9,0,1,2,0,30,2022
576,Javy Guerra,- - -,2,1,5.00,18,0,0,0,0,2,0,18.0,82,16,11,10,3,11,2,1,2,0,10,2022
577,James Naile,STL,0,0,5.00,7,0,0,0,0,0,0,9.0,37,8,5,5,2,2,0,0,0,0,5,2022
578,Jose Urena,- - -,3,8,5.01,21,17,0,0,0,0,0,97.0,432,109,62,54,11,43,0,1,2,0,63,2022
579,Pierce Johnson,SDP,1,2,5.02,15,0,0,0,0,6,1,14.1,64,14,8,8,1,8,0,0,1,0,21,2022
580,Josiah Gray,WSN,7,10,5.02,28,28,0,0,0,0,0,148.2,649,136,84,83,38,66,1,8,7,0,154,2022
581,Matt Swarmer,CHC,2,3,5.03,11,5,0,0,0,0,0,34.0,153,33,26,19,12,20,1,0,1,0,36,2022
582,Trevor May,NYM,2,0,5.04,26,0,0,0,1,6,0,25.0,111,27,14,14,4,9,0,0,0,0,30,2022
583,Kyle Gibson,PHI,10,8,5.05,31,31,0,0,0,0,0,167.2,718,176,98,94,24,48,0,9,4,0,144,2022
584,Antonio Senzatela,COL,3,7,5.07,19,19,0,0,0,0,0,92.1,413,133,56,52,9,23,0,3,1,0,54,2022
585,Zack Littell,SFG,3,3,5.08,39,0,0,0,1,5,0,44.1,190,48,25,25,8,13,0,1,1,0,39,2022
586,Brad Keller,KCR,6,14,5.09,35,22,0,0,1,1,0,139.2,617,153,86,79,17,57,1,2,11,0,102,2022
587,Alex Wood,SFG,8,12,5.10,26,26,0,0,0,0,0,130.2,555,132,78,74,17,30,1,12,4,0,131,2022
588,Daniel Lynch IV,KCR,4,13,5.13,27,27,0,0,0,0,0,131.2,600,155,79,75,21,52,2,5,7,2,122,2022
589,Josh Rogers,WSN,2,2,5.13,16,3,0,0,0,1,0,26.1,113,24,15,15,6,11,0,0,0,0,12,2022
590,Taylor Hearn,TEX,6,8,5.13,31,13,0,0,1,2,1,100.0,449,107,60,57,11,43,0,3,3,0,97,2022
591,Tyler Danish,BOS,3,1,5.13,32,0,0,0,0,3,0,40.1,173,40,24,23,7,12,0,4,1,0,32,2022
592,Tylor Megill,NYM,4,2,5.13,15,9,0,0,0,0,0,47.1,200,46,27,27,7,13,0,1,1,0,51,2022
593,Tyler Beede,- - -,2,5,5.14,31,5,0,0,0,3,0,61.1,285,71,37,35,7,29,2,5,5,0,39,2022
594,Jackson Tetreault,WSN,2,2,5.14,4,4,0,0,0,0,0,21.0,96,23,15,12,4,10,0,0,0,0,9,2022
595,Daniel Mengden,KCR,0,1,5.14,5,1,0,0,1,0,0,7.0,32,10,5,4,1,1,0,0,1,0,8,2022
596,Kirby Yates,ATL,0,0,5.14,9,0,0,0,0,2,0,7.0,33,6,4,4,2,5,0,0,2,0,6,2022
597,Zach Thompson,PIT,3,10,5.18,29,22,0,0,0,0,0,121.2,543,138,76,70,19,46,0,3,5,0,90,2022
598,Yusei Kikuchi,TOR,6,7,5.19,32,20,0,0,1,0,0,100.2,454,93,67,58,23,58,0,9,3,0,124,2022
599,Daniel Norris,- - -,2,4,5.22,41,3,0,0,0,2,0,58.2,250,45,39,34,11,29,0,7,2,1,66,2022
600,Dennis Santana,TEX,3,8,5.22,63,1,0,0,1,19,2,58.2,255,50,39,34,2,28,1,4,3,0,54,2022
601,Jordan Weems,WSN,0,1,5.22,32,0,0,0,0,0,0,39.2,166,35,24,23,7,12,1,0,4,1,41,2022
602,Josh Hader,- - -,2,5,5.22,56,0,0,0,36,0,4,50.0,219,43,30,29,8,21,0,4,5,0,81,2022
603,Noe Ramirez,ARI,5,4,5.22,55,0,0,0,0,10,4,50.0,215,45,32,29,9,26,2,3,2,0,51,2022
604,Jose Berrios,TOR,12,7,5.23,32,32,0,0,0,0,0,172.0,753,199,103,100,29,45,0,11,3,0,149,2022
605,Tyler Gilbert,ARI,0,3,5.24,8,7,0,0,0,0,0,34.1,146,33,21,20,8,10,1,1,0,0,20,2022
606,Cory Abbott,WSN,0,5,5.25,16,9,0,0,0,0,0,48.0,216,44,30,28,12,25,0,5,2,0,45,2022
607,Steven Matz,STL,5,3,5.25,15,10,0,0,0,2,0,48.0,207,50,28,28,8,10,0,2,1,0,54,2022
608,Garrett Richards,TEX,1,1,5.27,32,2,0,0,1,3,0,42.2,185,44,28,25,3,13,0,3,2,0,36,2022
609,J.B. Wendelken,ARI,2,1,5.28,29,0,0,0,0,1,0,29.0,122,25,18,17,4,14,0,1,1,0,21,2022
610,Jonathan Heasley,KCR,4,10,5.28,21,21,0,0,0,0,0,104.0,465,108,67,61,19,47,0,6,9,0,70,2022
611,Jose Alvarez,SFG,2,1,5.28,21,0,0,0,1,1,2,15.1,76,17,10,9,3,9,1,2,1,0,15,2022
612,Cole Sulser,MIA,1,4,5.29,39,0,0,0,2,5,3,34.0,149,39,23,20,6,16,1,0,0,0,38,2022
613,Keynan Middleton,ARI,1,2,5.29,18,0,0,0,0,1,2,17.0,69,16,13,10,5,3,0,1,1,0,15,2022
614,Trevor Richards,TOR,3,2,5.34,62,4,0,0,0,8,1,64.0,281,57,41,38,9,35,1,1,3,0,82,2022
615,Tommy Henry,ARI,3,4,5.36,9,9,0,0,0,0,0,47.0,205,47,28,28,10,21,1,3,3,0,36,2022
616,Ian Kennedy,ARI,4,7,5.36,57,0,0,0,10,10,6,50.1,232,57,33,30,11,22,3,1,3,0,44,2022
617,Casey Mize,DET,0,1,5.40,2,2,0,0,0,0,0,10.0,45,13,6,6,1,2,0,0,0,0,4,2022
618,Tommy Milone,SEA,1,1,5.40,7,0,0,0,0,0,0,16.2,69,14,10,10,4,6,0,1,0,0,5,2022
619,Luke Farrell,- - -,0,0,5.40,6,2,0,0,0,0,0,15.0,70,18,10,9,3,7,0,0,0,0,14,2022
620,Anderson Espinoza,CHC,0,2,5.40,7,0,0,0,0,0,0,18.1,85,14,11,11,4,16,0,4,1,1,19,2022
621,Jason Alexander,MIL,2,3,5.40,18,11,0,0,0,0,0,71.2,321,88,47,43,12,28,0,4,1,0,46,2022
622,Bryan Shaw,CLE,6,2,5.40,60,2,0,0,1,5,0,58.1,261,58,38,35,9,26,1,4,2,0,52,2022
623,Dauri Moreta,CIN,0,2,5.40,35,1,0,0,1,1,0,38.1,160,32,24,23,10,13,1,4,1,0,39,2022
624,Ryan Hendrix,CIN,0,0,5.40,9,0,0,0,0,0,0,8.1,38,9,5,5,0,6,1,2,3,0,9,2022
625,Sean Reid-Foley,NYM,0,0,5.40,7,0,0,0,0,0,0,10.0,44,7,6,6,1,7,0,1,0,0,8,2022
626,Matt Peacock,- - -,0,0,5.40,9,0,0,0,0,0,0,10.0,46,12,6,6,1,4,0,0,1,0,6,2022
627,Nicholas Padilla,CHC,0,0,5.40,1,0,0,0,0,0,0,1.2,9,2,1,1,0,2,0,0,1,0,1,2022
628,Robert Stephenson,- - -,2,2,5.43,58,0,0,0,0,8,3,58.0,247,63,39,35,10,14,1,1,4,0,55,2022
629,Yunior Marte,SFG,1,1,5.44,39,0,0,0,0,2,0,48.0,214,47,32,29,5,22,0,6,3,0,44,2022
630,Mitch White,- - -,1,7,5.45,25,18,0,0,0,0,0,99.0,440,110,62,60,9,35,0,3,5,0,78,2022
631,Trevor Rogers,MIA,4,11,5.47,23,23,0,0,0,0,0,107.0,477,116,69,65,15,45,0,5,5,0,106,2022
632,Kutter Crawford,BOS,3,6,5.47,21,12,0,0,0,0,0,77.1,334,81,49,47,12,29,1,2,4,1,77,2022
633,Calvin Faucher,TBR,2,3,5.48,22,0,0,0,1,1,1,21.1,101,26,16,13,4,10,0,1,2,0,21,2022
634,Tony Santillan,CIN,0,1,5.49,21,0,0,0,4,6,3,19.2,96,23,14,12,1,12,1,4,4,0,21,2022
635,Bryse Wilson,PIT,3,9,5.52,25,20,0,0,0,0,0,115.2,509,132,80,71,20,32,1,9,2,0,79,2022
636,Alex Faedo,DET,1,5,5.53,12,12,0,0,0,0,0,53.2,244,63,34,33,7,25,0,1,2,0,44,2022
637,Austin Gomber,COL,5,7,5.56,33,17,0,0,0,0,0,124.2,529,137,80,77,20,34,1,2,4,0,95,2022
638,Greg Weissert,NYY,3,0,5.56,12,0,0,0,0,1,0,11.1,48,6,7,7,1,5,0,2,0,1,11,2022
639,Kris Bubic,KCR,3,13,5.58,28,27,0,0,0,0,0,129.0,587,156,87,80,18,63,0,4,4,1,110,2022
640,Juan Minaya,MIN,1,0,5.59,6,0,0,0,0,0,0,9.2,45,8,6,6,0,5,0,3,2,0,11,2022
641,Cristopher Sanchez,PHI,2,2,5.63,15,3,0,0,1,1,0,40.0,177,38,25,25,5,17,1,4,0,0,35,2022
642,Austin Warren,LAA,2,0,5.63,14,0,0,0,0,0,1,16.0,70,19,10,10,3,5,2,0,1,1,9,2022
643,Jacob Barnes,- - -,3,1,5.64,23,0,0,0,0,2,1,22.1,97,23,14,14,3,9,0,2,1,0,12,2022
644,Eric Stout,- - -,0,0,5.64,20,0,0,0,1,1,1,22.1,110,25,15,14,2,16,1,3,2,0,25,2022
645,Drew Steckenrider,SEA,0,2,5.65,16,0,0,0,2,4,2,14.1,68,21,9,9,2,5,0,0,0,0,10,2022
646,Hyun-Jin Ryu,TOR,2,0,5.67,6,6,0,0,0,0,0,27.0,113,32,17,17,5,4,0,0,0,0,16,2022
647,Luis Gonzalez,SFG,0,0,5.68,5,0,0,0,0,0,0,6.1,30,9,4,4,0,1,0,0,0,0,0,2022
648,Humberto Castellanos,ARI,3,2,5.68,11,9,0,0,0,0,0,44.1,194,50,29,28,7,12,0,4,2,0,32,2022
649,Mike Mayers,LAA,1,1,5.68,24,3,0,0,0,1,1,50.2,223,52,35,32,15,18,0,2,3,0,45,2022
650,Kodi Whitley,STL,2,0,5.68,14,0,0,0,0,1,0,12.2,59,11,8,8,2,9,0,2,0,0,12,2022
651,Ryan Borucki,- - -,2,0,5.68,32,0,0,0,0,6,0,25.1,111,24,16,16,6,11,0,2,5,0,21,2022
652,Justin Lawrence,COL,3,1,5.70,38,0,0,0,1,7,2,42.2,191,44,27,27,3,22,0,1,1,0,48,2022
653,Chad Kuhl,COL,6,11,5.72,27,27,1,1,0,0,0,137.0,617,155,91,87,25,58,1,5,5,0,110,2022
654,Daulton Jefferies,OAK,1,7,5.72,8,8,0,0,0,0,0,39.1,172,46,26,25,4,8,0,2,3,0,28,2022
655,Jared Koenig,OAK,1,3,5.72,10,5,0,0,0,0,0,39.1,177,40,25,25,4,15,0,5,4,1,22,2022
656,Dusten Knight,TBR,0,1,5.73,6,0,0,0,0,0,0,11.0,49,11,8,7,4,4,1,0,1,0,9,2022
657,Yoan Lopez,NYM,1,0,5.73,8,0,0,0,0,0,0,11.0,51,14,8,7,2,5,1,1,0,0,10,2022
658,Alex Colome,COL,2,7,5.74,53,0,0,0,4,7,3,47.0,215,57,36,30,5,22,2,0,4,1,32,2022
659,Sean Hjelle,SFG,1,2,5.76,8,0,0,0,0,0,0,25.0,115,33,19,16,3,8,0,1,1,0,28,2022
660,Ryan Brasier,BOS,0,3,5.78,68,0,0,0,1,13,3,62.1,263,68,43,40,9,13,1,1,1,0,64,2022
661,Michael Pineda,DET,2,7,5.79,11,11,0,0,0,0,0,46.2,200,58,31,30,13,8,0,0,0,0,26,2022
662,Xzavion Curry,CLE,0,1,5.79,2,2,0,0,0,0,0,9.1,47,13,7,6,1,6,0,1,0,0,3,2022
663,Austin Davis,- - -,2,1,5.79,52,3,0,0,0,3,1,56.0,264,57,39,36,5,33,1,5,1,0,64,2022
664,Erick Fedde,WSN,6,13,5.81,27,27,0,0,0,0,0,127.0,573,149,84,82,21,58,0,0,6,0,94,2022
665,Edwin Uceta,ARI,0,0,5.82,10,0,0,0,0,0,0,17.0,73,14,12,11,2,7,0,1,1,0,13,2022
666,Ryan Feltner,COL,4,9,5.83,20,19,0,0,0,0,0,97.1,428,102,65,63,16,35,0,5,4,0,84,2022
667,Hansel Robles,BOS,1,3,5.84,26,0,0,0,2,7,6,24.2,111,25,19,16,5,14,1,0,0,2,21,2022
668,Kirby Snead,OAK,1,1,5.84,46,0,0,0,1,5,2,44.2,210,56,31,29,5,22,3,2,3,0,35,2022
669,Chi Chi Gonzalez,- - -,0,1,5.87,7,5,0,0,0,0,0,23.0,99,28,15,15,5,7,0,0,0,0,15,2022
670,Cole Sands,MIN,0,3,5.87,11,3,0,0,1,0,0,30.2,145,35,21,20,4,13,0,5,1,0,28,2022
671,Logan Allen,- - -,1,0,5.87,7,0,0,0,0,0,0,7.2,40,12,5,5,0,5,0,1,0,0,7,2022
672,Josh Winckowski,BOS,5,7,5.89,15,14,0,0,0,0,0,70.1,316,85,47,46,10,27,1,2,0,0,44,2022
673,Ty Blach,COL,1,0,5.89,24,1,0,0,1,0,1,44.1,193,51,29,29,4,11,2,2,1,0,29,2022
674,Nick Wittgren,STL,1,0,5.90,29,0,0,0,1,4,0,29.0,134,35,19,19,1,10,0,4,3,0,17,2022
675,DL Hall,BAL,1,1,5.93,11,1,0,0,1,0,0,13.2,64,17,9,9,0,6,0,0,2,0,19,2022
676,Max Castillo,- - -,0,2,5.95,14,6,0,0,0,0,0,39.1,170,38,28,26,8,15,0,2,2,0,37,2022
677,Matthew Liberatore,STL,2,2,5.97,9,7,0,0,0,0,0,34.2,161,42,23,23,5,18,0,1,5,0,28,2022
678,Bruce Zimmermann,BAL,2,5,5.99,15,13,0,0,0,1,0,73.2,320,97,52,49,21,12,0,2,1,0,49,2022
679,Shane Greene,- - -,1,0,6.00,2,0,0,0,0,0,0,3.0,13,3,2,2,1,1,0,0,0,0,2,2022
680,Ryan Burr,CHW,1,1,6.00,8,0,0,0,0,1,0,9.0,39,8,7,6,3,4,0,0,0,0,7,2022
681,Tanner Tully,CLE,0,0,6.00,3,0,0,0,0,0,0,6.0,30,8,4,4,1,6,1,0,1,0,2,2022
682,Mike Minor,CIN,4,12,6.06,19,19,0,0,0,0,0,98.0,455,120,72,66,24,40,4,7,2,0,76,2022
683,Joe Kelly,CHW,1,3,6.08,43,1,0,0,1,15,0,37.0,170,36,26,25,2,23,0,3,4,0,53,2022
684,Adonis Medina,NYM,1,0,6.08,14,0,0,0,1,0,0,23.2,110,30,18,16,2,6,0,4,0,1,17,2022
685,Trevor Kelley,MIL,1,0,6.08,18,0,0,0,0,2,1,23.2,107,25,17,16,7,9,0,2,0,0,23,2022
686,Jeurys Familia,- - -,2,3,6.09,48,0,0,0,0,7,3,44.1,204,58,34,30,7,22,2,2,1,0,41,2022
687,Justin Dunn,CIN,1,3,6.10,7,7,0,0,0,0,0,31.0,138,32,21,21,11,17,0,3,0,0,21,2022
688,Dinelson Lamet,- - -,1,2,6.12,32,0,0,0,0,4,2,32.1,149,30,23,22,4,19,0,4,6,0,45,2022
689,Anderson Severino,CHW,0,0,6.14,6,0,0,0,0,0,0,7.1,34,7,5,5,0,4,0,2,2,0,9,2022
690,Robert Dugger,- - -,0,1,6.19,4,1,0,0,0,0,0,16.0,72,19,11,11,3,7,0,0,2,0,19,2022
691,Silvino Bracho,ATL,0,0,6.23,3,0,0,0,0,0,0,4.1,18,3,3,3,2,1,0,1,0,0,4,2022
692,Jesus Cruz,ATL,0,0,6.23,7,0,0,0,0,0,0,8.2,39,8,6,6,3,4,0,1,0,0,6,2022
693,Paul Fry,- - -,0,0,6.23,13,0,0,0,0,1,0,13.0,61,11,10,9,1,9,0,2,2,0,14,2022
694,Andrew Vasquez,- - -,0,0,6.23,10,0,0,0,0,0,0,8.2,39,6,6,6,1,4,0,3,1,1,10,2022
695,Adrian Martinez,OAK,4,6,6.24,12,12,0,0,0,0,0,57.2,259,69,42,40,13,19,1,3,6,1,53,2022
696,Louis Head,- - -,0,0,6.28,28,0,0,0,1,1,0,28.2,138,32,20,20,4,15,1,5,2,0,26,2022
697,Adam Oller,OAK,2,8,6.30,19,14,0,0,0,1,0,74.1,337,82,55,52,17,39,0,2,4,0,46,2022
698,Patrick Corbin,WSN,6,19,6.31,31,31,1,0,0,0,0,152.2,713,210,119,107,27,49,1,7,2,0,128,2022
699,Reiver Sanmartin,CIN,4,4,6.32,45,4,0,0,0,7,0,57.0,256,66,43,40,8,29,2,0,2,2,47,2022
700,Elieser Hernandez,MIA,3,6,6.35,20,10,0,0,0,0,1,62.1,278,67,48,44,19,22,1,4,1,0,60,2022
701,Arodys Vizcaino,KCR,0,0,6.35,7,0,0,0,0,2,0,5.2,29,4,4,4,1,7,0,0,0,0,3,2022
702,Patrick Murphy,WSN,0,0,6.35,6,0,0,0,0,0,0,5.2,34,8,6,4,0,8,0,0,1,0,4,2022
703,Kaleb Ort,BOS,1,2,6.35,25,0,0,0,1,1,1,28.1,134,35,23,20,4,15,2,2,1,0,27,2022
704,Joel Kuhnel,CIN,2,3,6.36,53,0,0,0,1,5,2,58.0,255,67,41,41,8,14,1,5,1,0,56,2022
705,Chase Anderson,CIN,2,4,6.38,9,7,0,0,0,0,0,24.0,103,17,18,17,3,15,0,3,0,0,23,2022
706,Josh Fleming,TBR,2,5,6.43,10,3,0,0,0,0,0,35.0,169,54,36,25,5,12,1,1,0,0,29,2022
707,Shelby Miller,SFG,0,1,6.43,4,0,0,0,0,1,0,7.0,30,6,5,5,0,3,1,0,0,0,14,2022
708,Josh Sborz,TEX,1,0,6.45,19,1,0,0,0,1,0,22.1,100,25,16,16,4,11,1,0,2,0,32,2022
709,Josh Staumont,KCR,3,3,6.45,42,0,0,0,3,5,3,37.2,176,37,28,27,3,29,0,1,5,1,43,2022
710,Janson Junk,LAA,1,1,6.48,3,2,0,0,0,0,0,8.1,37,10,6,6,1,3,0,0,0,0,11,2022
711,Chasen Shreve,NYM,1,1,6.49,25,0,0,0,0,4,1,26.1,114,27,19,19,6,10,1,0,2,0,29,2022
712,Art Warren,CIN,2,3,6.50,39,0,0,0,3,4,3,36.0,165,37,29,26,6,22,1,2,0,0,40,2022
713,Collin Snider,KCR,4,2,6.55,42,0,0,0,0,7,2,34.1,151,40,25,25,3,15,0,2,0,0,22,2022
714,Luke Weaver,- - -,1,1,6.56,26,1,0,0,0,0,0,35.2,174,52,29,26,1,13,0,3,2,0,38,2022
715,Chase Silseth,LAA,1,3,6.59,7,7,0,0,0,0,0,28.2,129,33,21,21,7,12,0,1,2,0,24,2022
716,Aaron Sanchez,- - -,3,4,6.60,15,10,0,0,0,0,0,60.0,265,78,46,44,8,15,1,5,2,0,41,2022
717,T.J. McFarland,STL,0,0,6.61,28,0,0,0,0,1,0,32.2,145,42,26,24,5,11,0,2,2,0,16,2022
718,Anthony DeSclafani,SFG,0,2,6.63,5,5,0,0,0,0,0,19.0,94,34,21,14,4,4,0,1,0,0,17,2022
719,Drew VerHagen,STL,3,1,6.65,19,0,0,0,0,2,1,21.2,106,27,18,16,5,14,1,1,0,0,18,2022
720,Tucker Davidson,- - -,2,7,6.75,12,11,0,0,0,0,0,52.0,243,54,39,39,7,35,0,3,1,0,33,2022
721,Tayler Scott,SDP,0,1,6.75,8,0,0,0,0,0,0,12.0,59,19,10,9,1,6,0,0,0,0,13,2022
722,David McKay,- - -,0,0,6.75,4,0,0,0,0,0,0,6.2,32,8,5,5,1,4,0,0,0,0,3,2022
723,Julian Merryweather,TOR,0,3,6.75,26,1,0,0,0,1,1,26.2,119,31,20,20,4,7,1,2,1,0,23,2022
724,Reed Garrett,WSN,0,1,6.75,7,0,0,0,0,0,0,9.1,49,13,8,7,1,8,1,1,1,0,6,2022
725,Elvis Peguero,LAA,0,0,6.75,13,0,0,0,0,0,0,17.1,77,23,16,13,4,5,0,0,3,1,12,2022
726,Ian Hamilton,MIN,0,0,6.75,1,0,0,0,0,0,0,2.2,11,3,2,2,1,1,0,0,0,0,0,2022
727,Matt Reynolds,CIN,0,0,6.75,2,0,0,0,0,0,0,1.1,9,3,1,1,0,0,0,2,0,0,0,2022
728,Alejo Lopez,CIN,0,0,6.75,3,0,0,0,0,0,0,2.2,10,2,2,2,2,0,0,0,0,0,0,2022
729,Anthony Banda,- - -,1,1,6.75,32,1,0,0,0,2,0,26.2,135,43,20,20,4,13,2,2,1,0,30,2022
730,Rob Zastryzny,- - -,0,0,6.75,6,0,0,0,0,0,0,4.0,16,3,4,3,0,1,0,0,1,0,3,2022
731,Zach Logue,OAK,3,8,6.79,14,10,0,0,0,0,0,57.0,257,68,44,43,13,20,0,2,0,0,42,2022
732,Jake McGee,- - -,1,3,6.81,42,0,0,0,3,4,4,37.0,163,41,29,28,6,12,1,0,1,0,25,2022
733,Aaron Fletcher,PIT,0,1,6.94,9,0,0,0,0,0,0,11.2,52,10,9,9,2,4,0,3,1,0,6,2022
734,Jake Reed,- - -,2,0,7.02,18,0,0,0,1,0,0,16.2,77,17,15,13,2,8,0,3,0,1,13,2022
735,Ashton Goudeau,COL,1,0,7.08,12,0,0,0,1,0,0,20.1,94,25,18,16,3,10,0,0,3,0,16,2022
736,Joan Adon,WSN,1,12,7.10,14,14,0,0,0,0,0,64.2,310,76,53,51,8,39,1,6,7,0,55,2022
737,Ethan Small,MIL,0,0,7.11,2,2,0,0,0,0,0,6.1,33,8,5,5,1,8,0,0,0,0,7,2022
738,Norge Ruiz,OAK,0,1,7.11,14,0,0,0,0,1,1,19.0,94,30,16,15,4,7,0,2,2,0,18,2022
739,Ronel Blanco,HOU,0,0,7.11,7,0,0,0,0,0,0,6.1,32,8,5,5,1,4,0,1,0,0,7,2022
740,Tyler Clippard,WSN,0,0,7.20,4,0,0,0,0,0,0,5.0,28,6,4,4,1,4,0,3,0,0,4,2022
741,Francisco Morales,PHI,0,0,7.20,3,0,0,0,1,0,0,5.0,21,2,5,4,1,6,0,1,0,0,3,2022
742,Thomas Szapucki,- - -,0,1,7.20,11,1,0,0,0,1,0,15.0,67,19,12,12,6,7,0,0,1,0,18,2022
743,Francisco Perez,WSN,0,0,7.27,10,0,0,0,0,0,0,8.2,48,13,7,7,2,9,0,0,1,0,7,2022
744,Kolby Allard,TEX,1,2,7.29,10,0,0,0,1,0,0,21.0,87,21,17,17,9,6,1,1,0,0,19,2022
745,Jose Marte,LAA,0,0,7.36,11,0,0,0,0,0,0,11.0,58,8,9,9,2,18,0,0,1,0,15,2022
746,Wil Myers,SDP,0,0,7.36,4,0,0,0,0,0,0,3.2,16,4,3,3,3,0,0,1,0,0,0,2022
747,Heath Hembree,- - -,3,1,7.36,26,0,0,0,0,2,1,22.0,107,26,19,18,6,17,2,0,1,0,17,2022
748,Carlos Hernandez,KCR,0,5,7.39,27,7,0,0,0,1,0,56.0,266,72,48,46,7,31,1,1,3,0,35,2022
749,Spencer Howard,TEX,2,4,7.41,10,8,0,0,0,0,0,37.2,179,50,33,31,12,15,1,1,1,1,32,2022
750,Anthony Castro,CLE,0,0,7.43,12,0,0,0,0,0,1,13.1,65,19,15,11,5,10,0,0,1,0,12,2022
751,Casey Lawrence,TOR,0,1,7.50,6,0,0,0,0,0,0,18.0,79,23,15,15,5,4,0,1,0,0,11,2022
752,Max Meyer,MIA,0,1,7.50,2,2,0,0,0,0,0,6.0,26,7,5,5,2,2,0,0,0,0,6,2022
753,Chad Smith,COL,0,1,7.50,15,0,0,0,0,0,1,18.0,85,16,15,15,2,15,0,2,3,0,23,2022
754,Sergio Romo,- - -,0,1,7.50,23,0,0,0,0,4,0,18.0,79,19,16,15,7,6,1,0,2,0,14,2022
755,Jhoulys Chacin,COL,4,2,7.61,35,0,0,0,0,2,0,47.1,219,55,44,40,7,21,0,2,3,0,37,2022
756,Vladimir Gutierrez,CIN,1,6,7.61,10,8,0,0,0,0,0,36.2,179,46,31,31,8,24,1,6,2,0,29,2022
757,Aaron Brooks,STL,0,0,7.71,5,0,0,0,0,0,0,9.1,43,11,8,8,3,2,0,1,0,0,7,2022
758,Carson Kelly,ARI,0,0,7.71,4,0,0,0,0,0,0,4.2,24,9,4,4,1,2,0,0,0,0,0,2022
759,Kevin Herget,TBR,0,1,7.71,3,0,0,0,0,0,0,7.0,30,9,6,6,0,0,0,0,0,0,4,2022
760,Raynel Espinal,CIN,0,1,7.71,2,0,0,0,0,0,0,4.2,21,6,4,4,1,1,0,0,0,0,5,2022
761,Greg Holland,TEX,0,1,7.71,5,0,0,0,0,0,0,4.2,20,6,5,4,3,1,0,0,0,0,5,2022
762,Jake Hager,ARI,0,0,7.71,3,0,0,0,0,0,0,2.1,10,3,2,2,0,0,0,0,0,0,1,2022
763,Jacob Lemoine,OAK,0,0,7.71,9,0,0,0,0,0,0,16.1,74,18,15,14,4,7,1,0,1,0,13,2022
764,Gavin Hollowell,COL,0,2,7.71,6,0,0,0,0,0,0,7.0,32,7,7,6,1,4,0,0,0,0,8,2022
765,Sam Coonrod,PHI,0,0,7.82,12,0,0,0,0,3,0,12.2,58,12,12,11,1,7,0,3,1,0,12,2022
766,Kyle Muller,ATL,1,1,8.03,3,3,0,0,0,0,0,12.1,59,13,11,11,2,8,0,0,2,0,12,2022
767,Luis Patino,TBR,1,2,8.10,6,6,0,0,0,0,0,20.0,98,26,18,18,6,13,1,1,0,0,11,2022
768,Ethan Roberts,CHC,0,1,8.22,9,0,0,0,0,1,0,7.2,38,10,7,7,3,6,0,1,0,0,9,2022
769,Matt Koch,SEA,0,0,8.31,4,0,0,0,0,0,0,4.1,19,5,4,4,2,1,0,0,0,0,3,2022
770,James Norwood,PHI,1,0,8.31,20,0,0,0,0,1,0,17.1,85,24,17,16,2,9,0,0,0,0,22,2022
771,Jimmy Yacabonis,- - -,1,1,8.36,14,1,0,0,0,0,0,14.0,73,20,15,13,4,10,0,2,1,0,21,2022
772,Bennett Sousa,CHW,3,0,8.41,25,0,0,0,1,5,1,20.1,96,25,20,19,3,10,1,1,4,0,12,2022
773,Zac Lowther,BAL,0,0,8.44,1,0,0,0,0,0,0,5.1,28,8,6,5,0,2,0,1,0,0,1,2022
774,Sam Clay,- - -,0,0,8.44,7,0,0,0,0,0,0,5.1,29,4,6,5,1,4,0,4,0,0,5,2022
775,Domingo Tapia,OAK,0,0,8.47,11,0,0,0,0,0,0,17.0,90,25,16,16,1,14,1,1,3,0,12,2022
776,Foster Griffin,- - -,0,0,8.53,6,0,0,0,0,0,0,6.1,32,7,7,6,0,5,0,1,0,0,4,2022
777,Chris Devenski,- - -,2,1,8.59,13,0,0,0,0,0,0,14.2,67,21,14,14,3,1,0,1,0,0,12,2022
778,Sean Newcomb,- - -,2,1,8.78,20,1,0,0,0,2,0,27.2,134,33,28,27,8,19,0,0,2,0,28,2022
779,Miguel Yajure,PIT,1,1,8.88,12,1,0,0,1,0,0,24.1,119,31,26,24,3,16,1,2,4,1,16,2022
780,Cesar Valdez,LAA,0,0,9.00,1,0,0,0,0,0,0,1.0,5,2,2,1,0,0,0,0,0,0,0,2022
781,Chris Owings,BAL,0,0,9.00,1,0,0,0,0,0,0,1.0,5,2,1,1,0,0,0,0,0,0,0,2022
782,Tucker Barnhart,DET,0,0,9.00,1,0,0,0,0,0,0,1.0,5,3,1,1,0,0,0,0,0,0,0,2022
783,Robbie Erlin,LAD,0,0,9.00,2,0,0,0,0,0,0,2.0,9,2,2,2,1,1,0,0,0,0,1,2022
784,Michael A. Taylor,KCR,0,0,9.00,1,0,0,0,0,0,0,2.0,13,5,2,2,1,2,0,0,0,0,2,2022
785,Yolmer Sanchez,BOS,0,0,9.00,1,0,0,0,0,0,0,1.0,6,3,1,1,0,0,0,0,0,0,0,2022
786,Jackie Bradley Jr.,BOS,0,0,9.00,1,0,0,0,0,0,0,1.0,7,1,1,1,0,3,0,0,0,0,1,2022
787,Connor Sadzeck,MIL,0,0,9.00,2,0,0,0,0,0,0,3.0,13,4,3,3,2,1,0,0,1,0,2,2022
788,Jose Castillo,SDP,0,0,9.00,1,0,0,0,0,0,0,1.0,5,1,1,1,0,1,0,0,0,0,1,2022
789,Luis Gil,NYY,0,0,9.00,1,1,0,0,0,0,0,4.0,19,5,4,4,0,2,0,0,1,0,5,2022
790,Ray Kerr,SDP,0,0,9.00,7,0,0,0,0,0,0,5.0,21,3,5,5,1,4,0,0,1,0,3,2022
791,Sam Howard,PIT,0,0,9.00,3,0,0,0,0,0,0,2.0,12,2,2,2,1,4,0,1,0,0,1,2022
792,Dallas Keuchel,- - -,2,9,9.20,14,14,0,0,0,0,0,60.2,303,94,69,62,11,31,2,0,3,0,45,2022
793,Kohei Arihara,TEX,1,3,9.45,5,4,0,0,0,0,0,20.0,108,36,22,21,4,11,0,3,0,0,14,2022
794,Lucas Sims,CIN,1,0,9.45,6,0,0,0,1,0,0,6.2,31,5,7,7,0,6,0,1,0,0,5,2022
795,Travis Lakins Sr.,BAL,0,1,9.58,6,0,0,0,0,0,0,10.1,50,14,11,11,3,6,0,1,1,0,8,2022
796,Damon Jones,PHI,0,0,9.64,4,0,0,0,0,0,0,4.2,26,4,5,5,0,5,0,3,1,0,5,2022
797,Alec Mills,CHC,0,1,9.68,7,2,0,0,0,0,0,17.2,84,28,20,19,7,3,1,3,0,0,11,2022
798,Jackson Kowar,KCR,0,0,9.77,7,0,0,0,0,2,0,15.2,82,27,17,17,4,11,0,0,0,0,17,2022
799,Ryan Weathers,SDP,0,0,9.82,1,1,0,0,0,0,0,3.2,21,6,4,4,0,4,0,0,0,0,3,2022
800,Andrew Nardi,MIA,1,1,9.82,13,0,0,0,0,1,0,14.2,83,25,17,16,5,14,0,0,1,0,24,2022
801,Daniel Duarte,CIN,0,0,10.13,3,0,0,0,0,0,0,2.2,14,3,3,3,1,3,0,0,0,0,2,2022
802,Kervin Castro,- - -,0,1,10.22,10,0,0,0,0,0,0,12.1,57,15,14,14,3,7,0,0,0,0,11,2022
803,Caleb Kilian,CHC,0,2,10.32,3,3,0,0,0,0,0,11.1,56,11,15,13,0,12,1,1,3,0,9,2022
804,Chris Ellis,BAL,0,0,10.38,2,2,0,0,0,0,0,4.1,25,5,5,5,0,6,0,1,0,0,2,2022
805,Cam Vieaux,PIT,0,0,10.38,8,0,0,0,0,1,0,8.2,48,15,11,10,2,5,0,1,0,0,15,2022
806,Luis Frias,ARI,1,1,10.59,15,0,0,0,0,3,0,17.0,90,23,20,20,1,17,0,1,4,1,14,2022
807,Elvin Rodriguez,DET,0,4,10.62,7,5,0,0,0,0,0,29.2,143,42,35,35,12,15,1,1,1,0,25,2022
808,A.J. Ladwig,MIA,0,0,10.80,1,0,0,0,0,0,0,3.1,15,6,4,4,2,0,0,0,0,0,0,2022
809,Tommy Romero,- - -,1,1,10.80,4,2,0,0,0,0,0,8.1,44,11,12,10,7,9,0,0,0,0,7,2022
810,Jared Solomon,CIN,0,0,10.80,9,0,0,0,0,0,0,8.1,39,8,10,10,3,5,0,1,0,0,9,2022
811,Bryce Montes de Oca,NYM,0,0,10.80,3,0,0,0,0,0,0,3.1,19,7,4,4,0,2,0,0,1,0,6,2022
812,Alcides Escobar,WSN,0,0,10.80,2,0,0,0,0,0,0,1.2,10,3,2,2,0,1,0,1,0,0,0,2022
813,Tyson Miller,TEX,1,2,10.97,4,2,0,0,0,0,0,10.2,56,16,14,13,1,8,0,2,0,0,8,2022
814,Phillip Diehl,CIN,0,0,11.12,5,0,0,0,0,0,0,5.2,28,8,7,7,3,3,1,0,1,0,3,2022
815,Luke Barker,MIL,0,0,11.25,3,0,0,0,0,0,0,4.0,19,7,5,5,2,0,0,0,1,0,3,2022
816,Connor Seabold,BOS,0,4,11.29,5,5,0,0,0,0,0,18.1,98,35,24,23,5,8,0,3,4,0,19,2022
817,Yennier Cano,- - -,1,1,11.50,13,0,0,0,0,0,0,18.0,97,26,23,23,3,16,0,1,2,0,21,2022
818,R.J. Alvarez,NYM,0,1,11.57,1,0,0,0,0,0,0,2.1,13,4,3,3,2,3,0,0,0,0,2,2022
819,A.J. Alexy,TEX,1,1,11.57,4,0,0,0,0,0,0,7.0,38,10,9,9,1,9,0,0,1,0,6,2022
820,Pedro Baez,HOU,0,0,11.57,3,0,0,0,0,0,0,2.1,16,5,6,3,0,3,0,0,0,1,2,2022
821,Chris Mazza,TBR,1,0,11.81,2,0,0,0,0,0,0,5.1,35,9,10,7,3,6,0,2,1,0,5,2022
822,Bryan Hoeing,MIA,1,1,12.08,8,1,0,0,0,0,0,12.2,61,19,17,17,5,5,0,0,1,0,6,2022
823,Yu Chang,TBR,0,0,13.50,2,0,0,0,0,0,0,2.0,11,6,3,3,1,0,0,0,0,0,0,2022
824,Austin Wynns,SFG,0,0,13.50,2,0,0,0,0,0,0,2.0,10,3,3,3,1,1,0,0,0,0,0,2022
825,Locke St. John,CHC,0,0,13.50,1,0,0,0,0,0,0,2.0,9,3,3,3,2,0,0,0,0,0,4,2022
826,Huascar Ynoa,ATL,0,2,13.50,2,2,0,0,0,0,0,6.2,37,11,10,10,2,6,0,0,1,0,8,2022
827,Stephen Strasburg,WSN,0,1,13.50,1,1,0,0,0,0,0,4.2,23,8,7,7,1,2,0,1,1,0,5,2022
828,Ryan McKenna,BAL,0,0,13.50,2,0,0,0,0,0,0,1.1,10,5,2,2,0,1,0,0,0,0,0,2022
829,Jake Walsh,STL,0,1,13.50,3,0,0,0,0,0,0,2.2,15,3,4,4,0,2,0,1,0,0,5,2022
830,Tayler Saucedo,TOR,0,0,13.50,4,0,0,0,0,0,0,2.2,15,6,4,4,3,1,0,0,0,0,0,2022
831,Zack Britton,NYY,0,0,13.50,3,0,0,0,0,2,0,0.2,9,1,1,1,0,6,0,0,1,0,1,2022
832,Cade Cavalli,WSN,0,1,14.54,1,1,0,0,0,0,0,4.1,23,6,7,7,0,2,0,3,0,0,6,2022
833,Cody Sedlock,BAL,0,0,15.00,1,0,0,0,0,0,0,3.0,16,6,5,5,0,1,0,0,0,0,3,2022
834,T.J. Zeuch,CIN,0,3,15.19,3,3,0,0,0,0,0,10.2,64,24,18,18,5,7,0,3,0,0,5,2022
835,Jose Butto,NYM,0,0,15.75,1,1,0,0,0,0,0,4.0,23,9,7,7,2,2,0,0,0,0,5,2022
836,Oliver Perez,ARI,1,1,15.75,7,0,0,0,0,0,0,4.0,24,8,9,7,1,1,0,1,0,0,1,2022
837,Garrett Stubbs,PHI,0,0,17.18,4,0,0,0,0,0,0,3.2,18,7,7,7,3,1,0,0,0,0,1,2022
838,Yadier Molina,STL,0,0,18.00,2,0,0,0,0,0,0,2.0,12,6,4,4,2,0,0,0,0,0,1,2022
839,Josh Harrison,CHW,0,0,18.00,3,0,0,0,0,0,0,3.0,18,9,6,6,1,2,0,0,0,0,2,2022
840,Whit Merrifield,TOR,0,0,18.00,1,0,0,0,0,0,0,1.0,6,2,2,2,1,0,0,1,0,0,0,2022
841,Brett Phillips,TBR,0,0,18.00,3,0,0,0,0,0,0,4.0,22,9,8,8,3,2,0,0,0,0,0,2022
842,Matt Dermody,CHC,0,0,18.00,1,0,0,0,0,0,0,1.0,7,2,2,2,0,2,1,0,0,0,1,2022
843,Hunter Dozier,KCR,0,0,18.00,1,0,0,0,0,0,0,1.0,6,2,2,2,1,1,0,0,0,0,0,2022
844,Frank Schwindel,CHC,0,0,18.00,3,0,0,0,0,0,0,3.0,18,8,6,6,4,1,0,0,0,0,0,2022
845,Mike Ford,ATL,0,0,18.00,1,0,0,0,0,0,0,1.0,5,1,2,2,1,1,0,0,0,0,0,2022
846,Bubby Rossman,PHI,0,0,18.00,1,0,0,0,0,0,0,1.0,5,1,2,2,1,1,0,0,0,0,1,2022
847,Nicky Lopez,KCR,0,0,18.00,1,0,0,0,0,0,0,1.0,6,3,2,2,2,0,0,0,0,0,0,2022
848,Shaun Anderson,TOR,0,0,18.00,1,0,0,0,0,0,0,1.0,7,4,2,2,0,0,0,0,0,0,0,2022
849,Ernie Clement,CLE,0,0,18.00,2,0,0,0,0,0,0,2.0,11,6,4,4,2,0,0,0,1,0,0,2022
850,Nicklaus Snyder,TEX,0,0,18.00,2,0,0,0,0,0,0,1.0,7,1,2,2,0,3,0,0,0,0,0,2022
851,Frank German,BOS,0,0,18.00,5,0,0,0,0,0,0,4.0,23,7,8,8,2,4,0,0,0,0,4,2022
852,Noah Davis,COL,0,0,18.00,1,0,0,0,0,0,0,1.0,7,3,2,2,1,1,0,0,0,0,2,2022
853,Hunter Gaddis,CLE,0,2,18.41,2,2,0,0,0,0,0,7.1,40,15,15,15,7,3,0,0,0,0,5,2022
854,Thomas Hatch,TOR,0,1,19.29,1,1,0,0,0,0,0,4.2,26,12,10,10,3,2,0,1,0,0,4,2022
855,Nick Maton,PHI,0,0,20.25,2,0,0,0,0,0,0,1.1,8,4,3,3,0,0,0,0,0,0,0,2022
856,Jerad Eickhoff,PIT,0,1,20.77,1,1,0,0,0,0,0,4.1,27,10,10,10,2,1,0,3,0,0,4,2022
857,Darwinzon Hernandez,BOS,0,1,21.60,7,0,0,0,0,0,0,6.2,43,14,17,16,4,8,0,2,0,0,9,2022
858,Nick Gordon,MIN,0,0,22.09,4,0,0,0,0,0,0,3.2,25,10,9,9,2,4,0,0,0,0,0,2022
859,JC Mejia,MIL,0,0,23.14,2,0,0,0,0,0,0,2.1,16,5,6,6,0,5,0,0,0,0,1,2022
860,Jake Brentz,KCR,0,3,23.63,8,0,0,0,0,2,0,5.1,38,11,15,14,1,10,0,1,2,0,9,2022
861,Dee Strange-Gordon,WSN,0,0,27.00,1,0,0,0,0,0,0,1.0,8,2,3,3,1,3,0,1,0,0,0,2022
862,Victor Caratini,MIL,0,0,27.00,1,0,0,0,0,0,0,1.0,7,2,3,3,0,1,0,1,0,0,0,2022
863,Chad Pinder,OAK,0,0,27.00,1,0,0,0,0,0,0,1.0,7,2,3,3,0,2,0,1,0,0,0,2022
864,Donovan Walton,SFG,0,0,27.00,1,0,0,0,0,0,0,1.0,7,3,3,3,1,1,0,0,1,0,0,2022
865,Albert Pujols,STL,0,0,36.00,1,0,0,0,0,0,0,1.0,7,3,4,4,2,1,0,0,0,0,0,2022
866,Diego Castillo,PIT,0,0,36.00,2,0,0,0,0,0,0,2.0,15,6,8,8,1,3,0,1,0,0,1,2022
867,Josh VanMeter,PIT,0,0,39.00,3,0,0,0,0,0,0,3.0,27,15,13,13,5,2,0,0,0,0,0,2022
868,Brendon Little,CHC,0,1,40.50,1,0,0,0,0,0,1,0.2,6,2,3,3,1,1,0,1,0,0,0,2022
869,Andrelton Simmons,CHC,0,0,45.00,1,0,0,0,0,0,0,1.0,9,5,5,5,0,1,0,0,0,0,0,2022
870,Max Schrock,CIN,0,0,45.00,1,0,0,0,0,0,0,1.0,10,7,5,5,2,0,0,0,0,0,0,2022
871,Brian Moran,LAA,0,0,54.00,1,0,0,0,0,0,0,0.1,5,3,2,2,1,1,1,0,0,0,0,2022
