,Unnamed: 0,#,Name,Team,W,L,ERA,G,GS,CG,ShO,SV,HLD,BS,IP,TBF,H,R,ER,HR,BB,IBB,HBP,WP,BK,SO,Year
81,83,82,Justin Verlander,HOU,18,4,1.75,28,28,0,0,0,0,0,175.0,666,116,43,34,12,29,0,6,3,0,185,2022
103,105,104,Tony Gonsolin,LAD,16,1,2.14,24,24,0,0,0,0,0,130.1,498,79,32,31,11,35,1,4,5,0,119,2022
105,107,106,Julio Urias,LAD,17,7,2.16,31,31,0,0,0,0,0,175.0,689,127,51,42,23,41,0,5,0,1,166,2022
111,113,112,Dylan Cease,CHW,14,8,2.2,32,32,1,1,0,0,0,184.0,747,126,55,45,16,78,2,3,7,1,227,2022
116,118,117,Alek Manoah,TOR,16,7,2.24,31,31,0,0,0,0,0,196.2,786,144,55,49,16,51,0,15,5,0,180,2022
121,123,122,Lance McCullers Jr.,HOU,4,2,2.27,8,8,0,0,0,0,0,47.2,195,37,12,12,4,22,0,0,1,0,50,2022
123,125,124,Clayton Kershaw,LAD,12,3,2.28,22,22,0,0,0,0,0,126.1,493,96,36,32,10,23,0,2,0,1,137,2022
125,127,126,Sandy Alcantara,MIA,14,9,2.28,32,32,6,1,0,0,0,228.2,886,174,67,58,16,50,1,9,3,0,207,2022
126,128,127,Max Scherzer,NYM,11,5,2.29,23,23,0,0,0,0,0,145.1,565,108,39,37,13,24,0,11,1,0,173,2022
131,133,132,Shohei Ohtani,LAA,15,9,2.33,28,28,0,0,0,0,0,166.0,660,124,45,43,14,44,0,2,14,0,219,2022
140,142,141,Nestor Cortes,NYY,12,4,2.44,28,28,1,1,0,0,0,158.1,615,108,44,43,16,38,0,2,1,0,163,2022
145,147,146,Jeffrey Springs,TBR,9,5,2.46,33,25,0,0,0,0,0,135.1,549,114,42,37,14,31,0,1,1,1,144,2022
147,149,148,Max Fried,ATL,14,7,2.48,30,30,0,0,0,0,0,185.1,733,156,55,51,12,32,2,4,9,0,170,2022
154,156,155,Cristian Javier,HOU,11,9,2.54,30,25,0,0,0,0,0,148.2,585,89,44,42,17,52,0,6,5,1,194,2022
155,157,156,Shane McClanahan,TBR,12,8,2.54,28,28,0,0,0,0,0,166.1,641,116,52,47,19,38,1,3,9,0,194,2022
156,158,157,Zac Gallen,ARI,12,4,2.54,31,31,0,0,0,0,0,184.0,714,121,56,52,15,47,0,12,5,0,192,2022
158,160,159,Tyler Anderson,LAD,15,5,2.57,30,28,0,0,0,0,0,178.2,707,145,57,51,14,34,0,9,6,0,138,2022
164,166,165,Spencer Strider,ATL,11,5,2.67,31,20,0,0,0,2,1,131.2,528,86,42,39,7,45,1,3,6,0,202,2022
182,184,183,Jalen Beeks,TBR,2,3,2.8,42,7,0,0,2,4,4,61.0,250,49,22,19,7,22,0,2,3,0,70,2022
184,186,185,Framber Valdez,HOU,17,6,2.82,31,31,3,1,0,0,0,201.1,827,166,71,63,11,67,0,11,11,1,194,2022
185,187,186,Zack Wheeler,PHI,12,7,2.82,26,26,0,0,0,0,0,153.0,607,125,52,48,13,34,1,7,1,1,163,2022
190,192,191,Drew Rasmussen,TBR,11,7,2.84,28,28,0,0,0,0,0,146.0,584,121,51,46,13,31,0,3,10,0,125,2022
193,195,194,Shane Bieber,CLE,13,8,2.88,31,31,1,0,0,0,0,200.0,791,172,70,64,18,36,0,2,5,1,198,2022
194,196,195,Carlos Rodon,SFG,14,8,2.88,31,31,1,0,0,0,0,178.0,710,131,59,57,12,52,0,3,10,0,237,2022
195,197,196,Martin Perez,TEX,12,8,2.89,32,32,1,1,0,0,0,196.1,821,178,70,63,11,69,0,6,6,2,169,2022
196,198,197,Logan Webb,SFG,15,9,2.9,32,32,0,0,0,0,0,192.1,787,174,76,62,11,49,0,7,6,0,163,2022
197,199,198,Patrick Sandoval,LAA,6,9,2.91,27,27,1,1,0,0,0,148.2,638,139,56,48,8,60,0,5,6,0,151,2022
201,203,202,Jose Quintana,- - -,6,7,2.93,32,32,0,0,0,0,0,165.2,679,154,61,54,8,47,1,3,1,0,137,2022
202,204,203,Joe Musgrove,SDP,10,7,2.93,30,30,0,0,0,0,0,181.0,740,154,67,59,22,42,1,14,4,0,184,2022
204,206,205,Corbin Burnes,MIL,12,8,2.94,33,33,0,0,0,0,0,202.0,797,144,73,66,23,51,0,13,10,0,243,2022
207,209,208,Triston McKenzie,CLE,11,11,2.96,31,30,0,0,0,0,0,191.1,741,138,65,63,25,44,0,5,8,0,190,2022
212,214,213,Luis Castillo,- - -,8,6,2.99,25,25,0,0,0,0,0,150.1,615,118,56,50,13,45,0,8,0,1,167,2022
220,222,221,Edward Cabrera,MIA,6,4,3.01,14,14,0,0,0,0,0,71.2,291,44,24,24,10,33,0,9,2,0,75,2022
221,223,222,Ross Stripling,TOR,10,4,3.01,32,24,0,0,1,0,0,134.1,536,117,49,45,12,20,0,2,0,0,111,2022
223,225,224,Joey Wentz,DET,2,2,3.03,7,7,0,0,0,0,0,32.2,135,23,13,11,2,13,0,1,2,0,27,2022
226,228,227,Brandon Woodruff,MIL,13,4,3.05,27,27,0,0,0,0,0,153.1,620,122,56,52,18,42,0,5,2,0,190,2022
232,234,233,Jacob deGrom,NYM,5,4,3.08,11,11,0,0,0,0,0,64.1,239,40,22,22,9,8,0,0,0,0,102,2022
233,235,234,Sonny Gray,MIN,8,5,3.08,24,24,0,0,0,0,0,119.2,488,99,44,41,11,36,0,6,3,0,117,2022
235,237,236,Andrew Heaney,LAD,4,4,3.1,16,14,0,0,0,0,0,72.2,310,60,34,25,14,19,0,9,0,0,110,2022
236,238,237,Yu Darvish,SDP,16,8,3.1,30,30,0,0,0,0,0,194.2,771,148,67,67,22,37,0,12,4,1,197,2022
238,240,239,Adrian Sampson,CHC,4,5,3.11,21,19,0,0,0,0,0,104.1,428,101,40,36,10,27,0,2,0,1,73,2022
239,241,240,Javier Assad,CHC,2,2,3.11,9,8,0,0,0,0,0,37.2,166,35,14,13,4,20,0,0,1,0,30,2022
247,249,248,Wade Miley,CHC,2,2,3.16,9,8,0,0,0,0,0,37.0,159,31,20,13,3,14,0,2,1,0,28,2022
248,250,249,Bryce Elder,ATL,2,4,3.17,10,9,1,1,0,0,0,54.0,227,44,19,19,4,23,1,3,0,0,47,2022
249,251,250,Andre Pallante,STL,6,5,3.17,47,10,0,0,0,9,1,108.0,457,113,39,38,9,40,2,1,4,0,73,2022
250,252,251,Luis Severino,NYY,7,3,3.18,19,19,0,0,0,0,0,102.0,405,72,37,36,14,30,0,4,1,0,112,2022
251,253,252,Justin Steele,CHC,4,7,3.18,24,24,0,0,0,0,0,119.0,512,111,53,42,8,50,0,3,4,1,126,2022
255,257,256,John Brebbia,SFG,6,2,3.18,76,11,0,0,0,18,4,68.0,288,71,27,24,5,18,2,1,0,0,54,2022
258,260,259,Kyle Wright,ATL,21,5,3.19,30,30,0,0,0,0,0,180.1,738,156,67,64,19,53,0,9,7,0,174,2022
260,262,261,Logan Gilbert,SEA,13,6,3.2,32,32,0,0,0,0,0,185.2,766,170,71,66,19,49,2,6,5,0,174,2022
261,263,262,Trevor Williams,NYM,3,5,3.21,30,9,0,0,1,1,1,89.2,372,87,34,32,12,23,1,4,1,0,84,2022
262,264,263,Bailey Ober,MIN,2,3,3.21,11,11,0,0,0,0,0,56.0,227,48,22,20,4,11,0,2,0,1,51,2022
263,265,264,Johan Oviedo,- - -,4,3,3.21,21,8,0,0,0,0,0,56.0,242,49,21,20,5,23,0,3,2,1,54,2022
265,267,266,Brady Singer,KCR,10,5,3.23,27,24,0,0,0,0,0,153.1,621,140,58,55,18,35,0,11,3,1,150,2022
266,268,267,Dean Kremer,BAL,8,7,3.23,22,21,1,1,0,0,0,125.1,512,123,48,45,11,34,0,5,5,0,87,2022
268,270,269,Aaron Nola,PHI,11,13,3.25,32,32,2,1,0,0,0,205.0,807,168,75,74,19,29,1,9,2,0,235,2022
275,277,276,Miles Mikolas,STL,12,13,3.29,33,32,1,0,0,0,0,202.1,805,170,81,74,25,39,0,6,1,1,153,2022
280,282,281,Jesus Luzardo,MIA,4,7,3.32,18,18,0,0,0,0,0,100.1,400,69,40,37,10,35,0,2,5,0,120,2022
281,283,282,Michael Wacha,BOS,11,2,3.32,23,23,1,1,0,0,0,127.1,515,111,49,47,18,31,0,4,4,0,104,2022
286,288,287,Kevin Gausman,TOR,12,10,3.35,31,31,0,0,0,0,0,174.2,725,188,72,65,15,28,0,1,2,2,205,2022
287,289,288,Johnny Cueto,CHW,8,10,3.35,25,24,1,0,0,0,0,158.1,651,161,66,59,15,33,2,6,2,1,102,2022
289,291,290,Merrill Kelly,ARI,13,8,3.37,33,33,0,0,0,0,0,200.1,804,167,77,75,21,61,2,2,4,1,177,2022
290,292,291,Blake Snell,SDP,8,10,3.38,24,24,0,0,0,0,0,128.0,535,103,51,48,11,51,0,2,6,0,171,2022
300,302,301,Cal Quantrill,CLE,15,5,3.38,32,32,0,0,0,0,0,186.1,770,178,78,70,21,47,0,10,3,0,128,2022
301,303,302,George Kirby,SEA,8,5,3.39,25,25,0,0,0,0,0,130.0,542,135,54,49,13,22,0,5,4,0,133,2022
306,308,307,Chris Bassitt,NYM,15,9,3.42,30,30,0,0,0,0,0,181.2,745,159,71,69,19,49,0,13,5,1,167,2022
308,310,309,Matt Manning,DET,2,3,3.43,12,12,0,0,0,0,0,63.0,263,55,27,24,6,19,0,1,2,0,48,2022
309,311,310,Garrett Whitlock,BOS,4,2,3.45,31,9,0,0,6,4,2,78.1,311,65,32,30,10,15,0,1,2,0,82,2022
310,312,311,Ryan Pepiot,LAD,3,0,3.47,9,7,0,0,0,0,0,36.1,160,26,15,14,6,27,0,3,1,0,42,2022
311,313,312,Matt Bush,- - -,2,3,3.47,65,6,0,0,3,18,7,59.2,244,43,31,23,11,18,2,3,4,0,74,2022
312,314,313,Drew Smyly,CHC,7,8,3.47,22,22,0,0,0,0,0,106.1,447,101,46,41,16,26,0,5,3,0,91,2022
313,315,314,Nick Martinez,SDP,4,4,3.47,47,10,0,0,8,8,1,106.1,448,96,44,41,15,41,0,4,4,0,95,2022
315,317,316,Jordan Montgomery,- - -,9,6,3.48,32,32,1,1,0,0,0,178.1,724,159,72,69,21,36,0,8,4,0,158,2022
318,320,319,Taijuan Walker,NYM,12,5,3.49,29,29,0,0,0,0,0,157.1,649,143,63,61,15,45,1,6,0,0,132,2022
320,322,321,Gerrit Cole,NYY,13,8,3.5,33,33,0,0,0,0,0,200.2,793,154,81,78,33,50,0,2,2,2,257,2022
322,324,323,Marcus Stroman,CHC,6,7,3.5,25,25,0,0,0,0,0,138.2,569,123,61,54,16,36,0,4,2,2,119,2022
324,326,325,Tarik Skubal,DET,7,8,3.52,21,21,0,0,0,0,0,117.2,477,104,53,46,9,32,0,1,1,0,117,2022
328,330,329,Michael Kopech,CHW,5,9,3.54,25,25,0,0,0,0,0,119.1,494,85,53,47,15,57,0,3,2,2,105,2022
329,331,330,Joe Ryan,MIN,13,8,3.55,27,27,0,0,0,0,0,147.0,604,115,60,58,20,47,0,10,2,0,151,2022
334,336,335,Freddy Peralta,MIL,4,4,3.58,18,17,0,0,0,0,1,78.0,317,54,31,31,6,27,0,3,1,0,86,2022
335,337,336,Braxton Garrett,MIA,3,7,3.58,17,17,0,0,0,0,0,88.0,373,86,38,35,9,24,1,10,2,0,90,2022
341,343,342,Domingo German,NYY,2,5,3.61,15,14,0,0,0,0,0,72.1,298,65,31,29,11,19,0,4,0,1,58,2022
343,345,344,Sammy Long,SFG,1,3,3.61,28,6,0,0,1,0,0,42.1,181,39,23,17,8,14,1,1,3,0,33,2022
348,350,349,Ranger Suarez,PHI,10,7,3.65,29,29,0,0,0,0,0,155.1,662,149,74,63,15,58,0,2,4,2,129,2022
349,351,350,Nick Lodolo,CIN,4,7,3.66,19,19,0,0,0,0,0,103.1,441,90,44,42,13,39,0,19,6,0,131,2022
350,352,351,Zack Greinke,KCR,4,9,3.68,26,26,0,0,0,0,0,137.0,585,157,65,56,14,27,0,3,7,0,73,2022
353,355,354,Eric Lauer,MIL,11,7,3.69,29,29,0,0,0,0,0,158.2,661,135,71,65,27,59,0,2,5,2,157,2022
356,358,357,Adam Wainwright,STL,11,12,3.71,32,32,1,0,0,0,0,191.2,803,192,80,79,16,54,1,7,5,0,143,2022
357,359,358,Devin Smeltzer,MIN,5,2,3.71,15,12,0,0,0,0,0,70.1,287,67,30,29,13,19,0,1,2,0,40,2022
358,360,359,Robbie Ray,SEA,12,12,3.71,32,32,0,0,0,0,0,189.0,775,163,80,78,32,62,0,7,5,0,212,2022
359,361,360,Luis Garcia,HOU,15,8,3.72,28,28,0,0,0,0,0,157.1,643,131,70,65,23,47,0,1,8,1,157,2022
361,363,362,Chris Flexen,SEA,8,9,3.73,33,22,0,0,2,0,0,137.2,590,132,61,57,17,51,3,2,7,0,95,2022
362,364,363,Alex Cobb,SFG,7,8,3.73,28,28,0,0,0,0,0,149.2,631,152,72,62,9,43,0,3,4,1,151,2022
365,367,366,Pablo Lopez,MIA,10,10,3.75,32,32,0,0,0,0,0,180.0,736,157,78,75,21,53,1,8,4,0,174,2022
367,369,368,Keegan Thompson,CHC,10,5,3.76,29,17,0,0,1,0,1,115.0,485,103,54,48,16,43,0,9,5,0,108,2022
370,372,371,Reid Detmers,LAA,7,6,3.77,25,25,1,1,0,0,0,129.0,539,110,56,54,13,46,1,8,2,0,122,2022
372,374,373,Roansy Contreras,PIT,5,5,3.79,21,18,0,0,0,0,0,95.0,408,82,45,40,13,39,1,2,11,0,86,2022
381,383,382,David Peterson,NYM,7,5,3.83,28,19,0,0,0,1,1,105.2,454,93,50,45,11,48,1,7,3,0,126,2022
386,388,387,JP Sears,- - -,6,3,3.86,17,11,0,0,0,0,0,70.0,288,67,31,30,8,23,1,2,0,0,51,2022
387,389,388,Bailey Falter,PHI,6,4,3.86,20,16,0,0,0,0,0,84.0,349,85,39,36,16,17,0,6,2,0,74,2022
394,396,395,Nathan Eovaldi,BOS,6,3,3.87,20,20,2,1,0,0,0,109.1,460,115,55,47,21,20,0,1,2,0,103,2022
396,398,397,Konnor Pilkington,CLE,1,2,3.88,15,11,0,0,0,0,0,58.0,258,53,30,25,6,32,0,2,1,0,50,2022
398,400,399,Mitch Keller,PIT,5,12,3.91,31,29,0,0,0,0,0,159.0,687,162,77,69,14,60,1,12,2,1,138,2022
399,401,400,Jameson Taillon,NYY,14,5,3.91,32,32,0,0,0,0,0,177.1,728,168,78,77,26,32,0,5,3,0,151,2022
402,404,403,Noah Syndergaard,- - -,10,10,3.94,25,24,1,0,0,0,0,134.2,565,138,62,59,14,31,0,4,1,0,95,2022
403,405,404,Jose Urquidy,HOU,13,8,3.94,29,28,0,0,0,0,0,164.1,681,154,74,72,29,38,0,7,5,0,134,2022
407,409,408,Jon Gray,TEX,7,7,3.96,24,24,0,0,0,0,0,127.1,521,105,61,56,17,39,0,6,4,2,134,2022
408,410,409,Jose Suarez,LAA,8,8,3.96,22,20,0,0,0,0,0,109.0,462,103,49,48,14,33,2,4,1,0,103,2022
410,412,411,Carlos Carrasco,NYM,15,7,3.97,29,29,0,0,0,0,0,152.0,645,161,71,67,17,41,2,8,5,0,152,2022
411,413,412,Cole Irvin,OAK,9,13,3.98,30,30,0,0,0,0,0,181.0,741,174,87,80,25,36,3,7,3,0,128,2022
415,417,416,Lance Lynn,CHW,8,7,3.99,21,21,0,0,0,0,0,121.2,512,119,65,54,19,19,0,10,4,0,124,2022
418,420,419,Walker Buehler,LAD,6,3,4.02,12,12,1,1,0,0,0,65.0,274,67,30,29,8,17,0,2,1,0,58,2022
420,422,421,Garrett Hill,DET,3,3,4.03,17,8,0,0,0,1,0,60.1,263,53,29,27,8,29,0,4,2,0,40,2022
424,426,425,Daniel Castano,MIA,1,3,4.04,10,7,0,0,0,0,0,35.2,156,42,20,16,5,9,0,2,2,0,20,2022
426,428,427,Zach Eflin,PHI,3,5,4.04,20,13,0,0,1,2,0,75.2,313,70,38,34,8,15,1,5,0,0,65,2022
429,431,430,Frankie Montas,- - -,5,12,4.05,27,27,0,0,0,0,0,144.1,608,137,72,65,18,43,3,6,7,0,142,2022
430,432,431,Eduardo Rodriguez,DET,5,5,4.05,17,17,0,0,0,0,0,91.0,391,87,49,41,12,34,0,2,1,0,72,2022
431,433,432,Zach Davies,ARI,2,5,4.09,27,27,0,0,0,0,0,134.1,570,122,66,61,21,52,0,2,1,0,102,2022
440,442,441,Marco Gonzales,SEA,10,15,4.13,32,32,0,0,0,0,0,183.0,783,194,97,84,30,50,1,7,1,0,103,2022
448,450,449,Beau Brieske,DET,3,6,4.19,15,15,0,0,0,0,0,81.2,339,73,39,38,14,25,0,1,2,1,54,2022
453,455,454,James Kaprielian,OAK,5,9,4.23,26,26,0,0,0,0,0,134.0,577,121,68,63,16,59,0,5,2,0,98,2022
455,457,456,Michael Lorenzen,LAA,8,6,4.24,18,18,0,0,0,0,0,97.2,411,81,48,46,11,44,0,4,3,0,85,2022
456,458,457,Jack Flaherty,STL,2,1,4.25,9,8,0,0,0,0,0,36.0,167,36,18,17,4,22,0,5,0,0,33,2022
457,459,458,Tyler Wells,BAL,7,7,4.25,23,23,0,0,0,0,0,103.2,423,90,49,49,16,28,0,2,0,0,76,2022
460,462,461,Rich Hill,BOS,8,7,4.27,26,26,0,0,0,0,0,124.1,526,125,67,59,15,37,0,4,0,2,109,2022
461,463,462,Anibal Sanchez,WSN,4,6,4.28,14,14,0,0,0,0,0,69.1,292,55,34,33,13,33,2,4,2,0,48,2022
462,464,463,Paul Blackburn,OAK,7,6,4.28,21,21,0,0,0,0,0,111.1,467,110,53,53,15,30,2,5,1,0,89,2022
464,466,465,Zach Plesac,CLE,3,12,4.31,25,24,0,0,0,0,0,131.2,568,136,74,63,19,38,0,5,4,0,100,2022
468,470,469,Mike Clevinger,SDP,7,7,4.33,23,22,0,0,0,0,0,114.1,485,102,56,55,20,35,0,10,3,0,91,2022
469,471,470,Corey Kluber,TBR,10,10,4.34,31,31,0,0,0,0,0,164.0,689,178,82,79,20,21,0,10,2,0,139,2022
470,472,471,Austin Voth,- - -,5,4,4.34,41,17,0,0,0,1,0,101.2,442,111,52,49,14,31,0,3,5,0,90,2022
471,473,472,Charlie Morton,ATL,9,6,4.34,31,31,0,0,0,0,0,172.0,728,149,85,83,28,63,0,18,4,0,205,2022
479,481,480,Tyler Mahle,- - -,6,8,4.4,23,23,0,0,0,0,0,120.2,503,104,61,59,16,43,0,2,3,1,126,2022
480,482,481,Jake Odorizzi,- - -,6,6,4.4,22,22,0,0,0,0,0,106.1,453,106,58,52,14,35,1,3,2,0,86,2022
483,485,484,Rony Garcia,DET,3,3,4.41,16,8,0,0,0,0,0,51.0,206,40,27,25,9,13,0,4,3,0,48,2022
485,487,486,Jakob Junis,SFG,5,7,4.42,23,17,0,0,0,0,0,112.0,478,120,57,55,13,25,0,4,1,0,98,2022
486,488,487,Jordan Lyles,BAL,12,11,4.42,32,32,1,0,0,0,0,179.0,774,196,94,88,26,52,0,8,5,0,144,2022
489,491,490,Hunter Greene,CIN,5,13,4.44,24,24,1,1,0,0,0,125.2,531,104,64,62,24,48,0,10,4,0,164,2022
492,494,493,Aaron Ashby,MIL,2,10,4.44,27,19,0,0,1,1,0,107.1,475,106,62,53,15,47,0,6,7,1,126,2022
493,495,494,Dakota Hudson,STL,8,7,4.45,27,26,0,0,0,0,0,139.2,596,141,71,69,9,61,0,9,4,0,78,2022
495,497,496,Dane Dunning,TEX,4,8,4.46,29,29,0,0,0,0,0,153.1,671,158,80,76,20,62,0,11,6,0,137,2022
501,503,502,Dustin May,LAD,2,3,4.5,6,6,0,0,0,0,0,30.0,127,21,17,15,3,14,0,5,0,0,29,2022
504,506,505,MacKenzie Gore,SDP,4,4,4.5,16,13,0,0,0,1,0,70.0,309,66,35,35,7,37,0,4,6,0,72,2022
505,507,506,Ryan Yarbrough,TBR,3,8,4.5,20,9,0,0,0,0,0,80.0,355,88,44,40,12,22,0,11,3,0,61,2022
511,513,512,Drew Hutchison,DET,3,9,4.53,28,18,0,0,0,0,0,105.1,464,114,58,53,15,42,1,2,3,0,68,2022
512,514,513,Kyle Freeland,COL,9,11,4.53,31,31,0,0,0,0,0,174.2,766,193,96,88,19,53,0,16,4,0,131,2022
514,516,515,Chris Archer,MIN,2,8,4.56,25,25,0,0,0,0,0,102.2,437,87,56,52,12,48,0,3,3,0,84,2022
515,517,516,Nick Pivetta,BOS,10,12,4.56,33,33,1,0,0,0,0,179.2,773,175,91,91,27,73,0,5,10,1,175,2022
516,518,517,Luis Cessa,CIN,4,4,4.57,46,10,0,0,0,5,1,80.2,336,76,44,41,14,28,0,2,3,0,59,2022
521,523,522,Michael Grove,LAD,1,0,4.6,7,6,0,0,0,0,0,29.1,133,32,21,15,6,10,1,0,2,0,24,2022
526,528,527,Glenn Otto,TEX,7,10,4.64,27,27,0,0,0,0,0,135.2,587,119,74,70,21,62,0,13,5,0,107,2022
530,532,531,JT Brubaker,PIT,3,12,4.69,28,28,0,0,0,0,0,144.0,646,157,85,75,17,54,0,9,6,2,147,2022
532,534,533,Spenser Watkins,BAL,5,6,4.7,23,20,0,0,0,0,0,105.1,459,119,59,55,11,30,0,4,3,1,63,2022
533,535,534,Josh Winder,MIN,4,6,4.7,15,11,0,0,0,0,0,67.0,287,69,37,35,11,18,0,5,2,0,47,2022
534,536,535,Brayan Bello,BOS,2,8,4.71,13,11,1,0,0,0,0,57.1,268,75,34,30,1,27,1,2,2,0,55,2022
538,540,539,Adrian Houser,MIL,6,10,4.73,22,21,0,0,0,0,0,102.2,455,103,66,54,8,47,1,2,2,0,69,2022
540,542,541,Vince Velasquez,CHW,3,3,4.78,27,9,0,0,0,1,0,75.1,319,68,42,40,11,25,0,2,1,1,69,2022
544,546,545,Kyle Hendricks,CHC,4,6,4.8,16,16,0,0,0,0,0,84.1,356,85,45,45,15,24,0,3,0,0,66,2022
545,547,546,Tyler Alexander,DET,4,11,4.81,27,17,0,0,0,1,0,101.0,427,108,58,54,18,25,1,1,0,0,61,2022
547,549,548,Davis Martin,CHW,3,6,4.83,14,9,0,0,0,0,1,63.1,269,63,36,34,8,19,1,3,3,0,48,2022
549,551,550,Jordan Hicks,STL,3,6,4.84,35,8,0,0,0,8,1,61.1,263,46,33,33,5,35,0,7,5,0,63,2022
550,552,551,Paolo Espino,WSN,0,9,4.84,42,19,1,0,0,0,0,113.1,487,131,64,61,24,24,0,2,1,0,92,2022
552,554,553,Madison Bumgarner,ARI,7,15,4.88,30,30,0,0,0,0,0,158.2,698,179,97,86,25,49,0,9,2,0,112,2022
553,555,554,Dylan Bundy,MIN,8,8,4.89,29,29,0,0,0,0,0,140.0,595,151,79,76,24,28,0,3,3,0,94,2022
554,556,555,Graham Ashcraft,CIN,5,6,4.89,19,19,0,0,0,0,0,105.0,464,119,61,57,11,30,1,8,9,0,71,2022
555,557,556,Kyle Bradish,BAL,4,7,4.9,23,23,0,0,0,0,0,117.2,509,119,68,64,17,46,0,7,7,0,111,2022
556,558,557,Lucas Giolito,CHW,11,9,4.9,30,30,0,0,0,0,0,161.2,698,171,92,88,24,61,1,4,3,0,177,2022
565,567,566,Aaron Civale,CLE,5,6,4.92,20,20,0,0,0,0,0,97.0,407,93,58,53,14,22,1,7,1,0,98,2022
566,568,567,Ken Waldichuk,OAK,2,2,4.93,7,7,0,0,0,0,0,34.2,146,32,19,19,5,10,0,4,1,0,33,2022
567,569,568,Cole Ragans,TEX,0,3,4.95,9,9,0,0,0,0,0,40.0,174,43,24,22,6,16,0,0,2,0,27,2022
568,570,569,German Marquez,COL,9,13,4.95,31,31,0,0,0,0,0,181.2,779,185,109,100,30,63,0,4,8,2,150,2022
569,571,570,Sean Manaea,SDP,8,9,4.96,30,28,0,0,0,0,0,158.0,671,155,95,87,29,50,1,3,0,0,156,2022
573,575,574,Ian Anderson,ATL,10,6,5.0,22,22,0,0,0,0,0,111.2,493,115,63,62,12,54,0,1,4,0,97,2022
574,576,575,Shane Baz,TBR,1,2,5.0,6,6,0,0,0,0,0,27.0,117,27,15,15,5,9,0,1,2,0,30,2022
577,579,578,Jose Urena,- - -,3,8,5.01,21,17,0,0,0,0,0,97.0,432,109,62,54,11,43,0,1,2,0,63,2022
579,581,580,Josiah Gray,WSN,7,10,5.02,28,28,0,0,0,0,0,148.2,649,136,84,83,38,66,1,8,7,0,154,2022
582,584,583,Kyle Gibson,PHI,10,8,5.05,31,31,0,0,0,0,0,167.2,718,176,98,94,24,48,0,9,4,0,144,2022
583,585,584,Antonio Senzatela,COL,3,7,5.07,19,19,0,0,0,0,0,92.1,413,133,56,52,9,23,0,3,1,0,54,2022
585,587,586,Brad Keller,KCR,6,14,5.09,35,22,0,0,1,1,0,139.2,617,153,86,79,17,57,1,2,11,0,102,2022
586,588,587,Alex Wood,SFG,8,12,5.1,26,26,0,0,0,0,0,130.2,555,132,78,74,17,30,1,12,4,0,131,2022
587,589,588,Daniel Lynch,KCR,4,13,5.13,27,27,0,0,0,0,0,131.2,600,155,79,75,21,52,2,5,7,2,122,2022
589,591,590,Taylor Hearn,TEX,6,8,5.13,31,13,0,0,1,2,1,100.0,449,107,60,57,11,43,0,3,3,0,97,2022
591,593,592,Tylor Megill,NYM,4,2,5.13,15,9,0,0,0,0,0,47.1,200,46,27,27,7,13,0,1,1,0,51,2022
596,598,597,Zach Thompson,PIT,3,10,5.18,29,22,0,0,0,0,0,121.2,543,138,76,70,19,46,0,3,5,0,90,2022
597,599,598,Yusei Kikuchi,TOR,6,7,5.19,32,20,0,0,1,0,0,100.2,454,93,67,58,23,58,0,9,3,0,124,2022
603,605,604,Jose Berrios,TOR,12,7,5.23,32,32,0,0,0,0,0,172.0,753,199,103,100,29,45,0,11,3,0,149,2022
604,606,605,Tyler Gilbert,ARI,0,3,5.24,8,7,0,0,0,0,0,34.1,146,33,21,20,8,10,1,1,0,0,20,2022
605,607,606,Cory Abbott,WSN,0,5,5.25,16,9,0,0,0,0,0,48.0,216,44,30,28,12,25,0,5,2,0,45,2022
606,608,607,Steven Matz,STL,5,3,5.25,15,10,0,0,0,2,0,48.0,207,50,28,28,8,10,0,2,1,0,54,2022
609,611,610,Jon Heasley,KCR,4,10,5.28,21,21,0,0,0,0,0,104.0,465,108,67,61,19,47,0,6,9,0,70,2022
614,616,615,Tommy Henry,ARI,3,4,5.36,9,9,0,0,0,0,0,47.0,205,47,28,28,10,21,1,3,3,0,36,2022
620,622,621,Jason Alexander,MIL,2,3,5.4,18,11,0,0,0,0,0,71.2,321,88,47,43,12,28,0,4,1,0,46,2022
629,631,630,Mitch White,- - -,1,7,5.45,25,18,0,0,0,0,0,99.0,440,110,62,60,9,35,0,3,5,0,78,2022
630,632,631,Trevor Rogers,MIA,4,11,5.47,23,23,0,0,0,0,0,107.0,477,116,69,65,15,45,0,5,5,0,106,2022
631,633,632,Kutter Crawford,BOS,3,6,5.47,21,12,0,0,0,0,0,77.1,334,81,49,47,12,29,1,2,4,1,77,2022
634,636,635,Bryse Wilson,PIT,3,9,5.52,25,20,0,0,0,0,0,115.2,509,132,80,71,20,32,1,9,2,0,79,2022
635,637,636,Alex Faedo,DET,1,5,5.53,12,12,0,0,0,0,0,53.2,244,63,34,33,7,25,0,1,2,0,44,2022
636,638,637,Austin Gomber,COL,5,7,5.56,33,17,0,0,0,0,0,124.2,529,137,80,77,20,34,1,2,4,0,95,2022
638,640,639,Kris Bubic,KCR,3,13,5.58,28,27,0,0,0,0,0,129.0,587,156,87,80,18,63,0,4,4,1,110,2022
645,647,646,Hyun-Jin Ryu,TOR,2,0,5.67,6,6,0,0,0,0,0,27.0,113,32,17,17,5,4,0,0,0,0,16,2022
646,648,647,Humberto Castellanos,ARI,3,2,5.68,11,9,0,0,0,0,0,44.1,194,50,29,28,7,12,0,4,2,0,32,2022
652,654,653,Chad Kuhl,COL,6,11,5.72,27,27,1,1,0,0,0,137.0,617,155,91,87,25,58,1,5,5,0,110,2022
653,655,654,Daulton Jefferies,OAK,1,7,5.72,8,8,0,0,0,0,0,39.1,172,46,26,25,4,8,0,2,3,0,28,2022
661,663,662,Michael Pineda,DET,2,7,5.79,11,11,0,0,0,0,0,46.2,200,58,31,30,13,8,0,0,0,0,26,2022
663,665,664,Erick Fedde,WSN,6,13,5.81,27,27,0,0,0,0,0,127.0,573,149,84,82,21,58,0,0,6,0,94,2022
665,667,666,Ryan Feltner,COL,4,9,5.83,20,19,0,0,0,0,0,97.1,428,102,65,63,16,35,0,5,4,0,84,2022
671,673,672,Josh Winckowski,BOS,5,7,5.89,15,14,0,0,0,0,0,70.1,316,85,47,46,10,27,1,2,0,0,44,2022
675,677,676,Max Castillo,- - -,0,2,5.95,14,6,0,0,0,0,0,39.1,170,38,28,26,8,15,0,2,2,0,37,2022
676,678,677,Matthew Liberatore,STL,2,2,5.97,9,7,0,0,0,0,0,34.2,161,42,23,23,5,18,0,1,5,0,28,2022
677,679,678,Bruce Zimmermann,BAL,2,5,5.99,15,13,0,0,0,1,0,73.2,320,97,52,49,21,12,0,2,1,0,49,2022
681,683,682,Mike Minor,CIN,4,12,6.06,19,19,0,0,0,0,0,98.0,455,120,72,66,24,40,4,7,2,0,76,2022
686,688,687,Justin Dunn,CIN,1,3,6.1,7,7,0,0,0,0,0,31.0,138,32,21,21,11,17,0,3,0,0,21,2022
694,696,695,Adrian Martinez,OAK,4,6,6.24,12,12,0,0,0,0,0,57.2,259,69,42,40,13,19,1,3,6,1,53,2022
696,698,697,Adam Oller,OAK,2,8,6.3,19,14,0,0,0,1,0,74.1,337,82,55,52,17,39,0,2,4,0,46,2022
697,699,698,Patrick Corbin,WSN,6,19,6.31,31,31,1,0,0,0,0,152.2,713,210,119,107,27,49,1,7,2,0,128,2022
699,701,700,Elieser Hernandez,MIA,3,6,6.35,20,10,0,0,0,0,1,62.1,278,67,48,44,19,22,1,4,1,0,60,2022
704,706,705,Chase Anderson,CIN,2,4,6.38,9,7,0,0,0,0,0,24.0,103,17,18,17,3,15,0,3,0,0,23,2022
714,716,715,Chase Silseth,LAA,1,3,6.59,7,7,0,0,0,0,0,28.2,129,33,21,21,7,12,0,1,2,0,24,2022
715,717,716,Aaron Sanchez,- - -,3,4,6.6,15,10,0,0,0,0,0,60.0,265,78,46,44,8,15,1,5,2,0,41,2022
719,721,720,Tucker Davidson,- - -,2,7,6.75,12,11,0,0,0,0,0,52.0,243,54,39,39,7,35,0,3,1,0,33,2022
730,732,731,Zach Logue,OAK,3,8,6.79,14,10,0,0,0,0,0,57.0,257,68,44,43,13,20,0,2,0,0,42,2022
735,737,736,Joan Adon,WSN,1,12,7.1,14,14,0,0,0,0,0,64.2,310,76,53,51,8,39,1,6,7,0,55,2022
747,749,748,Carlos Hernandez,KCR,0,5,7.39,27,7,0,0,0,1,0,56.0,266,72,48,46,7,31,1,1,3,0,35,2022
748,750,749,Spencer Howard,TEX,2,4,7.41,10,8,0,0,0,0,0,37.2,179,50,33,31,12,15,1,1,1,1,32,2022
755,757,756,Vladimir Gutierrez,CIN,1,6,7.61,10,8,0,0,0,0,0,36.2,179,46,31,31,8,24,1,6,2,0,29,2022
766,768,767,Luis Patino,TBR,1,2,8.1,6,6,0,0,0,0,0,20.0,98,26,18,18,6,13,1,1,0,0,11,2022
791,793,792,Dallas Keuchel,- - -,2,9,9.2,14,14,0,0,0,0,0,60.2,303,94,69,62,11,31,2,0,3,0,45,2022
